<?xml version='1.0'?>
<module>
<exporttime>2014-04-17 10:54:22</exporttime>
<name>PBXManager</name>
<label>PBXManager</label>
<parent>Tools</parent>
<version>2.2</version>
<dependencies>
<vtiger_version>6.0.0</vtiger_version>
<vtiger_max_version>6.*</vtiger_max_version>
</dependencies>
<tables>
<table>
<name>vtiger_pbxmanager</name>
<sql><![CDATA[CREATE TABLE `vtiger_pbxmanager` (
  `pbxmanagerid` int(20) NOT NULL AUTO_INCREMENT,
  `direction` varchar(10) DEFAULT NULL,
  `callstatus` varchar(20) DEFAULT NULL,
  `starttime` datetime DEFAULT NULL,
  `endtime` datetime DEFAULT NULL,
  `totalduration` int(11) DEFAULT NULL,
  `billduration` int(11) DEFAULT NULL,
  `recordingurl` varchar(200) DEFAULT NULL,
  `sourceuuid` varchar(100) DEFAULT NULL,
  `gateway` varchar(20) DEFAULT NULL,
  `customer` varchar(100) DEFAULT NULL,
  `user` varchar(100) DEFAULT NULL,
  `customernumber` varchar(100) DEFAULT NULL,
  `customertype` varchar(100) DEFAULT NULL,
  PRIMARY KEY (`pbxmanagerid`),
  KEY `index_sourceuuid` (`sourceuuid`),
  KEY `index_pbxmanager_id` (`pbxmanagerid`)
) ENGINE=InnoDB AUTO_INCREMENT=22 DEFAULT CHARSET=utf8 COLLATE=utf8_unicode_ci]]></sql>
</table>
<table>
<name>vtiger_pbxmanagercf</name>
<sql><![CDATA[CREATE TABLE `vtiger_pbxmanagercf` (
  `pbxmanagerid` int(11) NOT NULL,
  PRIMARY KEY (`pbxmanagerid`)
) ENGINE=InnoDB DEFAULT CHARSET=utf8 COLLATE=utf8_unicode_ci]]></sql>
</table>
<table>
<name>vtiger_pbxmanager_gateway</name>
<sql><![CDATA[CREATE TABLE `vtiger_pbxmanager_gateway` (
  `id` int(11) NOT NULL AUTO_INCREMENT,
  `gateway` varchar(20) DEFAULT NULL,
  `parameters` text,
  PRIMARY KEY (`id`)
) ENGINE=InnoDB AUTO_INCREMENT=3 DEFAULT CHARSET=utf8 COLLATE=utf8_unicode_ci]]></sql>
</table>
<table>
<name>vtiger_pbxmanager_phonelookup</name>
<sql><![CDATA[CREATE TABLE `vtiger_pbxmanager_phonelookup` (
  `crmid` int(20) DEFAULT NULL,
  `setype` varchar(30) DEFAULT NULL,
  `fnumber` varchar(100) DEFAULT NULL,
  `rnumber` varchar(100) DEFAULT NULL,
  `fieldname` varchar(50) DEFAULT NULL,
  UNIQUE KEY `unique_key` (`crmid`,`setype`,`fieldname`),
  KEY `index_phone_number` (`fnumber`,`rnumber`),
  CONSTRAINT `vtiger_pbxmanager_phonelookup_ibfk_1` FOREIGN KEY (`crmid`) REFERENCES `vtiger_crmentity` (`crmid`) ON DELETE CASCADE
) ENGINE=InnoDB DEFAULT CHARSET=utf8 COLLATE=utf8_unicode_ci]]></sql>
</table>
</tables>
<blocks>
<block>
<label>LBL_PBXMANAGER_INFORMATION</label>
<fields>
<field>
<fieldname>direction</fieldname>
<uitype>1</uitype>
<columnname>direction</columnname>
<columntype>VARCHAR(10)</columntype> 
<tablename>vtiger_pbxmanager</tablename>
<generatedtype>1</generatedtype>
<fieldlabel>Direction</fieldlabel>
<readonly>1</readonly>
<presence>2</presence>
<defaultvalue></defaultvalue>
<sequence>1</sequence>
<maximumlength>100</maximumlength>
<typeofdata>V~O</typeofdata>
<quickcreate>1</quickcreate>
<quickcreatesequence></quickcreatesequence>
<displaytype>1</displaytype>
<info_type>BAS</info_type>
<helpinfo><![CDATA[]]></helpinfo>
<masseditable>1</masseditable>
</field>
<field>
<fieldname>callstatus</fieldname>
<uitype>1</uitype>
<columnname>callstatus</columnname>
<columntype>VARCHAR(20)</columntype>
<tablename>vtiger_pbxmanager</tablename>
<generatedtype>1</generatedtype>
<fieldlabel>Call Status</fieldlabel>
<readonly>1</readonly>
<presence>2</presence>
<defaultvalue></defaultvalue>
<sequence>2</sequence>
<maximumlength>100</maximumlength>
<typeofdata>V~O</typeofdata>
<quickcreate>1</quickcreate>
<quickcreatesequence></quickcreatesequence>
<displaytype>1</displaytype>
<info_type>BAS</info_type>
<helpinfo><![CDATA[]]></helpinfo>
<masseditable>1</masseditable>
<summaryfield>1</summaryfield>
</field>
<field>
<fieldname>starttime</fieldname>
<uitype>70</uitype>
<columnname>starttime</columnname>
<columntype>DATETIME</columntype>
<tablename>vtiger_pbxmanager</tablename>
<generatedtype>1</generatedtype>
<fieldlabel>Start Time</fieldlabel>
<readonly>1</readonly>
<presence>2</presence>
<defaultvalue></defaultvalue>
<sequence>7</sequence>
<maximumlength>100</maximumlength>
<typeofdata>DT~O</typeofdata>
<quickcreate>1</quickcreate>
<quickcreatesequence></quickcreatesequence>
<displaytype>1</displaytype>
<info_type>BAS</info_type>
<helpinfo><![CDATA[]]></helpinfo>
<masseditable>1</masseditable>
<summaryfield>1</summaryfield> 
</field>
<field>
<fieldname>endtime</fieldname>
<uitype>70</uitype>
<columnname>endtime</columnname>
<columntype>DATETIME</columntype>
<tablename>vtiger_pbxmanager</tablename>
<generatedtype>1</generatedtype>
<fieldlabel>End Time</fieldlabel>
<readonly>1</readonly>
<presence>2</presence>
<defaultvalue></defaultvalue>
<sequence>8</sequence>
<maximumlength>100</maximumlength>
<typeofdata>DT~O</typeofdata>
<quickcreate>1</quickcreate>
<quickcreatesequence></quickcreatesequence>
<displaytype>1</displaytype>
<info_type>BAS</info_type>
<helpinfo><![CDATA[]]></helpinfo>
<masseditable>1</masseditable>
</field>
<field>
<fieldname>totalduration</fieldname>
<uitype>7</uitype>
<columnname>totalduration</columnname>
<columntype>INT(11)</columntype>
<tablename>vtiger_pbxmanager</tablename>
<generatedtype>1</generatedtype>
<fieldlabel>Total Duration</fieldlabel>
<readonly>1</readonly>
<presence>2</presence>
<defaultvalue></defaultvalue>
<sequence>10</sequence>
<maximumlength>100</maximumlength>
<typeofdata>I~O</typeofdata>
<quickcreate>1</quickcreate>
<quickcreatesequence></quickcreatesequence>
<displaytype>1</displaytype>
<info_type>BAS</info_type>
<helpinfo><![CDATA[]]></helpinfo>
<masseditable>1</masseditable>
</field>
<field>
<fieldname>billduration</fieldname>
<uitype>7</uitype>
<columnname>billduration</columnname>
<columntype>INT(11)</columntype>
<tablename>vtiger_pbxmanager</tablename>
<generatedtype>1</generatedtype>
<fieldlabel>Bill Duration</fieldlabel>
<readonly>1</readonly>
<presence>2</presence>
<defaultvalue></defaultvalue>
<sequence>11</sequence>
<maximumlength>100</maximumlength>
<typeofdata>I~O</typeofdata>
<quickcreate>1</quickcreate>
<quickcreatesequence></quickcreatesequence>
<displaytype>1</displaytype>
<info_type>BAS</info_type>
<helpinfo><![CDATA[]]></helpinfo>
<masseditable>1</masseditable>
</field>
<field>
<fieldname>recordingurl</fieldname>
<uitype>17</uitype>
<columnname>recordingurl</columnname>
<columntype>VARCHAR(200)</columntype>
<tablename>vtiger_pbxmanager</tablename>
<generatedtype>1</generatedtype>
<fieldlabel>Recording URL</fieldlabel>
<readonly>1</readonly>
<presence>2</presence>
<defaultvalue></defaultvalue>
<sequence>9</sequence>
<maximumlength>100</maximumlength>
<typeofdata>V~O</typeofdata>
<quickcreate>1</quickcreate>
<quickcreatesequence></quickcreatesequence>
<displaytype>1</displaytype>
<info_type>BAS</info_type>
<helpinfo><![CDATA[]]></helpinfo>
<masseditable>1</masseditable>
<summaryfield>1</summaryfield>
</field>
<field>
<fieldname>sourceuuid</fieldname>
<uitype>1</uitype>
<columnname>sourceuuid</columnname>
<columntype>VARCHAR(100)</columntype>
<tablename>vtiger_pbxmanager</tablename>
<generatedtype>1</generatedtype>
<fieldlabel>Source UUID</fieldlabel>
<readonly>1</readonly>
<presence>2</presence>
<defaultvalue></defaultvalue>
<sequence>12</sequence>
<maximumlength>100</maximumlength>
<typeofdata>V~O</typeofdata>
<quickcreate>1</quickcreate>
<quickcreatesequence></quickcreatesequence>
<displaytype>1</displaytype>
<info_type>BAS</info_type>
<helpinfo><![CDATA[]]></helpinfo>
<masseditable>1</masseditable>
</field>
<field>
<fieldname>gateway</fieldname>
<uitype>1</uitype>
<columnname>gateway</columnname>
<columntype>VARCHAR(20)</columntype>
<tablename>vtiger_pbxmanager</tablename>
<generatedtype>1</generatedtype>
<fieldlabel>Gateway</fieldlabel>
<readonly>1</readonly>
<presence>2</presence>
<defaultvalue></defaultvalue>
<sequence>13</sequence>
<maximumlength>100</maximumlength>
<typeofdata>V~O</typeofdata>
<quickcreate>1</quickcreate>
<quickcreatesequence></quickcreatesequence>
<displaytype>1</displaytype>
<info_type>BAS</info_type>
<helpinfo><![CDATA[]]></helpinfo>
<masseditable>1</masseditable>
</field>
<field>
<fieldname>customer</fieldname>
<uitype>10</uitype>
<columnname>customer</columnname>
<columntype>VARCHAR(100)</columntype>
<tablename>vtiger_pbxmanager</tablename>
<generatedtype>1</generatedtype>
<fieldlabel>Customer</fieldlabel>
<readonly>1</readonly>
<presence>2</presence>
<defaultvalue></defaultvalue>
<sequence>3</sequence>
<maximumlength>100</maximumlength>
<typeofdata>V~O</typeofdata>
<quickcreate>1</quickcreate>
<quickcreatesequence></quickcreatesequence>
<displaytype>1</displaytype>
<info_type>BAS</info_type>
<helpinfo><![CDATA[]]></helpinfo>
<masseditable>1</masseditable>
<summaryfield>1</summaryfield>
<relatedmodules>
<relatedmodule>Leads</relatedmodule>
<relatedmodule>Contacts</relatedmodule>
<relatedmodule>Accounts</relatedmodule>
</relatedmodules>
</field>
<field>
<fieldname>user</fieldname>
<uitype>52</uitype>
<columnname>user</columnname>
<columntype>VARCHAR(100)</columntype>
<tablename>vtiger_pbxmanager</tablename>
<generatedtype>1</generatedtype>
<fieldlabel>User</fieldlabel>
<readonly>1</readonly>
<presence>2</presence>
<defaultvalue></defaultvalue>
<sequence>4</sequence>
<maximumlength>100</maximumlength>
<typeofdata>V~O</typeofdata>
<quickcreate>1</quickcreate>
<quickcreatesequence></quickcreatesequence>
<displaytype>1</displaytype>
<info_type>BAS</info_type>
<helpinfo><![CDATA[]]></helpinfo>
<masseditable>1</masseditable>
<summaryfield>1</summaryfield>
</field>
<field>
<fieldname>customernumber</fieldname>
<uitype>11</uitype>
<columnname>customernumber</columnname>
<columntype>VARCHAR(100)</columntype>
<tablename>vtiger_pbxmanager</tablename>
<generatedtype>1</generatedtype>
<fieldlabel>Customer Number</fieldlabel>
<readonly>1</readonly>
<presence>2</presence>
<defaultvalue></defaultvalue>
<sequence>5</sequence>
<maximumlength>100</maximumlength>
<typeofdata>V~M</typeofdata>
<quickcreate>1</quickcreate>
<quickcreatesequence></quickcreatesequence>
<displaytype>1</displaytype>
<info_type>BAS</info_type>
<helpinfo><![CDATA[]]></helpinfo>
<masseditable>1</masseditable>
<entityidentifier>
<entityidfield>pbxmanagerid</entityidfield>
<entityidcolumn>pbxmanagerid</entityidcolumn>
</entityidentifier>
</field>
<field>
<fieldname>customertype</fieldname>
<uitype>1</uitype>
<columnname>customertype</columnname>
<columntype>VARCHAR(100)</columntype>
<tablename>vtiger_pbxmanager</tablename>
<generatedtype>1</generatedtype>
<fieldlabel>Customer Type</fieldlabel>
<readonly>1</readonly>
<presence>2</presence>
<defaultvalue></defaultvalue>
<sequence>6</sequence>
<maximumlength>100</maximumlength>
<typeofdata>V~O</typeofdata>
<quickcreate>1</quickcreate>
<quickcreatesequence></quickcreatesequence>
<displaytype>1</displaytype>
<info_type>BAS</info_type>
<helpinfo><![CDATA[]]></helpinfo>
<masseditable>1</masseditable>
</field>
<field>
<fieldname>assigned_user_id</fieldname>
<uitype>53</uitype>
<columnname>smownerid</columnname>
<columntype>INT(19)</columntype>
<tablename>vtiger_crmentity</tablename>
<generatedtype>1</generatedtype>
<fieldlabel>Assigned To</fieldlabel>
<readonly>1</readonly>
<presence>2</presence>
<defaultvalue></defaultvalue>
<sequence>14</sequence>
<maximumlength>100</maximumlength>
<typeofdata>V~M</typeofdata>
<quickcreate>1</quickcreate>
<quickcreatesequence></quickcreatesequence>
<displaytype>1</displaytype>
<info_type>BAS</info_type>
<helpinfo><![CDATA[]]></helpinfo>
<masseditable>1</masseditable>
</field>
<field>
<fieldname>CreatedTime</fieldname>
<uitype>70</uitype>
<columnname>createdtime</columnname>
<columntype>DATETIME</columntype>
<tablename>vtiger_crmentity</tablename>
<generatedtype>1</generatedtype>
<fieldlabel>Created Time</fieldlabel>
<readonly>1</readonly>
<presence>2</presence>
<defaultvalue></defaultvalue>
<sequence>15</sequence>
<maximumlength>100</maximumlength>
<typeofdata>DT~O</typeofdata>
<quickcreate>1</quickcreate>
<quickcreatesequence></quickcreatesequence>
<displaytype>2</displaytype>
<info_type>BAS</info_type>
<helpinfo><![CDATA[]]></helpinfo>
<masseditable>1</masseditable>
</field>
<field>
<fieldname>ModifiedTime</fieldname>
<uitype>70</uitype>
<columnname>modifiedtime</columnname>
<columntype>DATETIME</columntype>
<tablename>vtiger_crmentity</tablename>
<generatedtype>1</generatedtype>
<fieldlabel>Modified Time</fieldlabel>
<readonly>1</readonly>
<presence>2</presence>
<defaultvalue></defaultvalue>
<sequence>16</sequence>
<maximumlength>100</maximumlength>
<typeofdata>DT~O</typeofdata>
<quickcreate>1</quickcreate>
<quickcreatesequence></quickcreatesequence>
<displaytype>2</displaytype>
<info_type>BAS</info_type>
<helpinfo><![CDATA[]]></helpinfo>
<masseditable>1</masseditable>
</field>
</fields>
</block>
</blocks>
<customviews>
<customview>
<viewname>All</viewname>
<setdefault>true</setdefault>
<setmetrics>false</setmetrics>
<fields>
<field>
<fieldname>callstatus</fieldname>
<columnindex>0</columnindex>
</field>
<field>
<fieldname>customernumber</fieldname>
<columnindex>1</columnindex>
</field>
<field>
<fieldname>customer</fieldname>
<columnindex>2</columnindex>
</field>
<field>
<fieldname>user</fieldname>
<columnindex>3</columnindex>
</field>
<field>
<fieldname>recordingurl</fieldname>
<columnindex>4</columnindex>
</field>
<field>
<fieldname>totalduration</fieldname>
<columnindex>5</columnindex>
</field>
<field>
<fieldname>starttime</fieldname>
<columnindex>6</columnindex>
</field>
</fields>
</customview>
</customviews>
<sharingaccess>
<default>private</default>
</sharingaccess>
<actions>
<action>
<name><![CDATA[ReceiveIncomingCalls]]></name>
<status>enabled</status>
</action>
<action>
<name><![CDATA[MakeOutgoingCalls]]></name>
<status>enabled</status>
</action>
</actions>
<crons>
</crons>
</module>
