<?xml version='1.0'?>
<module>
<exporttime>20-01-28 08:18:37</exporttime>
<name>CustomerPortal</name>
<label>CustomerPortal</label>
<parent></parent>
<type>extension</type>
<version>1.5</version>
<dependencies>
<vtiger_version>6.0.0rc</vtiger_version>
<vtiger_max_version>6.*</vtiger_max_version>
</dependencies>
<migrations>
	<migration version='1.0'>		
	</migration>
	<migration version='1.1'>		
	</migration>	
</migrations>
<tables>
	<table>
	<name>vtiger_customerportal_fields</name>
	<sql><![CDATA[CREATE TABLE `vtiger_customerportal_fields` (
	  `tabid` int(19) NOT NULL,
	  `fieldid` int(19) default NULL,
	  `visible` int(1) default NULL
	) ENGINE=InnoDB DEFAULT CHARSET=utf8 COLLATE=utf8_unicode_ci]]></sql>
	</table>
</tables>
</module>
