-- phpMyAdmin SQL Dump
-- version 3.4.11.1deb2+deb7u8
-- http://www.phpmyadmin.net
--
-- Host: localhost
-- Generation Time: Mar 26, 2018 at 04:24 PM
-- Server version: 5.5.59
-- PHP Version: 5.4.45-0+deb7u12

SET SQL_MODE="NO_AUTO_VALUE_ON_ZERO";
SET time_zone = "+00:00";


/*!40101 SET @OLD_CHARACTER_SET_CLIENT=@@CHARACTER_SET_CLIENT */;
/*!40101 SET @OLD_CHARACTER_SET_RESULTS=@@CHARACTER_SET_RESULTS */;
/*!40101 SET @OLD_COLLATION_CONNECTION=@@COLLATION_CONNECTION */;
/*!40101 SET NAMES utf8 */;

--
-- Database: `alex27`
--

-- --------------------------------------------------------

--
-- Table structure for table `berli_dynamic_blocks`
--

CREATE TABLE IF NOT EXISTS `berli_dynamic_blocks` (
  `moduleid` int(19) NOT NULL,
  `picklistid` int(19) NOT NULL,
  `picklistvalueid` int(19) NOT NULL,
  `blockid` int(19) NOT NULL,
  `initialstatus` int(1) NOT NULL,
  `blocked` int(1) NOT NULL,
  PRIMARY KEY (`moduleid`,`picklistid`,`picklistvalueid`,`blockid`),
  KEY `picklistid` (`picklistid`)
) ENGINE=InnoDB DEFAULT CHARSET=utf8 COLLATE=utf8_unicode_ci;

-- --------------------------------------------------------

--
-- Table structure for table `com_vtiger_workflows`
--

CREATE TABLE IF NOT EXISTS `com_vtiger_workflows` (
  `workflow_id` int(11) NOT NULL AUTO_INCREMENT,
  `module_name` varchar(100) COLLATE utf8_unicode_ci DEFAULT NULL,
  `summary` varchar(400) COLLATE utf8_unicode_ci NOT NULL,
  `test` text COLLATE utf8_unicode_ci,
  `execution_condition` int(11) NOT NULL,
  `defaultworkflow` int(1) DEFAULT NULL,
  `type` varchar(255) COLLATE utf8_unicode_ci DEFAULT NULL,
  `filtersavedinnew` int(1) DEFAULT NULL,
  `schtypeid` int(10) DEFAULT NULL,
  `schdayofmonth` varchar(100) COLLATE utf8_unicode_ci DEFAULT NULL,
  `schdayofweek` varchar(100) COLLATE utf8_unicode_ci DEFAULT NULL,
  `schannualdates` varchar(100) COLLATE utf8_unicode_ci DEFAULT NULL,
  `schtime` varchar(50) COLLATE utf8_unicode_ci DEFAULT NULL,
  `nexttrigger_time` datetime DEFAULT NULL,
  PRIMARY KEY (`workflow_id`),
  UNIQUE KEY `com_vtiger_workflows_idx` (`workflow_id`)
) ENGINE=InnoDB  DEFAULT CHARSET=utf8 COLLATE=utf8_unicode_ci AUTO_INCREMENT=25 ;

--
-- Dumping data for table `com_vtiger_workflows`
--

INSERT INTO `com_vtiger_workflows` (`workflow_id`, `module_name`, `summary`, `test`, `execution_condition`, `defaultworkflow`, `type`, `filtersavedinnew`, `schtypeid`, `schdayofmonth`, `schdayofweek`, `schannualdates`, `schtime`, `nexttrigger_time`) VALUES
(1, 'Invoice', 'LBL_INVENTORY_UPDATE', '[{"fieldname":"subject","operation":"does not contain","value":"`!`"}]', 3, 1, 'basic', 5, NULL, NULL, NULL, NULL, NULL, NULL),
(2, 'Accounts', 'LBL_SEND_OWNER_EMAIL', '[{"fieldname":"notify_owner","operation":"is","value":"true:boolean"}]', 2, 1, 'basic', 5, NULL, NULL, NULL, NULL, NULL, NULL),
(3, 'Contacts', 'LBL_SEND_OWNER_EMAIL', '[{"fieldname":"notify_owner","operation":"is","value":"true:boolean"}]', 2, 1, 'basic', 5, NULL, NULL, NULL, NULL, NULL, NULL),
(4, 'Contacts', 'LBL_SEND_PORTAL_EMAIL', '[{"fieldname":"portal","operation":"is","value":"true:boolean"}]', 2, 1, 'basic', 5, NULL, NULL, NULL, NULL, NULL, NULL),
(5, 'Potentials', 'LBL_SEND_POTENTIAL_EMAIL', NULL, 1, 1, 'basic', 5, NULL, NULL, NULL, NULL, NULL, NULL),
(6, 'Contacts', 'LBL_CONT_CRE_OR_MOD', '', 3, 1, 'basic', 5, NULL, NULL, NULL, NULL, NULL, NULL),
(7, 'HelpDesk', 'Ticket Creation From Portal : Send Email to Record Owner and Contact', '[{"fieldname":"from_portal","operation":"is","value":1,"valuetype":"rawtext","joincondition":"and","groupjoin":"and","groupid":0},{"fieldname":"from_portal","operation":"is","value":"1","valuetype":"rawtext","joincondition":"","groupjoin":"and","groupid":"0"}]', 1, 1, 'basic', 6, NULL, NULL, NULL, NULL, NULL, NULL),
(9, 'HelpDesk', 'Send Email to Contact on Ticket Update', '[{"fieldname":"(contact_id : (Contacts) emailoptout)","operation":"is","value":"0","valuetype":"rawtext","joincondition":"and","groupjoin":"and","groupid":"0"},{"fieldname":"from_portal","operation":"is","value":0,"valuetype":"rawtext","joincondition":"and","groupjoin":"and","groupid":0},{"fieldname":"ticketstatus","operation":"has changed to","value":"Closed","valuetype":"rawtext","joincondition":"or","groupjoin":"and","groupid":"1"},{"fieldname":"solution","operation":"has changed","value":"","valuetype":"","joincondition":"or","groupjoin":"and","groupid":"1"},{"fieldname":"description","operation":"has changed","value":"","valuetype":"","joincondition":"or","groupjoin":"and","groupid":"1"}]', 3, 1, 'basic', 6, NULL, NULL, NULL, NULL, NULL, NULL),
(10, 'Events', 'LBL_EVENT_NOTIFY_EMAIL', '[{"fieldname":"sendnotification","operation":"is","value":"true:boolean"}]', 3, 1, 'basic', 5, NULL, NULL, NULL, NULL, NULL, NULL),
(11, 'Calendar', 'LBL_TASK_NOTIFY_EMAIL', '[{"fieldname":"sendnotification","operation":"is","value":"true:boolean"}]', 3, 1, 'basic', 5, NULL, NULL, NULL, NULL, NULL, NULL),
(12, 'Potentials', 'LBL_CALC_FORECAST', '', 3, 1, 'basic', 5, NULL, NULL, NULL, NULL, NULL, NULL),
(13, 'Events', 'Workflow for Events when Send Notification is True', '[{"fieldname":"sendnotification","operation":"is","value":"true:boolean"}]', 3, 1, 'basic', 5, NULL, NULL, NULL, NULL, NULL, NULL),
(14, 'Calendar', 'Workflow for Calendar Todos when Send Notification is True', '[{"fieldname":"sendnotification","operation":"is","value":"true:boolean"}]', 3, 1, 'basic', 5, NULL, NULL, NULL, NULL, NULL, NULL),
(15, 'HelpDesk', 'LBL_COMMENT_ORG_EMAIL', '[{"fieldname":"_VT_add_comment","operation":"is added","value":"","valuetype":"rawtext","joincondition":"","groupjoin":"and","groupid":"0"},{"fieldname":"from_portal","operation":"is","value":"0","valuetype":"rawtext","joincondition":"","groupjoin":"and","groupid":"0"},{"fieldname":"(parent_id : (Accounts) emailoptout)","operation":"is","value":"0","valuetype":"rawtext","joincondition":"and","groupjoin":"and","groupid":"0"}]', 3, 1, 'basic', 6, NULL, NULL, NULL, NULL, NULL, NULL),
(16, 'PurchaseOrder', 'LBL_PO_INVENTORY_UPDATE', NULL, 3, 1, 'basic', 5, NULL, NULL, NULL, NULL, NULL, NULL),
(17, 'HelpDesk', 'LBL_COMMENT_PORTAL_EMAIL', '[{"fieldname":"_VT_add_comment","operation":"is added","value":"","valuetype":"rawtext","joincondition":"","groupjoin":"and","groupid":"0"},{"fieldname":"from_portal","operation":"is","value":"1","valuetype":"rawtext","joincondition":"","groupjoin":"and","groupid":"0"}]', 3, 1, 'basic', 6, NULL, NULL, NULL, NULL, NULL, NULL),
(18, 'HelpDesk', 'LBL_COMMENT_CRM_EMAIL', '[{"fieldname":"(contact_id : (Contacts) portal)","operation":"is","value":"0","valuetype":"rawtext","joincondition":"and","groupjoin":"and","groupid":"0"},{"fieldname":"_VT_add_comment","operation":"is added","value":"","valuetype":"rawtext","joincondition":"","groupjoin":"and","groupid":"0"},{"fieldname":"from_portal","operation":"is","value":"0","valuetype":"rawtext","joincondition":"","groupjoin":"and","groupid":"0"},{"fieldname":"(contact_id : (Contacts) emailoptout)","operation":"is","value":"0","valuetype":"rawtext","joincondition":"and","groupjoin":"and","groupid":"0"}]', 3, 1, 'basic', 6, NULL, NULL, NULL, NULL, NULL, NULL),
(19, 'HelpDesk', 'LBL_COMMENT_CRM_PORTAL_EMAIL', '[{"fieldname":"(contact_id : (Contacts) portal)","operation":"is","value":"1","valuetype":"rawtext","joincondition":"and","groupjoin":"and","groupid":"0"},{"fieldname":"_VT_add_comment","operation":"is added","value":"","valuetype":"rawtext","joincondition":"","groupjoin":"and","groupid":"0"},{"fieldname":"from_portal","operation":"is","value":"0","valuetype":"rawtext","joincondition":"","groupjoin":"and","groupid":"0"},{"fieldname":"(contact_id : (Contacts) emailoptout)","operation":"is","value":"0","valuetype":"rawtext","joincondition":"and","groupjoin":"and","groupid":"0"}]', 3, 1, 'basic', 6, NULL, NULL, NULL, NULL, NULL, NULL),
(20, 'HelpDesk', 'LBL_TICKET_UPDATE_OWNER_EMAIL', '[{"fieldname":"from_portal","operation":"is","value":0,"valuetype":"rawtext","joincondition":"and","groupjoin":"and","groupid":0},{"fieldname":"ticketstatus","operation":"has changed to","value":"Closed","valuetype":"rawtext","joincondition":"or","groupjoin":"and","groupid":"1"},{"fieldname":"solution","operation":"has changed","value":"","valuetype":"","joincondition":"or","groupjoin":"and","groupid":"1"},{"fieldname":"assigned_user_id","operation":"has changed","value":"","valuetype":"","joincondition":"or","groupjoin":"and","groupid":"1"},{"fieldname":"description","operation":"has changed","value":"","valuetype":"","joincondition":"or","groupjoin":"and","groupid":"1"}]', 3, 1, 'basic', 6, NULL, NULL, NULL, NULL, NULL, NULL),
(21, 'HelpDesk', 'LBL_TICKET_CREATE_OWNER_EMAIL', '[{"fieldname":"from_portal","operation":"is","value":"0","valuetype":"rawtext","joincondition":"","groupjoin":"and","groupid":"0"}]', 1, 1, 'basic', 6, NULL, NULL, NULL, NULL, NULL, NULL),
(22, 'HelpDesk', 'Send Email to Organization on Ticket Update', '[{"fieldname":"(parent_id : (Accounts) emailoptout)","operation":"is","value":"0","valuetype":"rawtext","joincondition":"and","groupjoin":"and","groupid":"0"},{"fieldname":"from_portal","operation":"is","value":0,"valuetype":"rawtext","joincondition":"and","groupjoin":"and","groupid":0},{"fieldname":"ticketstatus","operation":"has changed to","value":"Closed","valuetype":"rawtext","joincondition":"or","groupjoin":"and","groupid":"1"},{"fieldname":"solution","operation":"has changed","value":"","valuetype":"","joincondition":"or","groupjoin":"and","groupid":"1"},{"fieldname":"description","operation":"has changed","value":"","valuetype":"","joincondition":"or","groupjoin":"and","groupid":"1"}]', 3, 1, 'basic', 6, NULL, NULL, NULL, NULL, NULL, NULL),
(23, 'HelpDesk', 'Ticket Creation From CRM : Send Email to Organization', '[{"fieldname":"(parent_id : (Accounts) emailoptout)","operation":"is","value":"0","valuetype":"rawtext","joincondition":"and","groupjoin":"and","groupid":"0"},{"fieldname":"from_portal","operation":"is","value":"0","valuetype":"rawtext","joincondition":"","groupjoin":"and","groupid":"0"}]', 1, 1, 'basic', 6, NULL, NULL, NULL, NULL, NULL, NULL),
(24, 'HelpDesk', 'Ticket Creation From CRM : Send Email to Contact', '[{"fieldname":"(contact_id : (Contacts) emailoptout)","operation":"is","value":"0","valuetype":"rawtext","joincondition":"and","groupjoin":"and","groupid":"0"},{"fieldname":"from_portal","operation":"is","value":"0","valuetype":"rawtext","joincondition":"","groupjoin":"and","groupid":"0"}]', 1, 1, 'basic', 6, NULL, NULL, NULL, NULL, NULL, NULL);

-- --------------------------------------------------------

--
-- Table structure for table `com_vtiger_workflows_seq`
--

CREATE TABLE IF NOT EXISTS `com_vtiger_workflows_seq` (
  `id` int(11) NOT NULL
) ENGINE=InnoDB DEFAULT CHARSET=utf8 COLLATE=utf8_unicode_ci;

--
-- Dumping data for table `com_vtiger_workflows_seq`
--

INSERT INTO `com_vtiger_workflows_seq` (`id`) VALUES
(24);

-- --------------------------------------------------------

--
-- Table structure for table `com_vtiger_workflowtasks`
--

CREATE TABLE IF NOT EXISTS `com_vtiger_workflowtasks` (
  `task_id` int(11) NOT NULL AUTO_INCREMENT,
  `workflow_id` int(11) DEFAULT NULL,
  `summary` varchar(400) COLLATE utf8_unicode_ci NOT NULL,
  `task` mediumtext COLLATE utf8_unicode_ci,
  PRIMARY KEY (`task_id`),
  UNIQUE KEY `com_vtiger_workflowtasks_idx` (`task_id`)
) ENGINE=InnoDB  DEFAULT CHARSET=utf8 COLLATE=utf8_unicode_ci AUTO_INCREMENT=29 ;

--
-- Dumping data for table `com_vtiger_workflowtasks`
--

INSERT INTO `com_vtiger_workflowtasks` (`task_id`, `workflow_id`, `summary`, `task`) VALUES
(1, 1, '', 'O:18:"VTEntityMethodTask":6:{s:18:"executeImmediately";b:1;s:10:"workflowId";i:1;s:7:"summary";s:0:"";s:6:"active";b:1;s:10:"methodName";s:15:"UpdateInventory";s:2:"id";i:1;}'),
(2, 2, 'An account has been created ', 'O:11:"VTEmailTask":9:{s:18:"executeImmediately";s:0:"";s:10:"workflowId";s:1:"2";s:7:"summary";s:28:"An account has been created ";s:6:"active";s:1:"1";s:10:"methodName";s:11:"NotifyOwner";s:9:"recepient";s:36:"$(assigned_user_id : (Users) email1)";s:7:"subject";s:26:"Regarding Account Creation";s:7:"content";s:297:"An Account has been assigned to you on the CRM<br>Details of account are:<br><br>Account Id: <b>$account_no</b><br>Account Name: <b>$accountname</b><br>Rating: <b>$rating</b><br>Industry: <b>$industry</b><br>Account Type: <b>$accounttype</b><br>Description:<b>$description</b><br><br><br>Thank You";s:2:"id";s:1:"2";}'),
(3, 3, 'A contact has been created ', 'O:11:"VTEmailTask":9:{s:18:"executeImmediately";s:0:"";s:10:"workflowId";s:1:"3";s:7:"summary";s:27:"A contact has been created ";s:6:"active";s:1:"1";s:10:"methodName";s:11:"NotifyOwner";s:9:"recepient";s:36:"$(assigned_user_id : (Users) email1)";s:7:"subject";s:26:"Regarding Contact Creation";s:7:"content";s:302:"A Contact has been assigned to you on the CRM<br>Details of Contact are :<br><br>Contact Id:<b>$contact_no</b><br>LastName:<b>$lastname</b><br>FirstName:<b>$firstname</b><br>Lead Source:<b>$leadsource</b><br>Department:<b>$department</b><br>Description:<b>$description</b><br><br><br>Thank You<br>Admin";s:2:"id";s:1:"3";}'),
(4, 4, 'Email Customer Portal Login Details', 'O:18:"VTEntityMethodTask":6:{s:18:"executeImmediately";b:1;s:10:"workflowId";i:4;s:7:"summary";s:35:"Email Customer Portal Login Details";s:6:"active";b:1;s:10:"methodName";s:22:"SendPortalLoginDetails";s:2:"id";i:4;}'),
(5, 5, 'A Potential has been created ', 'O:11:"VTEmailTask":8:{s:18:"executeImmediately";s:0:"";s:10:"workflowId";s:1:"5";s:7:"summary";s:29:"A Potential has been created ";s:6:"active";s:1:"1";s:9:"recepient";s:36:"$(assigned_user_id : (Users) email1)";s:7:"subject";s:30:"Regarding Potential Assignment";s:7:"content";s:340:"An Potential has been assigned to you on the CRM<br>Details of Potential are :<br><br>Potential No:<b>$potential_no</b><br>Potential Name:<b>$potentialname</b><br>Amount:<b>$amount</b><br>Expected Close Date:<b>$closingdate ($_DATE_FORMAT_)</b><br>Type:<b>$opportunity_type</b><br><br><br>Description :$description<br><br>Thank You<br>Admin";s:2:"id";s:1:"5";}'),
(6, 6, 'A contact has been created ', 'O:11:"VTEmailTask":8:{s:18:"executeImmediately";s:0:"";s:10:"workflowId";s:1:"6";s:7:"summary";s:27:"A contact has been created ";s:6:"active";s:1:"1";s:9:"recepient";s:36:"$(assigned_user_id : (Users) email1)";s:7:"subject";s:28:"Regarding Contact Assignment";s:7:"content";s:265:"A Contact has been assigned to you on the CRM<br>The Details of the Contact are:<br><br>Contact Id:<b>$contact_no</b><br>LastName:<b>$lastname</b><br>FirstName:<b>$firstname</b><br>Lead Source:<b>$leadsource</b><br>Department:<b>$department</b><br><br>Thank You<br>";s:2:"id";s:1:"6";}'),
(7, 7, 'Notify Related Contact when Ticket is created from Portal', 'O:11:"VTEmailTask":9:{s:18:"executeImmediately";s:1:"0";s:7:"summary";s:57:"Notify Related Contact when Ticket is created from Portal";s:6:"active";s:1:"1";s:2:"id";s:1:"7";s:10:"workflowId";s:1:"7";s:9:"fromEmail";s:93:"$(general : (__VtigerMeta__) supportName)&lt;$(general : (__VtigerMeta__) supportEmailId)&gt;";s:9:"recepient";s:33:",$(contact_id : (Contacts) email)";s:7:"subject";s:93:"[From Portal] $ticket_no [ Ticket Id : $(general : (__VtigerMeta__) recordId) ] $ticket_title";s:7:"content";s:161:"Ticket No : $ticket_no<br>\r\n							  Ticket ID : $(general : (__VtigerMeta__) recordId)<br>\r\n							  Ticket Title : $ticket_title<br><br>\r\n							  $description";}'),
(10, 9, 'Send Email to Contact on Ticket Update', 'O:11:"VTEmailTask":9:{s:18:"executeImmediately";s:1:"0";s:7:"summary";s:38:"Send Email to Contact on Ticket Update";s:6:"active";s:1:"1";s:2:"id";s:2:"10";s:9:"fromEmail";s:93:"$(general : (__VtigerMeta__) supportName)&lt;$(general : (__VtigerMeta__) supportEmailId)&gt;";s:9:"recepient";s:33:",$(contact_id : (Contacts) email)";s:7:"subject";s:79:"$ticket_no [ Ticket Id : $(general : (__VtigerMeta__) recordId) ] $ticket_title";s:7:"content";s:636:"Ticket ID : $(general : (__VtigerMeta__) recordId)<br>Ticket Title : $ticket_title<br><br>\r\n								Dear $(contact_id : (Contacts) lastname) $(contact_id : (Contacts) firstname),<br><br>\r\n								The Ticket is replied the details are :<br><br>\r\n								Ticket No : $ticket_no<br>\r\n								Status : $ticketstatus<br>\r\n								Category : $ticketcategories<br>\r\n								Severity : $ticketseverities<br>\r\n								Priority : $ticketpriorities<br><br>\r\n								Description : <br>$description<br><br>\r\n								Solution : <br>$solution<br>\r\n								The comments are : <br>\r\n								$allComments<br><br>\r\n								Regards<br>Support Administrator";s:10:"workflowId";s:1:"9";}'),
(13, 12, 'update forecast amount', 'O:18:"VTUpdateFieldsTask":6:{s:18:"executeImmediately";b:1;s:10:"workflowId";i:12;s:7:"summary";s:22:"update forecast amount";s:6:"active";b:1;s:19:"field_value_mapping";s:95:"[{"fieldname":"forecast_amount","valuetype":"expression","value":"amount * probability / 100"}]";s:2:"id";i:13;}'),
(14, 13, 'Send Notification Email to Record Owner', 'O:11:"VTEmailTask":8:{s:18:"executeImmediately";s:0:"";s:10:"workflowId";s:2:"13";s:7:"summary";s:39:"Send Notification Email to Record Owner";s:6:"active";s:1:"1";s:9:"recepient";s:36:"$(assigned_user_id : (Users) email1)";s:7:"subject";s:17:"Event :  $subject";s:7:"content";s:771:"$(assigned_user_id : (Users) last_name) $(assigned_user_id : (Users) first_name) ,<br/><b>Activity Notification Details:</b><br/>Subject             : $subject<br/>Start date and time : $date_start ($(general : (__VtigerMeta__) usertimezone))<br/>End date and time   : $due_date ($(general : (__VtigerMeta__) usertimezone)) <br/>Status              : $eventstatus <br/>Priority            : $taskpriority <br/>Related To          : $(parent_id : (Leads) lastname) $(parent_id : (Leads) firstname) $(parent_id : (Accounts) accountname) $(parent_id : (Potentials) potentialname) $(parent_id : (HelpDesk) ticket_title) $(parent_id : (Campaigns) campaignname) <br/>Contacts List       : $contact_id <br/>Location            : $location <br/>Description         : $description";s:2:"id";s:2:"14";}'),
(15, 14, 'Send Notification Email to Record Owner', 'O:11:"VTEmailTask":8:{s:18:"executeImmediately";s:0:"";s:10:"workflowId";s:2:"14";s:7:"summary";s:39:"Send Notification Email to Record Owner";s:6:"active";s:1:"1";s:9:"recepient";s:36:"$(assigned_user_id : (Users) email1)";s:7:"subject";s:16:"Task :  $subject";s:7:"content";s:689:"$(assigned_user_id : (Users) last_name) $(assigned_user_id : (Users) first_name) ,<br/><b>Task Notification Details:</b><br/>Subject : $subject<br/>Start date and time : $date_start ($(general : (__VtigerMeta__) usertimezone))<br/>End date and time   : $due_date ($_DATE_FORMAT_) <br/>Status              : $taskstatus <br/>Priority            : $taskpriority <br/>Related To          : $(parent_id : (Leads) lastname) $(parent_id : (Leads) firstname) $(parent_id : (Accounts) accountname) $(parent_id : (Potentials) potentialname) $(parent_id : (HelpDesk) ticket_title) $(parent_id : (Campaigns) campaignname) <br/>Contacts List       : $contact_id <br/>Description         : $description";s:2:"id";s:2:"15";}'),
(18, 16, 'Update Inventory Products', 'O:18:"VTEntityMethodTask":6:{s:18:"executeImmediately";b:1;s:10:"workflowId";i:16;s:7:"summary";s:25:"Update Inventory Products";s:6:"active";b:1;s:10:"methodName";s:15:"UpdateInventory";s:2:"id";i:18;}'),
(19, 17, 'Comment Added From Portal : Send Email to Record Owner', 'O:11:"VTEmailTask":9:{s:18:"executeImmediately";s:1:"0";s:7:"summary";s:54:"Comment Added From Portal : Send Email to Record Owner";s:6:"active";s:1:"1";s:2:"id";s:2:"19";s:10:"workflowId";s:2:"17";s:9:"fromEmail";s:112:"$(contact_id : (Contacts) lastname) $(contact_id : (Contacts) firstname)&lt;$(contact_id : (Contacts) email)&gt;";s:9:"recepient";s:37:",$(assigned_user_id : (Users) email1)";s:7:"subject";s:92:"Respond to Ticket ID## $(general : (__VtigerMeta__) recordId) ## in Customer Portal - URGENT";s:7:"content";s:329:"Dear $(assigned_user_id : (Users) last_name) $(assigned_user_id : (Users) first_name),<br><br>\r\n								Customer has provided the following additional information to your reply:<br><br>\r\n								<b>$lastComment</b><br><br>\r\n								Kindly respond to above ticket at the earliest.<br><br>\r\n								Regards<br>Support Administrator";}'),
(20, 18, 'Comment Added From CRM : Send Email to Contact, where Contact is not a Portal User', 'O:11:"VTEmailTask":9:{s:18:"executeImmediately";s:1:"0";s:7:"summary";s:82:"Comment Added From CRM : Send Email to Contact, where Contact is not a Portal User";s:6:"active";s:1:"1";s:2:"id";s:2:"20";s:10:"workflowId";s:2:"18";s:9:"fromEmail";s:93:"$(general : (__VtigerMeta__) supportName)&lt;$(general : (__VtigerMeta__) supportEmailId)&gt;";s:9:"recepient";s:33:",$(contact_id : (Contacts) email)";s:7:"subject";s:79:"$ticket_no [ Ticket Id : $(general : (__VtigerMeta__) recordId) ] $ticket_title";s:7:"content";s:525:"Dear $(contact_id : (Contacts) lastname) $(contact_id : (Contacts) firstname),<br><br>\r\n							The Ticket is replied the details are :<br><br>\r\n							Ticket No : $ticket_no<br>\r\n							Status : $ticketstatus<br>\r\n							Category : $ticketcategories<br>\r\n							Severity : $ticketseverities<br>\r\n							Priority : $ticketpriorities<br><br>\r\n							Description : <br>$description<br><br>\r\n							Solution : <br>$solution<br>\r\n							The comments are : <br>\r\n							$allComments<br><br>\r\n							Regards<br>Support Administrator";}'),
(21, 19, 'Comment Added From CRM : Send Email to Contact, where Contact is Portal User', 'O:11:"VTEmailTask":9:{s:18:"executeImmediately";s:1:"0";s:7:"summary";s:76:"Comment Added From CRM : Send Email to Contact, where Contact is Portal User";s:6:"active";s:1:"1";s:2:"id";s:2:"21";s:10:"workflowId";s:2:"19";s:9:"fromEmail";s:93:"$(general : (__VtigerMeta__) supportName)&lt;$(general : (__VtigerMeta__) supportEmailId)&gt;";s:9:"recepient";s:33:",$(contact_id : (Contacts) email)";s:7:"subject";s:79:"$ticket_no [ Ticket Id : $(general : (__VtigerMeta__) recordId) ] $ticket_title";s:7:"content";s:554:"Ticket No : $ticket_no<br>\r\n										Ticket Id : $(general : (__VtigerMeta__) recordId)<br>\r\n										Subject : $ticket_title<br><br>\r\n										Dear $(contact_id : (Contacts) lastname) $(contact_id : (Contacts) firstname),<br><br>\r\n										There is a reply to <b>$ticket_title</b> in the "Customer Portal" at VTiger.\r\n										You can use the following link to view the replies made:<br>\r\n										<a href="$(general : (__VtigerMeta__) portaldetailviewurl)">Ticket Details</a><br><br>\r\n										Thanks<br>$(general : (__VtigerMeta__) supportName)";}'),
(22, 15, 'Comment Added From CRM : Send Email to Organization', 'O:11:"VTEmailTask":9:{s:18:"executeImmediately";s:1:"0";s:7:"summary";s:51:"Comment Added From CRM : Send Email to Organization";s:6:"active";s:1:"1";s:2:"id";s:2:"22";s:10:"workflowId";s:2:"15";s:9:"fromEmail";s:93:"$(general : (__VtigerMeta__) supportName)&lt;$(general : (__VtigerMeta__) supportEmailId)&gt;";s:9:"recepient";s:34:",$(parent_id : (Accounts) email1),";s:7:"subject";s:79:"$ticket_no [ Ticket Id : $(general : (__VtigerMeta__) recordId) ] $ticket_title";s:7:"content";s:601:"Ticket ID : $(general : (__VtigerMeta__) recordId)<br>Ticket Title : $ticket_title<br><br>\r\n								Dear $(parent_id : (Accounts) accountname),<br><br>\r\n								The Ticket is replied the details are :<br><br>\r\n								Ticket No : $ticket_no<br>\r\n								Status : $ticketstatus<br>\r\n								Category : $ticketcategories<br>\r\n								Severity : $ticketseverities<br>\r\n								Priority : $ticketpriorities<br><br>\r\n								Description : <br>$description<br><br>\r\n								Solution : <br>$solution<br>\r\n								The comments are : <br>\r\n								$allComments<br><br>\r\n								Regards<br>Support Administrator";}'),
(23, 7, 'Notify Record Owner when Ticket is created from Portal', 'O:11:"VTEmailTask":9:{s:18:"executeImmediately";s:1:"0";s:7:"summary";s:54:"Notify Record Owner when Ticket is created from Portal";s:6:"active";s:1:"1";s:2:"id";s:2:"23";s:10:"workflowId";s:1:"7";s:9:"fromEmail";s:124:"$(contact_id : (Contacts) lastname) $(contact_id : (Contacts) firstname)&lt;$(general : (__VtigerMeta__) supportEmailId)&gt;";s:9:"recepient";s:37:",$(assigned_user_id : (Users) email1)";s:7:"subject";s:93:"[From Portal] $ticket_no [ Ticket Id : $(general : (__VtigerMeta__) recordId) ] $ticket_title";s:7:"content";s:161:"Ticket No : $ticket_no<br>\r\n							  Ticket ID : $(general : (__VtigerMeta__) recordId)<br>\r\n							  Ticket Title : $ticket_title<br><br>\r\n							  $description";}'),
(24, 20, 'Send Email to Record Owner on Ticket Update', 'O:11:"VTEmailTask":9:{s:18:"executeImmediately";s:1:"0";s:7:"summary";s:43:"Send Email to Record Owner on Ticket Update";s:6:"active";s:1:"1";s:2:"id";s:2:"24";s:10:"workflowId";s:2:"20";s:9:"fromEmail";s:93:"$(general : (__VtigerMeta__) supportName)&lt;$(general : (__VtigerMeta__) supportEmailId)&gt;";s:9:"recepient";s:37:",$(assigned_user_id : (Users) email1)";s:7:"subject";s:40:"Ticket Number : $ticket_no $ticket_title";s:7:"content";s:607:"Ticket ID : $(general : (__VtigerMeta__) recordId)<br>Ticket Title : $ticket_title<br><br>\r\n								Dear $(assigned_user_id : (Users) last_name) $(assigned_user_id : (Users) first_name),<br><br>\r\n								The Ticket is replied the details are :<br><br>\r\n								Ticket No : $ticket_no<br>\r\n								Status : $ticketstatus<br>\r\n								Category : $ticketcategories<br>\r\n								Severity : $ticketseverities<br>\r\n								Priority : $ticketpriorities<br><br>\r\n								Description : <br>$description<br><br>\r\n								Solution : <br>$solution\r\n								$allComments<br><br>\r\n								Regards<br>Support Administrator";}'),
(25, 21, 'Ticket Creation From CRM : Send Email to Record Owner', 'O:11:"VTEmailTask":9:{s:18:"executeImmediately";s:1:"0";s:7:"summary";s:53:"Ticket Creation From CRM : Send Email to Record Owner";s:6:"active";s:1:"1";s:2:"id";s:2:"25";s:10:"workflowId";s:2:"21";s:9:"fromEmail";s:93:"$(general : (__VtigerMeta__) supportName)&lt;$(general : (__VtigerMeta__) supportEmailId)&gt;";s:9:"recepient";s:37:",$(assigned_user_id : (Users) email1)";s:7:"subject";s:40:"Ticket Number : $ticket_no $ticket_title";s:7:"content";s:607:"Ticket ID : $(general : (__VtigerMeta__) recordId)<br>Ticket Title : $ticket_title<br><br>\r\n								Dear $(assigned_user_id : (Users) last_name) $(assigned_user_id : (Users) first_name),<br><br>\r\n								The Ticket is replied the details are :<br><br>\r\n								Ticket No : $ticket_no<br>\r\n								Status : $ticketstatus<br>\r\n								Category : $ticketcategories<br>\r\n								Severity : $ticketseverities<br>\r\n								Priority : $ticketpriorities<br><br>\r\n								Description : <br>$description<br><br>\r\n								Solution : <br>$solution\r\n								$allComments<br><br>\r\n								Regards<br>Support Administrator";}'),
(26, 22, 'Send Email to Organization on Ticket Update', 'O:11:"VTEmailTask":9:{s:18:"executeImmediately";s:1:"0";s:7:"summary";s:43:"Send Email to Organization on Ticket Update";s:6:"active";s:1:"1";s:2:"id";s:2:"26";s:9:"fromEmail";s:93:"$(general : (__VtigerMeta__) supportName)&lt;$(general : (__VtigerMeta__) supportEmailId)&gt;";s:9:"recepient";s:33:",$(parent_id : (Accounts) email1)";s:7:"subject";s:79:"$ticket_no [ Ticket Id : $(general : (__VtigerMeta__) recordId) ] $ticket_title";s:7:"content";s:601:"Ticket ID : $(general : (__VtigerMeta__) recordId)<br>Ticket Title : $ticket_title<br><br>\r\n								Dear $(parent_id : (Accounts) accountname),<br><br>\r\n								The Ticket is replied the details are :<br><br>\r\n								Ticket No : $ticket_no<br>\r\n								Status : $ticketstatus<br>\r\n								Category : $ticketcategories<br>\r\n								Severity : $ticketseverities<br>\r\n								Priority : $ticketpriorities<br><br>\r\n								Description : <br>$description<br><br>\r\n								Solution : <br>$solution<br>\r\n								The comments are : <br>\r\n								$allComments<br><br>\r\n								Regards<br>Support Administrator";s:10:"workflowId";s:2:"22";}'),
(27, 23, 'Ticket Creation From CRM : Send Email to Organization', 'O:11:"VTEmailTask":9:{s:18:"executeImmediately";s:1:"0";s:7:"summary";s:53:"Ticket Creation From CRM : Send Email to Organization";s:6:"active";s:1:"1";s:2:"id";s:2:"27";s:9:"fromEmail";s:93:"$(general : (__VtigerMeta__) supportName)&lt;$(general : (__VtigerMeta__) supportEmailId)&gt;";s:9:"recepient";s:33:",$(parent_id : (Accounts) email1)";s:7:"subject";s:79:"$ticket_no [ Ticket Id : $(general : (__VtigerMeta__) recordId) ] $ticket_title";s:7:"content";s:601:"Ticket ID : $(general : (__VtigerMeta__) recordId)<br>Ticket Title : $ticket_title<br><br>\r\n								Dear $(parent_id : (Accounts) accountname),<br><br>\r\n								The Ticket is replied the details are :<br><br>\r\n								Ticket No : $ticket_no<br>\r\n								Status : $ticketstatus<br>\r\n								Category : $ticketcategories<br>\r\n								Severity : $ticketseverities<br>\r\n								Priority : $ticketpriorities<br><br>\r\n								Description : <br>$description<br><br>\r\n								Solution : <br>$solution<br>\r\n								The comments are : <br>\r\n								$allComments<br><br>\r\n								Regards<br>Support Administrator";s:10:"workflowId";s:2:"23";}'),
(28, 24, 'Ticket Creation From CRM : Send Email to Contact', 'O:11:"VTEmailTask":9:{s:18:"executeImmediately";s:1:"0";s:7:"summary";s:48:"Ticket Creation From CRM : Send Email to Contact";s:6:"active";s:1:"1";s:2:"id";s:2:"28";s:9:"fromEmail";s:93:"$(general : (__VtigerMeta__) supportName)&lt;$(general : (__VtigerMeta__) supportEmailId)&gt;";s:9:"recepient";s:33:",$(contact_id : (Contacts) email)";s:7:"subject";s:79:"$ticket_no [ Ticket Id : $(general : (__VtigerMeta__) recordId) ] $ticket_title";s:7:"content";s:636:"Ticket ID : $(general : (__VtigerMeta__) recordId)<br>Ticket Title : $ticket_title<br><br>\r\n								Dear $(contact_id : (Contacts) lastname) $(contact_id : (Contacts) firstname),<br><br>\r\n								The Ticket is replied the details are :<br><br>\r\n								Ticket No : $ticket_no<br>\r\n								Status : $ticketstatus<br>\r\n								Category : $ticketcategories<br>\r\n								Severity : $ticketseverities<br>\r\n								Priority : $ticketpriorities<br><br>\r\n								Description : <br>$description<br><br>\r\n								Solution : <br>$solution<br>\r\n								The comments are : <br>\r\n								$allComments<br><br>\r\n								Regards<br>Support Administrator";s:10:"workflowId";s:2:"24";}');

-- --------------------------------------------------------

--
-- Table structure for table `com_vtiger_workflowtasks_entitymethod`
--

CREATE TABLE IF NOT EXISTS `com_vtiger_workflowtasks_entitymethod` (
  `workflowtasks_entitymethod_id` int(11) NOT NULL,
  `module_name` varchar(100) COLLATE utf8_unicode_ci DEFAULT NULL,
  `method_name` varchar(100) COLLATE utf8_unicode_ci DEFAULT NULL,
  `function_path` varchar(400) COLLATE utf8_unicode_ci DEFAULT NULL,
  `function_name` varchar(100) COLLATE utf8_unicode_ci DEFAULT NULL,
  PRIMARY KEY (`workflowtasks_entitymethod_id`),
  UNIQUE KEY `com_vtiger_workflowtasks_entitymethod_idx` (`workflowtasks_entitymethod_id`)
) ENGINE=InnoDB DEFAULT CHARSET=utf8 COLLATE=utf8_unicode_ci;

--
-- Dumping data for table `com_vtiger_workflowtasks_entitymethod`
--

INSERT INTO `com_vtiger_workflowtasks_entitymethod` (`workflowtasks_entitymethod_id`, `module_name`, `method_name`, `function_path`, `function_name`) VALUES
(1, 'SalesOrder', 'UpdateInventory', 'include/InventoryHandler.php', 'handleInventoryProductRel'),
(2, 'Invoice', 'UpdateInventory', 'include/InventoryHandler.php', 'handleInventoryProductRel'),
(3, 'Contacts', 'SendPortalLoginDetails', 'modules/Contacts/ContactsHandler.php', 'Contacts_sendCustomerPortalLoginDetails'),
(4, 'HelpDesk', 'NotifyOnPortalTicketCreation', 'modules/HelpDesk/HelpDeskHandler.php', 'HelpDesk_nofifyOnPortalTicketCreation'),
(5, 'HelpDesk', 'NotifyOnPortalTicketComment', 'modules/HelpDesk/HelpDeskHandler.php', 'HelpDesk_notifyOnPortalTicketComment'),
(6, 'HelpDesk', 'NotifyOwnerOnTicketChange', 'modules/HelpDesk/HelpDeskHandler.php', 'HelpDesk_notifyOwnerOnTicketChange'),
(7, 'HelpDesk', 'NotifyParentOnTicketChange', 'modules/HelpDesk/HelpDeskHandler.php', 'HelpDesk_notifyParentOnTicketChange'),
(8, 'ModComments', 'CustomerCommentFromPortal', 'modules/ModComments/ModCommentsHandler.php', 'CustomerCommentFromPortal'),
(9, 'ModComments', 'TicketOwnerComments', 'modules/ModComments/ModCommentsHandler.php', 'TicketOwnerComments'),
(10, 'PurchaseOrder', 'UpdateInventory', 'include/InventoryHandler.php', 'handleInventoryProductRel');

-- --------------------------------------------------------

--
-- Table structure for table `com_vtiger_workflowtasks_entitymethod_seq`
--

CREATE TABLE IF NOT EXISTS `com_vtiger_workflowtasks_entitymethod_seq` (
  `id` int(11) NOT NULL
) ENGINE=InnoDB DEFAULT CHARSET=utf8 COLLATE=utf8_unicode_ci;

--
-- Dumping data for table `com_vtiger_workflowtasks_entitymethod_seq`
--

INSERT INTO `com_vtiger_workflowtasks_entitymethod_seq` (`id`) VALUES
(10);

-- --------------------------------------------------------

--
-- Table structure for table `com_vtiger_workflowtasks_seq`
--

CREATE TABLE IF NOT EXISTS `com_vtiger_workflowtasks_seq` (
  `id` int(11) NOT NULL
) ENGINE=InnoDB DEFAULT CHARSET=utf8 COLLATE=utf8_unicode_ci;

--
-- Dumping data for table `com_vtiger_workflowtasks_seq`
--

INSERT INTO `com_vtiger_workflowtasks_seq` (`id`) VALUES
(28);

-- --------------------------------------------------------

--
-- Table structure for table `com_vtiger_workflowtask_queue`
--

CREATE TABLE IF NOT EXISTS `com_vtiger_workflowtask_queue` (
  `task_id` int(11) DEFAULT NULL,
  `entity_id` varchar(100) COLLATE utf8_unicode_ci DEFAULT NULL,
  `do_after` int(11) DEFAULT NULL,
  `task_contents` text COLLATE utf8_unicode_ci
) ENGINE=InnoDB DEFAULT CHARSET=utf8 COLLATE=utf8_unicode_ci;

-- --------------------------------------------------------

--
-- Table structure for table `com_vtiger_workflowtemplates`
--

CREATE TABLE IF NOT EXISTS `com_vtiger_workflowtemplates` (
  `template_id` int(11) NOT NULL AUTO_INCREMENT,
  `module_name` varchar(100) COLLATE utf8_unicode_ci DEFAULT NULL,
  `title` varchar(400) COLLATE utf8_unicode_ci DEFAULT NULL,
  `template` text COLLATE utf8_unicode_ci,
  PRIMARY KEY (`template_id`)
) ENGINE=InnoDB DEFAULT CHARSET=utf8 COLLATE=utf8_unicode_ci AUTO_INCREMENT=1 ;

-- --------------------------------------------------------

--
-- Table structure for table `com_vtiger_workflow_activatedonce`
--

CREATE TABLE IF NOT EXISTS `com_vtiger_workflow_activatedonce` (
  `workflow_id` int(11) NOT NULL,
  `entity_id` int(11) NOT NULL,
  PRIMARY KEY (`workflow_id`,`entity_id`)
) ENGINE=InnoDB DEFAULT CHARSET=utf8 COLLATE=utf8_unicode_ci;

-- --------------------------------------------------------

--
-- Table structure for table `com_vtiger_workflow_tasktypes`
--

CREATE TABLE IF NOT EXISTS `com_vtiger_workflow_tasktypes` (
  `id` int(11) NOT NULL,
  `tasktypename` varchar(255) COLLATE utf8_unicode_ci NOT NULL,
  `label` varchar(255) COLLATE utf8_unicode_ci DEFAULT NULL,
  `classname` varchar(255) COLLATE utf8_unicode_ci DEFAULT NULL,
  `classpath` varchar(255) COLLATE utf8_unicode_ci DEFAULT NULL,
  `templatepath` varchar(255) COLLATE utf8_unicode_ci DEFAULT NULL,
  `modules` varchar(500) COLLATE utf8_unicode_ci DEFAULT NULL,
  `sourcemodule` varchar(255) COLLATE utf8_unicode_ci DEFAULT NULL
) ENGINE=InnoDB DEFAULT CHARSET=utf8 COLLATE=utf8_unicode_ci;

--
-- Dumping data for table `com_vtiger_workflow_tasktypes`
--

INSERT INTO `com_vtiger_workflow_tasktypes` (`id`, `tasktypename`, `label`, `classname`, `classpath`, `templatepath`, `modules`, `sourcemodule`) VALUES
(1, 'VTEmailTask', 'Send Mail', 'VTEmailTask', 'modules/com_vtiger_workflow/tasks/VTEmailTask.inc', 'com_vtiger_workflow/taskforms/VTEmailTask.tpl', '{"include":[],"exclude":[]}', ''),
(2, 'VTEntityMethodTask', 'Invoke Custom Function', 'VTEntityMethodTask', 'modules/com_vtiger_workflow/tasks/VTEntityMethodTask.inc', 'com_vtiger_workflow/taskforms/VTEntityMethodTask.tpl', '{"include":[],"exclude":[]}', ''),
(3, 'VTCreateTodoTask', 'Create Todo', 'VTCreateTodoTask', 'modules/com_vtiger_workflow/tasks/VTCreateTodoTask.inc', 'com_vtiger_workflow/taskforms/VTCreateTodoTask.tpl', '{"include":["Leads","Accounts","Potentials","Contacts","HelpDesk","Campaigns","Quotes","PurchaseOrder","SalesOrder","Invoice"],"exclude":["Calendar","FAQ","Events"]}', ''),
(4, 'VTCreateEventTask', 'Create Event', 'VTCreateEventTask', 'modules/com_vtiger_workflow/tasks/VTCreateEventTask.inc', 'com_vtiger_workflow/taskforms/VTCreateEventTask.tpl', '{"include":["Leads","Accounts","Potentials","Contacts","HelpDesk","Campaigns"],"exclude":["Calendar","FAQ","Events"]}', ''),
(5, 'VTUpdateFieldsTask', 'Update Fields', 'VTUpdateFieldsTask', 'modules/com_vtiger_workflow/tasks/VTUpdateFieldsTask.inc', 'com_vtiger_workflow/taskforms/VTUpdateFieldsTask.tpl', '{"include":[],"exclude":[]}', ''),
(6, 'VTCreateEntityTask', 'Create Entity', 'VTCreateEntityTask', 'modules/com_vtiger_workflow/tasks/VTCreateEntityTask.inc', 'com_vtiger_workflow/taskforms/VTCreateEntityTask.tpl', '{"include":[],"exclude":[]}', ''),
(7, 'VTSMSTask', 'SMS Task', 'VTSMSTask', 'modules/com_vtiger_workflow/tasks/VTSMSTask.inc', 'com_vtiger_workflow/taskforms/VTSMSTask.tpl', '{"include":[],"exclude":[]}', 'SMSNotifier');

-- --------------------------------------------------------

--
-- Table structure for table `com_vtiger_workflow_tasktypes_seq`
--

CREATE TABLE IF NOT EXISTS `com_vtiger_workflow_tasktypes_seq` (
  `id` int(11) NOT NULL
) ENGINE=InnoDB DEFAULT CHARSET=utf8 COLLATE=utf8_unicode_ci;

--
-- Dumping data for table `com_vtiger_workflow_tasktypes_seq`
--

INSERT INTO `com_vtiger_workflow_tasktypes_seq` (`id`) VALUES
(7);

-- --------------------------------------------------------

--
-- Table structure for table `berli_multiendtext`
--

CREATE TABLE IF NOT EXISTS `berli_multiendtext` (
  `endtextid` int(11) NOT NULL AUTO_INCREMENT,
  `endtexttitle` varchar(100) COLLATE utf8_unicode_ci NOT NULL DEFAULT '',
  `multietext` text COLLATE utf8_unicode_ci NOT NULL,
  `texttype` varchar(2) COLLATE utf8_unicode_ci NOT NULL DEFAULT '',
  PRIMARY KEY (`endtextid`)
) ENGINE=InnoDB DEFAULT CHARSET=utf8 COLLATE=utf8_unicode_ci AUTO_INCREMENT=1 ;

-- --------------------------------------------------------

--
-- Table structure for table `berli_multistarttext`
--

CREATE TABLE IF NOT EXISTS `berli_multistarttext` (
  `starttextid` int(11) NOT NULL AUTO_INCREMENT,
  `starttexttitle` varchar(100) COLLATE utf8_unicode_ci NOT NULL DEFAULT '',
  `multistext` text COLLATE utf8_unicode_ci NOT NULL,
  `texttypes` varchar(2) COLLATE utf8_unicode_ci NOT NULL DEFAULT '',
  PRIMARY KEY (`starttextid`)
) ENGINE=InnoDB DEFAULT CHARSET=utf8 COLLATE=utf8_unicode_ci AUTO_INCREMENT=1 ;

-- --------------------------------------------------------

--
-- Table structure for table `vtiger_account`
--

CREATE TABLE IF NOT EXISTS `vtiger_account` (
  `accountid` int(19) NOT NULL DEFAULT '0',
  `account_no` varchar(100) COLLATE utf8_unicode_ci NOT NULL,
  `accountname` varchar(100) COLLATE utf8_unicode_ci NOT NULL,
  `parentid` int(19) DEFAULT '0',
  `account_type` varchar(200) COLLATE utf8_unicode_ci DEFAULT NULL,
  `industry` varchar(200) COLLATE utf8_unicode_ci DEFAULT NULL,
  `annualrevenue` decimal(25,8) DEFAULT NULL,
  `rating` varchar(200) COLLATE utf8_unicode_ci DEFAULT NULL,
  `ownership` varchar(50) COLLATE utf8_unicode_ci DEFAULT NULL,
  `siccode` varchar(50) COLLATE utf8_unicode_ci DEFAULT NULL,
  `tickersymbol` varchar(30) COLLATE utf8_unicode_ci DEFAULT NULL,
  `phone` varchar(30) COLLATE utf8_unicode_ci DEFAULT NULL,
  `otherphone` varchar(30) COLLATE utf8_unicode_ci DEFAULT NULL,
  `email1` varchar(100) COLLATE utf8_unicode_ci DEFAULT NULL,
  `email2` varchar(100) COLLATE utf8_unicode_ci DEFAULT NULL,
  `website` varchar(100) COLLATE utf8_unicode_ci DEFAULT NULL,
  `fax` varchar(30) COLLATE utf8_unicode_ci DEFAULT NULL,
  `employees` int(10) DEFAULT '0',
  `emailoptout` varchar(3) COLLATE utf8_unicode_ci DEFAULT '0',
  `notify_owner` varchar(3) COLLATE utf8_unicode_ci DEFAULT '0',
  `isconvertedfromlead` varchar(3) COLLATE utf8_unicode_ci DEFAULT '0',
  PRIMARY KEY (`accountid`),
  KEY `account_account_type_idx` (`account_type`),
  KEY `email_idx` (`email1`,`email2`)
) ENGINE=InnoDB DEFAULT CHARSET=utf8 COLLATE=utf8_unicode_ci;

-- --------------------------------------------------------

--
-- Table structure for table `vtiger_accountbillads`
--

CREATE TABLE IF NOT EXISTS `vtiger_accountbillads` (
  `accountaddressid` int(19) NOT NULL DEFAULT '0',
  `bill_city` varchar(30) COLLATE utf8_unicode_ci DEFAULT NULL,
  `bill_code` varchar(30) COLLATE utf8_unicode_ci DEFAULT NULL,
  `bill_country` varchar(30) COLLATE utf8_unicode_ci DEFAULT NULL,
  `bill_state` varchar(30) COLLATE utf8_unicode_ci DEFAULT NULL,
  `bill_street` varchar(250) COLLATE utf8_unicode_ci DEFAULT NULL,
  `bill_pobox` varchar(30) COLLATE utf8_unicode_ci DEFAULT NULL,
  PRIMARY KEY (`accountaddressid`)
) ENGINE=InnoDB DEFAULT CHARSET=utf8 COLLATE=utf8_unicode_ci;

-- --------------------------------------------------------

--
-- Table structure for table `vtiger_accountrating`
--

CREATE TABLE IF NOT EXISTS `vtiger_accountrating` (
  `accountratingid` int(19) NOT NULL AUTO_INCREMENT,
  `rating` varchar(200) COLLATE utf8_unicode_ci NOT NULL,
  `sortorderid` int(19) NOT NULL DEFAULT '0',
  `presence` int(1) NOT NULL DEFAULT '1',
  PRIMARY KEY (`accountratingid`),
  UNIQUE KEY `accountrating_rating_idx` (`rating`)
) ENGINE=InnoDB DEFAULT CHARSET=utf8 COLLATE=utf8_unicode_ci AUTO_INCREMENT=1 ;

-- --------------------------------------------------------

--
-- Table structure for table `vtiger_accountscf`
--

CREATE TABLE IF NOT EXISTS `vtiger_accountscf` (
  `accountid` int(19) NOT NULL DEFAULT '0',
  PRIMARY KEY (`accountid`)
) ENGINE=InnoDB DEFAULT CHARSET=utf8 COLLATE=utf8_unicode_ci;

-- --------------------------------------------------------

--
-- Table structure for table `vtiger_accountshipads`
--

CREATE TABLE IF NOT EXISTS `vtiger_accountshipads` (
  `accountaddressid` int(19) NOT NULL DEFAULT '0',
  `ship_city` varchar(30) COLLATE utf8_unicode_ci DEFAULT NULL,
  `ship_code` varchar(30) COLLATE utf8_unicode_ci DEFAULT NULL,
  `ship_country` varchar(30) COLLATE utf8_unicode_ci DEFAULT NULL,
  `ship_state` varchar(30) COLLATE utf8_unicode_ci DEFAULT NULL,
  `ship_pobox` varchar(30) COLLATE utf8_unicode_ci DEFAULT NULL,
  `ship_street` varchar(250) COLLATE utf8_unicode_ci DEFAULT NULL,
  PRIMARY KEY (`accountaddressid`)
) ENGINE=InnoDB DEFAULT CHARSET=utf8 COLLATE=utf8_unicode_ci;

-- --------------------------------------------------------

--
-- Table structure for table `vtiger_accounttype`
--

CREATE TABLE IF NOT EXISTS `vtiger_accounttype` (
  `accounttypeid` int(19) NOT NULL AUTO_INCREMENT,
  `accounttype` varchar(200) COLLATE utf8_unicode_ci NOT NULL,
  `presence` int(1) NOT NULL DEFAULT '1',
  `picklist_valueid` int(19) NOT NULL DEFAULT '0',
  `sortorderid` int(11) DEFAULT NULL,
  PRIMARY KEY (`accounttypeid`),
  UNIQUE KEY `accounttype_accounttype_idx` (`accounttype`)
) ENGINE=InnoDB  DEFAULT CHARSET=utf8 COLLATE=utf8_unicode_ci AUTO_INCREMENT=12 ;

--
-- Dumping data for table `vtiger_accounttype`
--

INSERT INTO `vtiger_accounttype` (`accounttypeid`, `accounttype`, `presence`, `picklist_valueid`, `sortorderid`) VALUES
(2, 'Analyst', 1, 2, 1),
(3, 'Competitor', 1, 3, 2),
(4, 'Customer', 1, 4, 3),
(5, 'Integrator', 1, 5, 4),
(6, 'Investor', 1, 6, 5),
(7, 'Partner', 1, 7, 6),
(8, 'Press', 1, 8, 7),
(9, 'Prospect', 1, 9, 8),
(10, 'Reseller', 1, 10, 9),
(11, 'Other', 1, 11, 10);

-- --------------------------------------------------------

--
-- Table structure for table `vtiger_accounttype_seq`
--

CREATE TABLE IF NOT EXISTS `vtiger_accounttype_seq` (
  `id` int(11) NOT NULL
) ENGINE=InnoDB DEFAULT CHARSET=utf8 COLLATE=utf8_unicode_ci;

--
-- Dumping data for table `vtiger_accounttype_seq`
--

INSERT INTO `vtiger_accounttype_seq` (`id`) VALUES
(11);

-- --------------------------------------------------------

--
-- Table structure for table `vtiger_actionmapping`
--

CREATE TABLE IF NOT EXISTS `vtiger_actionmapping` (
  `actionid` int(19) NOT NULL,
  `actionname` varchar(200) COLLATE utf8_unicode_ci NOT NULL,
  `securitycheck` int(19) DEFAULT NULL,
  PRIMARY KEY (`actionid`,`actionname`)
) ENGINE=InnoDB DEFAULT CHARSET=utf8 COLLATE=utf8_unicode_ci;

--
-- Dumping data for table `vtiger_actionmapping`
--

INSERT INTO `vtiger_actionmapping` (`actionid`, `actionname`, `securitycheck`) VALUES
(0, 'Save', 0),
(0, 'SavePriceBook', 1),
(0, 'SaveVendor', 1),
(1, 'DetailViewAjax', 1),
(1, 'EditView', 0),
(1, 'PriceBookEditView', 1),
(1, 'QuickCreate', 1),
(1, 'VendorEditView', 1),
(2, 'Delete', 0),
(2, 'DeletePriceBook', 1),
(2, 'DeleteVendor', 1),
(3, 'index', 0),
(3, 'Popup', 1),
(4, 'DetailView', 0),
(4, 'PriceBookDetailView', 1),
(4, 'TagCloud', 1),
(4, 'VendorDetailView', 1),
(5, 'Import', 0),
(6, 'Export', 0),
(7, 'CreateView', 0),
(8, 'Merge', 0),
(9, 'ConvertLead', 0),
(10, 'DuplicatesHandling', 0),
(11, 'Print', 0);

-- --------------------------------------------------------

--
-- Table structure for table `vtiger_activity`
--

CREATE TABLE IF NOT EXISTS `vtiger_activity` (
  `activityid` int(19) NOT NULL DEFAULT '0',
  `subject` varchar(100) COLLATE utf8_unicode_ci NOT NULL,
  `semodule` varchar(20) COLLATE utf8_unicode_ci DEFAULT NULL,
  `activitytype` varchar(200) COLLATE utf8_unicode_ci NOT NULL,
  `date_start` date NOT NULL,
  `due_date` date DEFAULT NULL,
  `time_start` varchar(50) COLLATE utf8_unicode_ci DEFAULT NULL,
  `time_end` varchar(50) COLLATE utf8_unicode_ci DEFAULT NULL,
  `sendnotification` varchar(3) COLLATE utf8_unicode_ci NOT NULL DEFAULT '0',
  `duration_hours` varchar(200) COLLATE utf8_unicode_ci DEFAULT NULL,
  `duration_minutes` varchar(200) COLLATE utf8_unicode_ci DEFAULT NULL,
  `status` varchar(200) COLLATE utf8_unicode_ci DEFAULT NULL,
  `eventstatus` varchar(200) COLLATE utf8_unicode_ci DEFAULT NULL,
  `priority` varchar(200) COLLATE utf8_unicode_ci DEFAULT NULL,
  `location` varchar(150) COLLATE utf8_unicode_ci DEFAULT NULL,
  `notime` varchar(3) COLLATE utf8_unicode_ci NOT NULL DEFAULT '0',
  `visibility` varchar(50) COLLATE utf8_unicode_ci NOT NULL DEFAULT 'all',
  `recurringtype` varchar(200) COLLATE utf8_unicode_ci DEFAULT NULL,
  PRIMARY KEY (`activityid`),
  KEY `activity_activityid_subject_idx` (`activityid`,`subject`),
  KEY `activity_activitytype_date_start_idx` (`activitytype`,`date_start`),
  KEY `activity_date_start_due_date_idx` (`date_start`,`due_date`),
  KEY `activity_date_start_time_start_idx` (`date_start`,`time_start`),
  KEY `activity_eventstatus_idx` (`eventstatus`),
  KEY `activity_status_idx` (`status`)
) ENGINE=InnoDB DEFAULT CHARSET=utf8 COLLATE=utf8_unicode_ci;

-- --------------------------------------------------------

--
-- Table structure for table `vtiger_activitycf`
--

CREATE TABLE IF NOT EXISTS `vtiger_activitycf` (
  `activityid` int(19) NOT NULL DEFAULT '0',
  PRIMARY KEY (`activityid`)
) ENGINE=InnoDB DEFAULT CHARSET=utf8 COLLATE=utf8_unicode_ci;

-- --------------------------------------------------------

--
-- Table structure for table `vtiger_activityproductrel`
--

CREATE TABLE IF NOT EXISTS `vtiger_activityproductrel` (
  `activityid` int(19) NOT NULL DEFAULT '0',
  `productid` int(19) NOT NULL DEFAULT '0',
  PRIMARY KEY (`activityid`,`productid`),
  KEY `activityproductrel_activityid_idx` (`activityid`),
  KEY `activityproductrel_productid_idx` (`productid`)
) ENGINE=InnoDB DEFAULT CHARSET=utf8 COLLATE=utf8_unicode_ci;

-- --------------------------------------------------------

--
-- Table structure for table `vtiger_activitytype`
--

CREATE TABLE IF NOT EXISTS `vtiger_activitytype` (
  `activitytypeid` int(19) NOT NULL AUTO_INCREMENT,
  `activitytype` varchar(200) COLLATE utf8_unicode_ci NOT NULL,
  `presence` int(1) NOT NULL DEFAULT '1',
  `picklist_valueid` int(19) NOT NULL DEFAULT '0',
  `sortorderid` int(11) DEFAULT NULL,
  PRIMARY KEY (`activitytypeid`),
  UNIQUE KEY `activitytype_activitytype_idx` (`activitytype`)
) ENGINE=InnoDB  DEFAULT CHARSET=utf8 COLLATE=utf8_unicode_ci AUTO_INCREMENT=4 ;

--
-- Dumping data for table `vtiger_activitytype`
--

INSERT INTO `vtiger_activitytype` (`activitytypeid`, `activitytype`, `presence`, `picklist_valueid`, `sortorderid`) VALUES
(1, 'Call', 0, 12, 0),
(2, 'Meeting', 0, 13, 1),
(3, 'Mobile Call', 0, 217, 1);

-- --------------------------------------------------------

--
-- Table structure for table `vtiger_activitytype_seq`
--

CREATE TABLE IF NOT EXISTS `vtiger_activitytype_seq` (
  `id` int(11) NOT NULL
) ENGINE=InnoDB DEFAULT CHARSET=utf8 COLLATE=utf8_unicode_ci;

--
-- Dumping data for table `vtiger_activitytype_seq`
--

INSERT INTO `vtiger_activitytype_seq` (`id`) VALUES
(3);

-- --------------------------------------------------------

--
-- Table structure for table `vtiger_activity_reminder`
--

CREATE TABLE IF NOT EXISTS `vtiger_activity_reminder` (
  `activity_id` int(11) NOT NULL,
  `reminder_time` int(11) NOT NULL,
  `reminder_sent` int(2) NOT NULL,
  `recurringid` int(19) NOT NULL,
  PRIMARY KEY (`activity_id`,`recurringid`)
) ENGINE=InnoDB DEFAULT CHARSET=utf8 COLLATE=utf8_unicode_ci;

-- --------------------------------------------------------

--
-- Table structure for table `vtiger_activity_reminder_popup`
--

CREATE TABLE IF NOT EXISTS `vtiger_activity_reminder_popup` (
  `reminderid` int(19) NOT NULL AUTO_INCREMENT,
  `semodule` varchar(100) COLLATE utf8_unicode_ci NOT NULL,
  `recordid` int(19) NOT NULL,
  `date_start` date NOT NULL,
  `time_start` varchar(100) COLLATE utf8_unicode_ci NOT NULL,
  `status` int(2) NOT NULL,
  PRIMARY KEY (`reminderid`)
) ENGINE=InnoDB DEFAULT CHARSET=utf8 COLLATE=utf8_unicode_ci AUTO_INCREMENT=1 ;

-- --------------------------------------------------------

--
-- Table structure for table `vtiger_activity_view`
--

CREATE TABLE IF NOT EXISTS `vtiger_activity_view` (
  `activity_viewid` int(19) NOT NULL AUTO_INCREMENT,
  `activity_view` varchar(200) COLLATE utf8_unicode_ci NOT NULL,
  `sortorderid` int(19) NOT NULL DEFAULT '0',
  `presence` int(1) NOT NULL DEFAULT '1',
  PRIMARY KEY (`activity_viewid`)
) ENGINE=InnoDB  DEFAULT CHARSET=utf8 COLLATE=utf8_unicode_ci AUTO_INCREMENT=5 ;

--
-- Dumping data for table `vtiger_activity_view`
--

INSERT INTO `vtiger_activity_view` (`activity_viewid`, `activity_view`, `sortorderid`, `presence`) VALUES
(1, 'Today', 0, 1),
(2, 'This Week', 1, 1),
(3, 'This Month', 2, 1),
(4, 'This Year', 3, 1);

-- --------------------------------------------------------

--
-- Table structure for table `vtiger_activity_view_seq`
--

CREATE TABLE IF NOT EXISTS `vtiger_activity_view_seq` (
  `id` int(11) NOT NULL
) ENGINE=InnoDB DEFAULT CHARSET=utf8 COLLATE=utf8_unicode_ci;

--
-- Dumping data for table `vtiger_activity_view_seq`
--

INSERT INTO `vtiger_activity_view_seq` (`id`) VALUES
(4);

-- --------------------------------------------------------

--
-- Table structure for table `vtiger_announcement`
--

CREATE TABLE IF NOT EXISTS `vtiger_announcement` (
  `creatorid` int(19) NOT NULL,
  `announcement` text COLLATE utf8_unicode_ci,
  `title` varchar(255) COLLATE utf8_unicode_ci DEFAULT NULL,
  `time` timestamp NOT NULL DEFAULT CURRENT_TIMESTAMP ON UPDATE CURRENT_TIMESTAMP,
  PRIMARY KEY (`creatorid`),
  KEY `announcement_creatorid_idx` (`creatorid`)
) ENGINE=InnoDB DEFAULT CHARSET=utf8 COLLATE=utf8_unicode_ci;

-- --------------------------------------------------------

--
-- Table structure for table `vtiger_asterisk`
--

CREATE TABLE IF NOT EXISTS `vtiger_asterisk` (
  `server` varchar(30) COLLATE utf8_unicode_ci DEFAULT NULL,
  `port` varchar(30) COLLATE utf8_unicode_ci DEFAULT NULL,
  `username` varchar(50) COLLATE utf8_unicode_ci DEFAULT NULL,
  `password` varchar(50) COLLATE utf8_unicode_ci DEFAULT NULL,
  `version` varchar(50) COLLATE utf8_unicode_ci DEFAULT NULL
) ENGINE=InnoDB DEFAULT CHARSET=utf8 COLLATE=utf8_unicode_ci;

-- --------------------------------------------------------

--
-- Table structure for table `vtiger_asteriskextensions`
--

CREATE TABLE IF NOT EXISTS `vtiger_asteriskextensions` (
  `userid` int(11) DEFAULT NULL,
  `asterisk_extension` varchar(50) COLLATE utf8_unicode_ci DEFAULT NULL,
  `use_asterisk` varchar(3) COLLATE utf8_unicode_ci DEFAULT NULL
) ENGINE=InnoDB DEFAULT CHARSET=utf8 COLLATE=utf8_unicode_ci;

--
-- Dumping data for table `vtiger_asteriskextensions`
--

INSERT INTO `vtiger_asteriskextensions` (`userid`, `asterisk_extension`, `use_asterisk`) VALUES
(1, NULL, NULL),
(5, NULL, NULL);

-- --------------------------------------------------------

--
-- Table structure for table `vtiger_asteriskincomingcalls`
--

CREATE TABLE IF NOT EXISTS `vtiger_asteriskincomingcalls` (
  `from_number` varchar(50) COLLATE utf8_unicode_ci DEFAULT NULL,
  `from_name` varchar(50) COLLATE utf8_unicode_ci DEFAULT NULL,
  `to_number` varchar(50) COLLATE utf8_unicode_ci DEFAULT NULL,
  `callertype` varchar(30) COLLATE utf8_unicode_ci DEFAULT NULL,
  `flag` int(19) DEFAULT NULL,
  `timer` int(19) DEFAULT NULL,
  `refuid` varchar(255) COLLATE utf8_unicode_ci DEFAULT NULL
) ENGINE=InnoDB DEFAULT CHARSET=utf8 COLLATE=utf8_unicode_ci;

-- --------------------------------------------------------

--
-- Table structure for table `vtiger_asteriskincomingevents`
--

CREATE TABLE IF NOT EXISTS `vtiger_asteriskincomingevents` (
  `uid` varchar(255) COLLATE utf8_unicode_ci NOT NULL,
  `channel` varchar(100) COLLATE utf8_unicode_ci DEFAULT NULL,
  `from_number` bigint(20) DEFAULT NULL,
  `from_name` varchar(100) COLLATE utf8_unicode_ci DEFAULT NULL,
  `to_number` bigint(20) DEFAULT NULL,
  `callertype` varchar(100) COLLATE utf8_unicode_ci DEFAULT NULL,
  `timer` int(20) DEFAULT NULL,
  `flag` varchar(3) COLLATE utf8_unicode_ci DEFAULT NULL,
  `pbxrecordid` int(19) DEFAULT NULL,
  `relcrmid` int(19) DEFAULT NULL,
  PRIMARY KEY (`uid`)
) ENGINE=InnoDB DEFAULT CHARSET=utf8 COLLATE=utf8_unicode_ci;

-- --------------------------------------------------------

--
-- Table structure for table `vtiger_attachments`
--

CREATE TABLE IF NOT EXISTS `vtiger_attachments` (
  `attachmentsid` int(19) NOT NULL,
  `name` varchar(255) COLLATE utf8_unicode_ci NOT NULL,
  `description` text COLLATE utf8_unicode_ci,
  `type` varchar(100) COLLATE utf8_unicode_ci DEFAULT NULL,
  `path` text COLLATE utf8_unicode_ci,
  `subject` varchar(255) COLLATE utf8_unicode_ci DEFAULT NULL,
  PRIMARY KEY (`attachmentsid`),
  KEY `attachments_attachmentsid_idx` (`attachmentsid`)
) ENGINE=InnoDB DEFAULT CHARSET=utf8 COLLATE=utf8_unicode_ci;

-- --------------------------------------------------------

--
-- Table structure for table `vtiger_attachmentsfolder`
--

CREATE TABLE IF NOT EXISTS `vtiger_attachmentsfolder` (
  `folderid` int(19) NOT NULL AUTO_INCREMENT,
  `foldername` varchar(200) COLLATE utf8_unicode_ci NOT NULL,
  `description` varchar(250) COLLATE utf8_unicode_ci DEFAULT NULL,
  `createdby` int(19) NOT NULL,
  `sequence` int(19) DEFAULT NULL,
  PRIMARY KEY (`folderid`)
) ENGINE=InnoDB  DEFAULT CHARSET=utf8 COLLATE=utf8_unicode_ci AUTO_INCREMENT=2 ;

--
-- Dumping data for table `vtiger_attachmentsfolder`
--

INSERT INTO `vtiger_attachmentsfolder` (`folderid`, `foldername`, `description`, `createdby`, `sequence`) VALUES
(1, 'Default', 'This is a Default Folder', 1, 1);

-- --------------------------------------------------------

--
-- Table structure for table `vtiger_attachmentsfolder_seq`
--

CREATE TABLE IF NOT EXISTS `vtiger_attachmentsfolder_seq` (
  `id` int(11) NOT NULL
) ENGINE=InnoDB DEFAULT CHARSET=utf8 COLLATE=utf8_unicode_ci;

--
-- Dumping data for table `vtiger_attachmentsfolder_seq`
--

INSERT INTO `vtiger_attachmentsfolder_seq` (`id`) VALUES
(1);

-- --------------------------------------------------------

--
-- Table structure for table `vtiger_blocks`
--

CREATE TABLE IF NOT EXISTS `vtiger_blocks` (
  `blockid` int(19) NOT NULL,
  `tabid` int(19) NOT NULL,
  `blocklabel` varchar(100) COLLATE utf8_unicode_ci NOT NULL,
  `sequence` int(10) DEFAULT NULL,
  `show_title` int(2) DEFAULT NULL,
  `visible` int(2) NOT NULL DEFAULT '0',
  `create_view` int(2) NOT NULL DEFAULT '0',
  `edit_view` int(2) NOT NULL DEFAULT '0',
  `detail_view` int(2) NOT NULL DEFAULT '0',
  `display_status` int(1) NOT NULL DEFAULT '1',
  `iscustom` int(1) NOT NULL DEFAULT '0',
  PRIMARY KEY (`blockid`),
  KEY `block_tabid_idx` (`tabid`)
) ENGINE=InnoDB DEFAULT CHARSET=utf8 COLLATE=utf8_unicode_ci;

--
-- Dumping data for table `vtiger_blocks`
--

INSERT INTO `vtiger_blocks` (`blockid`, `tabid`, `blocklabel`, `sequence`, `show_title`, `visible`, `create_view`, `edit_view`, `detail_view`, `display_status`, `iscustom`) VALUES
(1, 2, 'LBL_OPPORTUNITY_INFORMATION', 1, 0, 0, 0, 0, 0, 1, 0),
(2, 2, 'LBL_CUSTOM_INFORMATION', 2, 0, 0, 0, 0, 0, 1, 0),
(3, 2, 'LBL_DESCRIPTION_INFORMATION', 3, 0, 0, 0, 0, 0, 1, 0),
(4, 4, 'LBL_CONTACT_INFORMATION', 1, 0, 0, 0, 0, 0, 1, 0),
(5, 4, 'LBL_CUSTOM_INFORMATION', 2, 0, 0, 0, 0, 0, 1, 0),
(6, 4, 'LBL_CUSTOMER_PORTAL_INFORMATION', 3, 0, 0, 0, 0, 0, 1, 0),
(7, 4, 'LBL_ADDRESS_INFORMATION', 4, 0, 0, 0, 0, 0, 1, 0),
(8, 4, 'LBL_DESCRIPTION_INFORMATION', 5, 0, 0, 0, 0, 0, 1, 0),
(9, 6, 'LBL_ACCOUNT_INFORMATION', 1, 0, 0, 0, 0, 0, 1, 0),
(10, 6, 'LBL_CUSTOM_INFORMATION', 2, 0, 0, 0, 0, 0, 1, 0),
(11, 6, 'LBL_ADDRESS_INFORMATION', 3, 0, 0, 0, 0, 0, 1, 0),
(12, 6, 'LBL_DESCRIPTION_INFORMATION', 4, 0, 0, 0, 0, 0, 1, 0),
(13, 7, 'LBL_LEAD_INFORMATION', 1, 0, 0, 0, 0, 0, 1, 0),
(14, 7, 'LBL_CUSTOM_INFORMATION', 2, 0, 0, 0, 0, 0, 1, 0),
(15, 7, 'LBL_ADDRESS_INFORMATION', 3, 0, 0, 0, 0, 0, 1, 0),
(16, 7, 'LBL_DESCRIPTION_INFORMATION', 4, 0, 0, 0, 0, 0, 1, 0),
(17, 8, 'LBL_NOTE_INFORMATION', 1, 0, 0, 0, 0, 0, 1, 0),
(18, 8, 'LBL_FILE_INFORMATION', 3, 1, 0, 0, 0, 0, 1, 0),
(19, 9, 'LBL_TASK_INFORMATION', 1, 0, 0, 0, 0, 0, 1, 0),
(20, 9, 'LBL_DESCRIPTION_INFORMATION', 2, 1, 0, 0, 0, 0, 1, 0),
(21, 10, 'LBL_EMAIL_INFORMATION', 1, 0, 0, 0, 0, 0, 1, 0),
(22, 10, 'Emails_Block1', 2, 1, 0, 0, 0, 0, 1, 0),
(23, 10, 'Emails_Block2', 3, 1, 0, 0, 0, 0, 1, 0),
(24, 10, 'Emails_Block3', 4, 1, 0, 0, 0, 0, 1, 0),
(25, 13, 'LBL_TICKET_INFORMATION', 1, 0, 0, 0, 0, 0, 1, 0),
(26, 13, '', 2, 1, 0, 0, 0, 0, 1, 0),
(27, 13, 'LBL_CUSTOM_INFORMATION', 3, 0, 0, 0, 0, 0, 1, 0),
(28, 13, 'LBL_DESCRIPTION_INFORMATION', 4, 0, 0, 0, 0, 0, 1, 0),
(29, 13, 'LBL_TICKET_RESOLUTION', 5, 0, 0, 1, 0, 0, 1, 0),
(30, 13, 'LBL_COMMENTS', 6, 0, 0, 1, 0, 0, 1, 0),
(31, 14, 'LBL_PRODUCT_INFORMATION', 1, 0, 0, 0, 0, 0, 1, 0),
(32, 14, 'LBL_PRICING_INFORMATION', 2, 0, 0, 0, 0, 0, 1, 0),
(33, 14, 'LBL_STOCK_INFORMATION', 3, 0, 0, 0, 0, 0, 1, 0),
(34, 14, 'LBL_CUSTOM_INFORMATION', 4, 0, 0, 0, 0, 0, 1, 0),
(35, 14, 'LBL_IMAGE_INFORMATION', 5, 0, 0, 0, 0, 0, 1, 0),
(36, 14, 'LBL_DESCRIPTION_INFORMATION', 6, 0, 0, 0, 0, 0, 1, 0),
(37, 15, 'LBL_FAQ_INFORMATION', 1, 0, 0, 0, 0, 0, 1, 0),
(38, 15, 'LBL_COMMENT_INFORMATION', 4, 0, 0, 1, 0, 0, 1, 0),
(39, 16, 'LBL_EVENT_INFORMATION', 1, 0, 0, 0, 0, 0, 1, 0),
(40, 16, 'LBL_REMINDER_INFORMATION', 2, 0, 0, 0, 0, 0, 1, 0),
(41, 16, 'LBL_DESCRIPTION_INFORMATION', 5, 0, 0, 0, 0, 0, 1, 0),
(42, 18, 'LBL_VENDOR_INFORMATION', 1, 0, 0, 0, 0, 0, 1, 0),
(43, 18, 'LBL_CUSTOM_INFORMATION', 2, 0, 0, 0, 0, 0, 1, 0),
(44, 18, 'LBL_VENDOR_ADDRESS_INFORMATION', 3, 0, 0, 0, 0, 0, 1, 0),
(45, 18, 'LBL_DESCRIPTION_INFORMATION', 4, 0, 0, 0, 0, 0, 1, 0),
(46, 19, 'LBL_PRICEBOOK_INFORMATION', 1, 0, 0, 0, 0, 0, 1, 0),
(47, 19, 'LBL_CUSTOM_INFORMATION', 2, 0, 0, 0, 0, 0, 1, 0),
(48, 19, 'LBL_DESCRIPTION_INFORMATION', 3, 0, 0, 0, 0, 0, 1, 0),
(49, 20, 'LBL_QUOTE_INFORMATION', 1, 0, 0, 0, 0, 0, 1, 0),
(50, 20, 'LBL_CUSTOM_INFORMATION', 2, 0, 0, 0, 0, 0, 1, 0),
(51, 20, 'LBL_ADDRESS_INFORMATION', 3, 0, 0, 0, 0, 0, 1, 0),
(52, 20, 'LBL_RELATED_PRODUCTS', 4, 0, 0, 0, 0, 0, 1, 0),
(53, 20, 'LBL_CONCLUSION', 5, 0, 0, 0, 0, 0, 1, 0),
(54, 20, 'LBL_LETTER', 6, 0, 0, 0, 0, 0, 1, 0),
(55, 21, 'LBL_PO_INFORMATION', 1, 0, 0, 0, 0, 0, 1, 0),
(56, 21, 'LBL_CUSTOM_INFORMATION', 2, 0, 0, 0, 0, 0, 1, 0),
(57, 21, 'LBL_ADDRESS_INFORMATION', 3, 0, 0, 0, 0, 0, 1, 0),
(58, 21, 'LBL_RELATED_PRODUCTS', 4, 0, 0, 0, 0, 0, 1, 0),
(59, 21, 'LBL_CONCLUSION', 5, 0, 0, 0, 0, 0, 1, 0),
(60, 21, 'LBL_LETTER', 6, 0, 0, 0, 0, 0, 1, 0),
(61, 22, 'LBL_SO_INFORMATION', 1, 0, 0, 0, 0, 0, 1, 0),
(62, 22, 'LBL_CUSTOM_INFORMATION', 3, 0, 0, 0, 0, 0, 1, 0),
(63, 22, 'LBL_ADDRESS_INFORMATION', 4, 0, 0, 0, 0, 0, 1, 0),
(64, 22, 'LBL_RELATED_PRODUCTS', 5, 0, 0, 0, 0, 0, 1, 0),
(65, 22, 'LBL_CONCLUSION', 6, 0, 0, 0, 0, 0, 1, 0),
(66, 22, 'LBL_LETTER', 7, 0, 0, 0, 0, 0, 1, 0),
(67, 23, 'LBL_INVOICE_INFORMATION', 1, 0, 0, 0, 0, 0, 1, 0),
(68, 23, 'LBL_CUSTOM_INFORMATION', 2, 0, 0, 0, 0, 0, 1, 0),
(69, 23, 'LBL_ADDRESS_INFORMATION', 3, 0, 0, 0, 0, 0, 1, 0),
(70, 23, 'LBL_RELATED_PRODUCTS', 4, 0, 0, 0, 0, 0, 1, 0),
(71, 23, 'LBL_CONCLUSION', 5, 0, 0, 0, 0, 0, 1, 0),
(72, 23, 'LBL_LETTER', 6, 0, 0, 0, 0, 0, 1, 0),
(73, 4, 'LBL_IMAGE_INFORMATION', 6, 0, 0, 0, 0, 0, 1, 0),
(74, 26, 'LBL_CAMPAIGN_INFORMATION', 1, 0, 0, 0, 0, 0, 1, 0),
(75, 26, 'LBL_CUSTOM_INFORMATION', 2, 0, 0, 0, 0, 0, 1, 0),
(76, 26, 'LBL_EXPECTATIONS_AND_ACTUALS', 3, 0, 0, 0, 0, 0, 1, 0),
(77, 29, 'LBL_USERLOGIN_ROLE', 1, 0, 0, 0, 0, 0, 1, 0),
(78, 29, 'LBL_CURRENCY_CONFIGURATION', 3, 0, 0, 0, 0, 0, 1, 0),
(79, 29, 'LBL_MORE_INFORMATION', 4, 0, 0, 0, 0, 0, 1, 0),
(80, 29, 'LBL_ADDRESS_INFORMATION', 5, 0, 0, 0, 0, 0, 1, 0),
(81, 26, 'LBL_DESCRIPTION_INFORMATION', 4, 0, 0, 0, 0, 0, 1, 0),
(82, 29, 'LBL_USER_IMAGE_INFORMATION', 5, 0, 0, 0, 0, 0, 1, 0),
(83, 29, 'LBL_USER_ADV_OPTIONS', 6, 0, 0, 0, 0, 0, 1, 0),
(84, 8, 'LBL_DESCRIPTION', 2, 0, 0, 0, 0, 0, 1, 0),
(85, 22, 'Recurring Invoice Information', 2, 0, 0, 0, 0, 0, 1, 0),
(86, 9, 'LBL_CUSTOM_INFORMATION', 3, 0, 0, 0, 0, 0, 1, 0),
(87, 16, 'LBL_CUSTOM_INFORMATION', 6, 0, 0, 0, 0, 0, 1, 0),
(88, 23, 'LBL_ITEM_DETAILS', 5, 0, 0, 0, 0, 0, 1, 0),
(89, 22, 'LBL_ITEM_DETAILS', 5, 0, 0, 0, 0, 0, 1, 0),
(90, 21, 'LBL_ITEM_DETAILS', 5, 0, 0, 0, 0, 0, 1, 0),
(91, 20, 'LBL_ITEM_DETAILS', 5, 0, 0, 0, 0, 0, 1, 0),
(92, 16, 'LBL_RECURRENCE_INFORMATION', 3, 0, 0, 0, 0, 0, 1, 0),
(93, 29, 'LBL_CALENDAR_SETTINGS', 2, 0, 0, 0, 0, 0, 1, 0),
(94, 16, 'LBL_RELATED_TO', 4, 0, 0, 0, 0, 0, 1, 0);

-- --------------------------------------------------------

--
-- Table structure for table `vtiger_blocks_seq`
--

CREATE TABLE IF NOT EXISTS `vtiger_blocks_seq` (
  `id` int(11) NOT NULL
) ENGINE=InnoDB DEFAULT CHARSET=utf8 COLLATE=utf8_unicode_ci;

--
-- Dumping data for table `vtiger_blocks_seq`
--

INSERT INTO `vtiger_blocks_seq` (`id`) VALUES
(94);

-- --------------------------------------------------------

--
-- Table structure for table `vtiger_calendarsharedtype`
--

CREATE TABLE IF NOT EXISTS `vtiger_calendarsharedtype` (
  `calendarsharedtypeid` int(11) NOT NULL AUTO_INCREMENT,
  `calendarsharedtype` varchar(200) NOT NULL,
  `sortorderid` int(11) DEFAULT NULL,
  `presence` int(11) NOT NULL DEFAULT '1',
  PRIMARY KEY (`calendarsharedtypeid`)
) ENGINE=InnoDB  DEFAULT CHARSET=utf8 COLLATE=utf8_unicode_ci AUTO_INCREMENT=4 ;

--
-- Dumping data for table `vtiger_calendarsharedtype`
--

INSERT INTO `vtiger_calendarsharedtype` (`calendarsharedtypeid`, `calendarsharedtype`, `sortorderid`, `presence`) VALUES
(1, 'public', 1, 1),
(2, 'private', 2, 1),
(3, 'seletedusers', 3, 1);

-- --------------------------------------------------------

--
-- Table structure for table `vtiger_calendarsharedtype_seq`
--

CREATE TABLE IF NOT EXISTS `vtiger_calendarsharedtype_seq` (
  `id` int(11) NOT NULL
) ENGINE=InnoDB DEFAULT CHARSET=utf8 COLLATE=utf8_unicode_ci;

--
-- Dumping data for table `vtiger_calendarsharedtype_seq`
--

INSERT INTO `vtiger_calendarsharedtype_seq` (`id`) VALUES
(3);

-- --------------------------------------------------------

--
-- Table structure for table `vtiger_calendar_default_activitytypes`
--

CREATE TABLE IF NOT EXISTS `vtiger_calendar_default_activitytypes` (
  `id` int(19) NOT NULL,
  `module` varchar(50) COLLATE utf8_unicode_ci DEFAULT NULL,
  `fieldname` varchar(50) COLLATE utf8_unicode_ci DEFAULT NULL,
  `defaultcolor` varchar(50) COLLATE utf8_unicode_ci DEFAULT NULL,
  PRIMARY KEY (`id`)
) ENGINE=InnoDB DEFAULT CHARSET=utf8 COLLATE=utf8_unicode_ci;

--
-- Dumping data for table `vtiger_calendar_default_activitytypes`
--

INSERT INTO `vtiger_calendar_default_activitytypes` (`id`, `module`, `fieldname`, `defaultcolor`) VALUES
(1, 'Events', 'Events', '#17309A'),
(2, 'Calendar', 'Tasks', '#3A87AD'),
(3, 'Potentials', 'Potentials', '#AA6705'),
(4, 'Contacts', 'support_end_date', '#953B39'),
(5, 'Contacts', 'birthday', '#545252'),
(6, 'Invoice', 'Invoice', '#87865D'),
(7, 'Project', 'Project', '#C71585'),
(8, 'ProjectTask', 'Project Task', '#006400');

-- --------------------------------------------------------

--
-- Table structure for table `vtiger_calendar_default_activitytypes_seq`
--

CREATE TABLE IF NOT EXISTS `vtiger_calendar_default_activitytypes_seq` (
  `id` int(11) NOT NULL
) ENGINE=InnoDB DEFAULT CHARSET=utf8 COLLATE=utf8_unicode_ci;

--
-- Dumping data for table `vtiger_calendar_default_activitytypes_seq`
--

INSERT INTO `vtiger_calendar_default_activitytypes_seq` (`id`) VALUES
(8);

-- --------------------------------------------------------

--
-- Table structure for table `vtiger_calendar_user_activitytypes`
--

CREATE TABLE IF NOT EXISTS `vtiger_calendar_user_activitytypes` (
  `id` int(19) NOT NULL,
  `defaultid` int(19) DEFAULT NULL,
  `userid` int(19) DEFAULT NULL,
  `color` varchar(50) COLLATE utf8_unicode_ci DEFAULT NULL,
  `visible` int(19) DEFAULT '1',
  PRIMARY KEY (`id`)
) ENGINE=InnoDB DEFAULT CHARSET=utf8 COLLATE=utf8_unicode_ci;

--
-- Dumping data for table `vtiger_calendar_user_activitytypes`
--

INSERT INTO `vtiger_calendar_user_activitytypes` (`id`, `defaultid`, `userid`, `color`, `visible`) VALUES
(1, 1, 6, '#17309A', 1),
(2, 2, 6, '#3A87AD', 1),
(3, 3, 6, '#AA6705', 1),
(4, 4, 6, '#953B39', 1),
(5, 5, 6, '#545252', 1),
(6, 6, 6, '#87865D', 1),
(7, 7, 6, '#C71585', 1),
(8, 8, 6, '#006400', 1);

-- --------------------------------------------------------

--
-- Table structure for table `vtiger_calendar_user_activitytypes_seq`
--

CREATE TABLE IF NOT EXISTS `vtiger_calendar_user_activitytypes_seq` (
  `id` int(11) NOT NULL
) ENGINE=InnoDB DEFAULT CHARSET=utf8 COLLATE=utf8_unicode_ci;

--
-- Dumping data for table `vtiger_calendar_user_activitytypes_seq`
--

INSERT INTO `vtiger_calendar_user_activitytypes_seq` (`id`) VALUES
(8);

-- --------------------------------------------------------

--
-- Table structure for table `vtiger_callduration`
--

CREATE TABLE IF NOT EXISTS `vtiger_callduration` (
  `calldurationid` int(11) NOT NULL AUTO_INCREMENT,
  `callduration` varchar(200) NOT NULL,
  `sortorderid` int(11) DEFAULT NULL,
  `presence` int(11) NOT NULL DEFAULT '1',
  PRIMARY KEY (`calldurationid`)
) ENGINE=InnoDB  DEFAULT CHARSET=utf8 COLLATE=utf8_unicode_ci AUTO_INCREMENT=6 ;

--
-- Dumping data for table `vtiger_callduration`
--

INSERT INTO `vtiger_callduration` (`calldurationid`, `callduration`, `sortorderid`, `presence`) VALUES
(1, '5', 1, 1),
(2, '10', 2, 1),
(3, '30', 3, 1),
(4, '60', 4, 1),
(5, '120', 5, 1);

-- --------------------------------------------------------

--
-- Table structure for table `vtiger_callduration_seq`
--

CREATE TABLE IF NOT EXISTS `vtiger_callduration_seq` (
  `id` int(11) NOT NULL
) ENGINE=InnoDB DEFAULT CHARSET=utf8 COLLATE=utf8_unicode_ci;

--
-- Dumping data for table `vtiger_callduration_seq`
--

INSERT INTO `vtiger_callduration_seq` (`id`) VALUES
(5);

-- --------------------------------------------------------

--
-- Table structure for table `vtiger_campaign`
--

CREATE TABLE IF NOT EXISTS `vtiger_campaign` (
  `campaign_no` varchar(100) COLLATE utf8_unicode_ci NOT NULL,
  `campaignname` varchar(255) COLLATE utf8_unicode_ci DEFAULT NULL,
  `campaigntype` varchar(200) COLLATE utf8_unicode_ci DEFAULT NULL,
  `campaignstatus` varchar(200) COLLATE utf8_unicode_ci DEFAULT NULL,
  `expectedrevenue` decimal(25,8) DEFAULT NULL,
  `budgetcost` decimal(25,8) DEFAULT NULL,
  `actualcost` decimal(25,8) DEFAULT NULL,
  `expectedresponse` varchar(200) COLLATE utf8_unicode_ci DEFAULT NULL,
  `numsent` decimal(11,0) DEFAULT NULL,
  `product_id` int(19) DEFAULT NULL,
  `sponsor` varchar(255) COLLATE utf8_unicode_ci DEFAULT NULL,
  `targetaudience` varchar(255) COLLATE utf8_unicode_ci DEFAULT NULL,
  `targetsize` int(19) DEFAULT NULL,
  `expectedresponsecount` int(19) DEFAULT NULL,
  `expectedsalescount` int(19) DEFAULT NULL,
  `expectedroi` decimal(25,8) DEFAULT NULL,
  `actualresponsecount` int(19) DEFAULT NULL,
  `actualsalescount` int(19) DEFAULT NULL,
  `actualroi` decimal(25,8) DEFAULT NULL,
  `campaignid` int(19) NOT NULL,
  `closingdate` date DEFAULT NULL,
  PRIMARY KEY (`campaignid`),
  KEY `campaign_campaignstatus_idx` (`campaignstatus`),
  KEY `campaign_campaignname_idx` (`campaignname`),
  KEY `campaign_campaignid_idx` (`campaignid`)
) ENGINE=InnoDB DEFAULT CHARSET=utf8 COLLATE=utf8_unicode_ci;

-- --------------------------------------------------------

--
-- Table structure for table `vtiger_campaignaccountrel`
--

CREATE TABLE IF NOT EXISTS `vtiger_campaignaccountrel` (
  `campaignid` int(19) NOT NULL,
  `accountid` int(19) NOT NULL,
  `campaignrelstatusid` int(19) NOT NULL,
  PRIMARY KEY (`campaignid`,`accountid`,`campaignrelstatusid`),
  KEY `accountid` (`accountid`)
) ENGINE=InnoDB DEFAULT CHARSET=utf8 COLLATE=utf8_unicode_ci;

-- --------------------------------------------------------

--
-- Table structure for table `vtiger_campaigncontrel`
--

CREATE TABLE IF NOT EXISTS `vtiger_campaigncontrel` (
  `campaignid` int(19) NOT NULL DEFAULT '0',
  `contactid` int(19) NOT NULL DEFAULT '0',
  `campaignrelstatusid` int(19) NOT NULL DEFAULT '0',
  PRIMARY KEY (`campaignid`,`contactid`,`campaignrelstatusid`),
  KEY `campaigncontrel_contractid_idx` (`contactid`)
) ENGINE=InnoDB DEFAULT CHARSET=utf8 COLLATE=utf8_unicode_ci;

-- --------------------------------------------------------

--
-- Table structure for table `vtiger_campaignleadrel`
--

CREATE TABLE IF NOT EXISTS `vtiger_campaignleadrel` (
  `campaignid` int(19) NOT NULL DEFAULT '0',
  `leadid` int(19) NOT NULL DEFAULT '0',
  `campaignrelstatusid` int(19) NOT NULL DEFAULT '0',
  PRIMARY KEY (`campaignid`,`leadid`,`campaignrelstatusid`),
  KEY `campaignleadrel_leadid_campaignid_idx` (`leadid`,`campaignid`)
) ENGINE=InnoDB DEFAULT CHARSET=utf8 COLLATE=utf8_unicode_ci;

-- --------------------------------------------------------

--
-- Table structure for table `vtiger_campaignrelstatus`
--

CREATE TABLE IF NOT EXISTS `vtiger_campaignrelstatus` (
  `campaignrelstatusid` int(19) DEFAULT NULL,
  `campaignrelstatus` varchar(256) COLLATE utf8_unicode_ci DEFAULT NULL,
  `sortorderid` int(19) DEFAULT NULL,
  `presence` int(19) DEFAULT NULL
) ENGINE=InnoDB DEFAULT CHARSET=utf8 COLLATE=utf8_unicode_ci;

--
-- Dumping data for table `vtiger_campaignrelstatus`
--

INSERT INTO `vtiger_campaignrelstatus` (`campaignrelstatusid`, `campaignrelstatus`, `sortorderid`, `presence`) VALUES
(2, 'Contacted - Successful', 1, 1),
(3, 'Contacted - Unsuccessful', 2, 1),
(4, 'Contacted - Never Contact Again', 3, 1);

-- --------------------------------------------------------

--
-- Table structure for table `vtiger_campaignrelstatus_seq`
--

CREATE TABLE IF NOT EXISTS `vtiger_campaignrelstatus_seq` (
  `id` int(11) NOT NULL
) ENGINE=InnoDB DEFAULT CHARSET=utf8 COLLATE=utf8_unicode_ci;

--
-- Dumping data for table `vtiger_campaignrelstatus_seq`
--

INSERT INTO `vtiger_campaignrelstatus_seq` (`id`) VALUES
(4);

-- --------------------------------------------------------

--
-- Table structure for table `vtiger_campaignscf`
--

CREATE TABLE IF NOT EXISTS `vtiger_campaignscf` (
  `campaignid` int(19) NOT NULL DEFAULT '0',
  PRIMARY KEY (`campaignid`)
) ENGINE=InnoDB DEFAULT CHARSET=utf8 COLLATE=utf8_unicode_ci;

-- --------------------------------------------------------

--
-- Table structure for table `vtiger_campaignstatus`
--

CREATE TABLE IF NOT EXISTS `vtiger_campaignstatus` (
  `campaignstatusid` int(19) NOT NULL AUTO_INCREMENT,
  `campaignstatus` varchar(200) COLLATE utf8_unicode_ci NOT NULL,
  `presence` int(1) NOT NULL DEFAULT '1',
  `picklist_valueid` int(19) NOT NULL DEFAULT '0',
  `sortorderid` int(11) DEFAULT NULL,
  PRIMARY KEY (`campaignstatusid`),
  KEY `campaignstatus_campaignstatus_idx` (`campaignstatus`)
) ENGINE=InnoDB  DEFAULT CHARSET=utf8 COLLATE=utf8_unicode_ci AUTO_INCREMENT=7 ;

--
-- Dumping data for table `vtiger_campaignstatus`
--

INSERT INTO `vtiger_campaignstatus` (`campaignstatusid`, `campaignstatus`, `presence`, `picklist_valueid`, `sortorderid`) VALUES
(2, 'Planning', 1, 15, 1),
(3, 'Active', 1, 16, 2),
(4, 'Inactive', 1, 17, 3),
(5, 'Completed', 1, 18, 4),
(6, 'Cancelled', 1, 19, 5);

-- --------------------------------------------------------

--
-- Table structure for table `vtiger_campaignstatus_seq`
--

CREATE TABLE IF NOT EXISTS `vtiger_campaignstatus_seq` (
  `id` int(11) NOT NULL
) ENGINE=InnoDB DEFAULT CHARSET=utf8 COLLATE=utf8_unicode_ci;

--
-- Dumping data for table `vtiger_campaignstatus_seq`
--

INSERT INTO `vtiger_campaignstatus_seq` (`id`) VALUES
(6);

-- --------------------------------------------------------

--
-- Table structure for table `vtiger_campaigntype`
--

CREATE TABLE IF NOT EXISTS `vtiger_campaigntype` (
  `campaigntypeid` int(19) NOT NULL AUTO_INCREMENT,
  `campaigntype` varchar(200) COLLATE utf8_unicode_ci NOT NULL,
  `presence` int(1) NOT NULL DEFAULT '1',
  `picklist_valueid` int(19) NOT NULL DEFAULT '0',
  `sortorderid` int(11) DEFAULT NULL,
  PRIMARY KEY (`campaigntypeid`),
  UNIQUE KEY `campaigntype_campaigntype_idx` (`campaigntype`)
) ENGINE=InnoDB  DEFAULT CHARSET=utf8 COLLATE=utf8_unicode_ci AUTO_INCREMENT=14 ;

--
-- Dumping data for table `vtiger_campaigntype`
--

INSERT INTO `vtiger_campaigntype` (`campaigntypeid`, `campaigntype`, `presence`, `picklist_valueid`, `sortorderid`) VALUES
(2, 'Conference', 1, 21, 1),
(3, 'Webinar', 1, 22, 2),
(4, 'Trade Show', 1, 23, 3),
(5, 'Public Relations', 1, 24, 4),
(6, 'Partners', 1, 25, 5),
(7, 'Referral Program', 1, 26, 6),
(8, 'Advertisement', 1, 27, 7),
(9, 'Banner Ads', 1, 28, 8),
(10, 'Direct Mail', 1, 29, 9),
(11, 'Email', 1, 30, 10),
(12, 'Telemarketing', 1, 31, 11),
(13, 'Others', 1, 32, 12);

-- --------------------------------------------------------

--
-- Table structure for table `vtiger_campaigntype_seq`
--

CREATE TABLE IF NOT EXISTS `vtiger_campaigntype_seq` (
  `id` int(11) NOT NULL
) ENGINE=InnoDB DEFAULT CHARSET=utf8 COLLATE=utf8_unicode_ci;

--
-- Dumping data for table `vtiger_campaigntype_seq`
--

INSERT INTO `vtiger_campaigntype_seq` (`id`) VALUES
(13);

-- --------------------------------------------------------

--
-- Table structure for table `vtiger_carrier`
--

CREATE TABLE IF NOT EXISTS `vtiger_carrier` (
  `carrierid` int(19) NOT NULL AUTO_INCREMENT,
  `carrier` varchar(200) COLLATE utf8_unicode_ci NOT NULL,
  `presence` int(1) NOT NULL DEFAULT '1',
  `picklist_valueid` int(19) NOT NULL DEFAULT '0',
  `sortorderid` int(11) DEFAULT NULL,
  PRIMARY KEY (`carrierid`),
  UNIQUE KEY `carrier_carrier_idx` (`carrier`)
) ENGINE=InnoDB  DEFAULT CHARSET=utf8 COLLATE=utf8_unicode_ci AUTO_INCREMENT=6 ;

--
-- Dumping data for table `vtiger_carrier`
--

INSERT INTO `vtiger_carrier` (`carrierid`, `carrier`, `presence`, `picklist_valueid`, `sortorderid`) VALUES
(1, 'FedEx', 1, 33, 0),
(2, 'UPS', 1, 34, 1),
(3, 'USPS', 1, 35, 2),
(4, 'DHL', 1, 36, 3),
(5, 'BlueDart', 1, 37, 4);

-- --------------------------------------------------------

--
-- Table structure for table `vtiger_carrier_seq`
--

CREATE TABLE IF NOT EXISTS `vtiger_carrier_seq` (
  `id` int(11) NOT NULL
) ENGINE=InnoDB DEFAULT CHARSET=utf8 COLLATE=utf8_unicode_ci;

--
-- Dumping data for table `vtiger_carrier_seq`
--

INSERT INTO `vtiger_carrier_seq` (`id`) VALUES
(5);

-- --------------------------------------------------------

--
-- Table structure for table `vtiger_cntactivityrel`
--

CREATE TABLE IF NOT EXISTS `vtiger_cntactivityrel` (
  `contactid` int(19) NOT NULL DEFAULT '0',
  `activityid` int(19) NOT NULL DEFAULT '0',
  PRIMARY KEY (`contactid`,`activityid`),
  KEY `cntactivityrel_contactid_idx` (`contactid`),
  KEY `cntactivityrel_activityid_idx` (`activityid`)
) ENGINE=InnoDB DEFAULT CHARSET=utf8 COLLATE=utf8_unicode_ci;

-- --------------------------------------------------------

--
-- Table structure for table `vtiger_contactaddress`
--

CREATE TABLE IF NOT EXISTS `vtiger_contactaddress` (
  `contactaddressid` int(19) NOT NULL DEFAULT '0',
  `mailingcity` varchar(40) COLLATE utf8_unicode_ci DEFAULT NULL,
  `mailingstreet` varchar(250) COLLATE utf8_unicode_ci DEFAULT NULL,
  `mailingcountry` varchar(40) COLLATE utf8_unicode_ci DEFAULT NULL,
  `othercountry` varchar(30) COLLATE utf8_unicode_ci DEFAULT NULL,
  `mailingstate` varchar(30) COLLATE utf8_unicode_ci DEFAULT NULL,
  `mailingpobox` varchar(30) COLLATE utf8_unicode_ci DEFAULT NULL,
  `othercity` varchar(40) COLLATE utf8_unicode_ci DEFAULT NULL,
  `otherstate` varchar(50) COLLATE utf8_unicode_ci DEFAULT NULL,
  `mailingzip` varchar(30) COLLATE utf8_unicode_ci DEFAULT NULL,
  `otherzip` varchar(30) COLLATE utf8_unicode_ci DEFAULT NULL,
  `otherstreet` varchar(250) COLLATE utf8_unicode_ci DEFAULT NULL,
  `otherpobox` varchar(30) COLLATE utf8_unicode_ci DEFAULT NULL,
  PRIMARY KEY (`contactaddressid`)
) ENGINE=InnoDB DEFAULT CHARSET=utf8 COLLATE=utf8_unicode_ci;

-- --------------------------------------------------------

--
-- Table structure for table `vtiger_contactdetails`
--

CREATE TABLE IF NOT EXISTS `vtiger_contactdetails` (
  `contactid` int(19) NOT NULL DEFAULT '0',
  `contact_no` varchar(100) COLLATE utf8_unicode_ci NOT NULL,
  `accountid` int(19) DEFAULT NULL,
  `salutation` varchar(200) COLLATE utf8_unicode_ci DEFAULT NULL,
  `firstname` varchar(40) COLLATE utf8_unicode_ci DEFAULT NULL,
  `lastname` varchar(80) COLLATE utf8_unicode_ci NOT NULL,
  `email` varchar(100) COLLATE utf8_unicode_ci DEFAULT NULL,
  `phone` varchar(50) COLLATE utf8_unicode_ci DEFAULT NULL,
  `mobile` varchar(50) COLLATE utf8_unicode_ci DEFAULT NULL,
  `title` varchar(50) COLLATE utf8_unicode_ci DEFAULT NULL,
  `department` varchar(30) COLLATE utf8_unicode_ci DEFAULT NULL,
  `fax` varchar(50) COLLATE utf8_unicode_ci DEFAULT NULL,
  `reportsto` varchar(30) COLLATE utf8_unicode_ci DEFAULT NULL,
  `training` varchar(50) COLLATE utf8_unicode_ci DEFAULT NULL,
  `usertype` varchar(50) COLLATE utf8_unicode_ci DEFAULT NULL,
  `contacttype` varchar(50) COLLATE utf8_unicode_ci DEFAULT NULL,
  `otheremail` varchar(100) COLLATE utf8_unicode_ci DEFAULT NULL,
  `secondaryemail` varchar(100) COLLATE utf8_unicode_ci DEFAULT NULL,
  `donotcall` varchar(3) COLLATE utf8_unicode_ci DEFAULT NULL,
  `emailoptout` varchar(3) COLLATE utf8_unicode_ci DEFAULT '0',
  `imagename` varchar(150) COLLATE utf8_unicode_ci DEFAULT NULL,
  `reference` varchar(3) COLLATE utf8_unicode_ci DEFAULT NULL,
  `notify_owner` varchar(3) COLLATE utf8_unicode_ci DEFAULT '0',
  `isconvertedfromlead` varchar(3) COLLATE utf8_unicode_ci DEFAULT '0',
  PRIMARY KEY (`contactid`),
  KEY `contactdetails_accountid_idx` (`accountid`),
  KEY `email_idx` (`email`)
) ENGINE=InnoDB DEFAULT CHARSET=utf8 COLLATE=utf8_unicode_ci;

-- --------------------------------------------------------

--
-- Table structure for table `vtiger_contactscf`
--

CREATE TABLE IF NOT EXISTS `vtiger_contactscf` (
  `contactid` int(19) NOT NULL DEFAULT '0',
  PRIMARY KEY (`contactid`)
) ENGINE=InnoDB DEFAULT CHARSET=utf8 COLLATE=utf8_unicode_ci;

-- --------------------------------------------------------

--
-- Table structure for table `vtiger_contactsubdetails`
--

CREATE TABLE IF NOT EXISTS `vtiger_contactsubdetails` (
  `contactsubscriptionid` int(19) NOT NULL DEFAULT '0',
  `homephone` varchar(50) COLLATE utf8_unicode_ci DEFAULT NULL,
  `otherphone` varchar(50) COLLATE utf8_unicode_ci DEFAULT NULL,
  `assistant` varchar(30) COLLATE utf8_unicode_ci DEFAULT NULL,
  `assistantphone` varchar(50) COLLATE utf8_unicode_ci DEFAULT NULL,
  `birthday` date DEFAULT NULL,
  `laststayintouchrequest` int(30) DEFAULT '0',
  `laststayintouchsavedate` int(19) DEFAULT '0',
  `leadsource` varchar(200) COLLATE utf8_unicode_ci DEFAULT NULL,
  PRIMARY KEY (`contactsubscriptionid`)
) ENGINE=InnoDB DEFAULT CHARSET=utf8 COLLATE=utf8_unicode_ci;

-- --------------------------------------------------------

--
-- Table structure for table `vtiger_contpotentialrel`
--

CREATE TABLE IF NOT EXISTS `vtiger_contpotentialrel` (
  `contactid` int(19) NOT NULL DEFAULT '0',
  `potentialid` int(19) NOT NULL DEFAULT '0',
  PRIMARY KEY (`contactid`,`potentialid`),
  KEY `contpotentialrel_potentialid_idx` (`potentialid`),
  KEY `contpotentialrel_contactid_idx` (`contactid`)
) ENGINE=InnoDB DEFAULT CHARSET=utf8 COLLATE=utf8_unicode_ci;

-- --------------------------------------------------------

--
-- Table structure for table `vtiger_convertleadmapping`
--

CREATE TABLE IF NOT EXISTS `vtiger_convertleadmapping` (
  `cfmid` int(19) NOT NULL AUTO_INCREMENT,
  `leadfid` int(19) NOT NULL,
  `accountfid` int(19) DEFAULT NULL,
  `contactfid` int(19) DEFAULT NULL,
  `potentialfid` int(19) DEFAULT NULL,
  `editable` int(19) DEFAULT '1',
  PRIMARY KEY (`cfmid`)
) ENGINE=InnoDB  DEFAULT CHARSET=utf8 COLLATE=utf8_unicode_ci AUTO_INCREMENT=31 ;

--
-- Dumping data for table `vtiger_convertleadmapping`
--

INSERT INTO `vtiger_convertleadmapping` (`cfmid`, `leadfid`, `accountfid`, `contactfid`, `potentialfid`, `editable`) VALUES
(1, 43, 1, 0, 110, 0),
(2, 49, 14, 0, 0, 1),
(3, 40, 3, 69, 0, 1),
(4, 44, 5, 77, 0, 1),
(5, 52, 13, 0, 0, 1),
(6, 46, 9, 80, 0, 0),
(7, 48, 4, 0, 0, 1),
(8, 61, 26, 98, 0, 1),
(9, 60, 30, 0, 0, 1),
(10, 62, 32, 104, 0, 1),
(11, 63, 28, 100, 0, 1),
(12, 59, 24, 96, 0, 1),
(13, 64, 34, 106, 0, 1),
(14, 61, 27, 0, 0, 1),
(15, 60, 31, 0, 0, 1),
(16, 62, 33, 0, 0, 1),
(17, 63, 29, 0, 0, 1),
(18, 59, 25, 0, 0, 1),
(19, 64, 35, 0, 0, 1),
(20, 65, 36, 109, 125, 1),
(21, 37, 0, 66, 0, 1),
(22, 38, 0, 67, 0, 0),
(23, 41, 0, 70, 0, 0),
(24, 42, 0, 71, 0, 1),
(25, 45, 0, 76, 0, 1),
(26, 55, 0, 83, 0, 1),
(27, 47, 0, 74, 117, 1),
(28, 50, 0, 0, 0, 1),
(29, 53, 10, 0, 0, 1),
(30, 51, 17, 0, 0, 1);

-- --------------------------------------------------------

--
-- Table structure for table `vtiger_crmentity`
--

CREATE TABLE IF NOT EXISTS `vtiger_crmentity` (
  `crmid` int(19) NOT NULL,
  `smcreatorid` int(19) NOT NULL DEFAULT '0',
  `smownerid` int(19) NOT NULL DEFAULT '0',
  `modifiedby` int(19) NOT NULL DEFAULT '0',
  `setype` varchar(30) COLLATE utf8_unicode_ci NOT NULL,
  `description` mediumtext COLLATE utf8_unicode_ci,
  `createdtime` datetime NOT NULL,
  `modifiedtime` datetime NOT NULL,
  `viewedtime` datetime DEFAULT NULL,
  `status` varchar(50) COLLATE utf8_unicode_ci DEFAULT NULL,
  `version` int(19) NOT NULL DEFAULT '0',
  `presence` int(1) DEFAULT '1',
  `deleted` int(1) NOT NULL DEFAULT '0',
  `label` varchar(255) COLLATE utf8_unicode_ci DEFAULT NULL,
  PRIMARY KEY (`crmid`),
  KEY `crmentity_smcreatorid_idx` (`smcreatorid`),
  KEY `crmentity_modifiedby_idx` (`modifiedby`),
  KEY `crmentity_deleted_idx` (`deleted`),
  KEY `crm_ownerid_del_setype_idx` (`smownerid`,`deleted`,`setype`),
  KEY `vtiger_crmentity_labelidx` (`label`)
) ENGINE=InnoDB DEFAULT CHARSET=utf8 COLLATE=utf8_unicode_ci;

-- --------------------------------------------------------

--
-- Table structure for table `vtiger_crmentityrel`
--

CREATE TABLE IF NOT EXISTS `vtiger_crmentityrel` (
  `crmid` int(11) NOT NULL,
  `module` varchar(100) COLLATE utf8_unicode_ci NOT NULL,
  `relcrmid` int(11) NOT NULL,
  `relmodule` varchar(100) COLLATE utf8_unicode_ci NOT NULL,
  PRIMARY KEY (`crmid`,`relcrmid`),
  KEY `relcrmid` (`relcrmid`)
) ENGINE=InnoDB DEFAULT CHARSET=utf8 COLLATE=utf8_unicode_ci;

-- --------------------------------------------------------

--
-- Table structure for table `vtiger_crmentity_seq`
--

CREATE TABLE IF NOT EXISTS `vtiger_crmentity_seq` (
  `id` int(11) NOT NULL
) ENGINE=InnoDB DEFAULT CHARSET=utf8 COLLATE=utf8_unicode_ci;

--
-- Dumping data for table `vtiger_crmentity_seq`
--

INSERT INTO `vtiger_crmentity_seq` (`id`) VALUES
(1);

-- --------------------------------------------------------

--
-- Table structure for table `vtiger_crmsetup`
--

CREATE TABLE IF NOT EXISTS `vtiger_crmsetup` (
  `userid` int(11) DEFAULT NULL,
  `setup_status` int(2) DEFAULT NULL
) ENGINE=InnoDB DEFAULT CHARSET=utf8 COLLATE=utf8_unicode_ci;

-- --------------------------------------------------------

--
-- Table structure for table `vtiger_cron_task`
--

CREATE TABLE IF NOT EXISTS `vtiger_cron_task` (
  `id` int(11) NOT NULL AUTO_INCREMENT,
  `name` varchar(100) DEFAULT NULL,
  `handler_file` varchar(100) DEFAULT NULL,
  `frequency` int(11) DEFAULT NULL,
  `laststart` int(11) unsigned DEFAULT NULL,
  `lastend` int(11) unsigned DEFAULT NULL,
  `status` int(11) DEFAULT NULL,
  `module` varchar(100) DEFAULT NULL,
  `sequence` int(11) DEFAULT NULL,
  `description` text,
  PRIMARY KEY (`id`),
  UNIQUE KEY `name` (`name`),
  UNIQUE KEY `handler_file` (`handler_file`)
) ENGINE=InnoDB  DEFAULT CHARSET=utf8 COLLATE=utf8_unicode_ci AUTO_INCREMENT=7 ;

--
-- Dumping data for table `vtiger_cron_task`
--

INSERT INTO `vtiger_cron_task` (`id`, `name`, `handler_file`, `frequency`, `laststart`, `lastend`, `status`, `module`, `sequence`, `description`) VALUES
(1, 'Workflow', 'cron/modules/com_vtiger_workflow/com_vtiger_workflow.service', 900, NULL, NULL, 1, 'com_vtiger_workflow', 1, 'LBL_WORKFLOW_DES'),
(2, 'RecurringInvoice', 'cron/modules/SalesOrder/RecurringInvoice.service', 86400, NULL, NULL, 1, 'SalesOrder', 2, 'LBL_REC_INVOICE_DES'),
(3, 'SendReminder', 'cron/SendReminder.service', 900, NULL, NULL, 1, 'Calendar', 3, 'LBL_SENDREMINDER_DES'),
(5, 'MailScanner', 'cron/MailScanner.service', 900, NULL, NULL, 1, 'Settings', 5, 'LBL_MAILSCANNER_DES'),
(6, 'ScheduleReports', 'cron/modules/Reports/ScheduleReports.service', 900, NULL, NULL, 1, 'Reports', 6, 'Recommended frequency for ScheduleReports is 15 mins');

-- --------------------------------------------------------

--
-- Table structure for table `vtiger_currencies`
--

CREATE TABLE IF NOT EXISTS `vtiger_currencies` (
  `currencyid` int(19) NOT NULL AUTO_INCREMENT,
  `currency_name` varchar(200) COLLATE utf8_unicode_ci DEFAULT NULL,
  `currency_code` varchar(50) COLLATE utf8_unicode_ci DEFAULT NULL,
  `currency_symbol` varchar(11) COLLATE utf8_unicode_ci DEFAULT NULL,
  PRIMARY KEY (`currencyid`)
) ENGINE=InnoDB  DEFAULT CHARSET=utf8 COLLATE=utf8_unicode_ci AUTO_INCREMENT=139 ;

--
-- Dumping data for table `vtiger_currencies`
--

INSERT INTO `vtiger_currencies` (`currencyid`, `currency_name`, `currency_code`, `currency_symbol`) VALUES
(1, 'Albania, Leke', 'ALL', 'Lek'),
(2, 'Argentina, Pesos', 'ARS', '$'),
(3, 'Aruba, Guilders', 'AWG', ''),
(4, 'Australia, Dollars', 'AUD', '$'),
(5, 'Azerbaijan, New Manats', 'AZN', ''),
(6, 'Bahamas, Dollars', 'BSD', '$'),
(7, 'Bahrain, Dinar', 'BHD', 'BD'),
(8, 'Barbados, Dollars', 'BBD', '$'),
(9, 'Belarus, Rubles', 'BYR', 'p.'),
(10, 'Belize, Dollars', 'BZD', 'BZ$'),
(11, 'Bermuda, Dollars', 'BMD', '$'),
(12, 'Bolivia, Bolivianos', 'BOB', '$b'),
(13, 'China, Yuan Renminbi', 'CNY', ''),
(14, 'Convertible Marka', 'BAM', 'KM'),
(15, 'Botswana, Pulas', 'BWP', 'P'),
(16, 'Bulgaria, Leva', 'BGN', ''),
(17, 'Brazil, Reais', 'BRL', 'R$'),
(18, 'Great Britain Pounds', 'GBP', ''),
(19, 'Brunei Darussalam, Dollars', 'BND', '$'),
(20, 'Canada, Dollars', 'CAD', '$'),
(21, 'Cayman Islands, Dollars', 'KYD', '$'),
(22, 'Chile, Pesos', 'CLP', '$'),
(23, 'Colombia, Pesos', 'COP', '$'),
(24, 'Costa Rica, Coln', 'CRC', ''),
(25, 'Croatia, Kuna', 'HRK', 'kn'),
(26, 'Cuba, Pesos', 'CUP', ''),
(27, 'Czech Republic, Koruny', 'CZK', 'K'),
(28, 'Cyprus, Pounds', 'CYP', ''),
(29, 'Denmark, Kroner', 'DKK', 'kr'),
(30, 'Dominican Republic, Pesos', 'DOP', 'RD$'),
(31, 'East Caribbean, Dollars', 'XCD', '$'),
(32, 'Egypt, Pounds', 'EGP', ''),
(33, 'El Salvador, Coln', 'SVC', ''),
(34, 'England, Pounds', 'GBP', ''),
(35, 'Estonia, Krooni', 'EEK', 'kr'),
(36, 'Euro', 'EUR', ''),
(37, 'Falkland Islands, Pounds', 'FKP', ''),
(38, 'Fiji, Dollars', 'FJD', '$'),
(39, 'Ghana, Cedis', 'GHC', ''),
(40, 'Gibraltar, Pounds', 'GIP', ''),
(41, 'Guatemala, Quetzales', 'GTQ', 'Q'),
(42, 'Guernsey, Pounds', 'GGP', ''),
(43, 'Guyana, Dollars', 'GYD', '$'),
(44, 'Honduras, Lempiras', 'HNL', 'L'),
(45, 'Hong Kong, Dollars', 'HKD', 'HK$'),
(46, 'Hungary, Forint', 'HUF', 'Ft'),
(47, 'Iceland, Krona', 'ISK', 'kr'),
(48, 'India, Rupees', 'INR', ''),
(49, 'Indonesia, Rupiahs', 'IDR', 'Rp'),
(50, 'Iran, Rials', 'IRR', ''),
(51, 'Isle of Man, Pounds', 'IMP', ''),
(52, 'Israel, New Shekels', 'ILS', ''),
(53, 'Jamaica, Dollars', 'JMD', 'J$'),
(54, 'Japan, Yen', 'JPY', ''),
(55, 'Jersey, Pounds', 'JEP', ''),
(56, 'Jordan, Dinar', 'JOD', 'JOD'),
(57, 'Kazakhstan, Tenge', 'KZT', ''),
(58, 'Kenya, Shilling', 'KES', 'KES'),
(59, 'Korea (North), Won', 'KPW', ''),
(60, 'Korea (South), Won', 'KRW', ''),
(61, 'Kuwait, Dinar', 'KWD', 'KWD'),
(62, 'Kyrgyzstan, Soms', 'KGS', ''),
(63, 'Laos, Kips', 'LAK', ''),
(64, 'Latvia, Lati', 'LVL', 'Ls'),
(65, 'Lebanon, Pounds', 'LBP', ''),
(66, 'Liberia, Dollars', 'LRD', '$'),
(67, 'Switzerland Francs', 'CHF', 'CHF'),
(68, 'Lithuania, Litai', 'LTL', 'Lt'),
(69, 'MADAGASCAR, Malagasy Ariary', 'MGA', 'MGA'),
(70, 'Macedonia, Denars', 'MKD', ''),
(71, 'Malaysia, Ringgits', 'MYR', 'RM'),
(72, 'Malta, Liri', 'MTL', ''),
(73, 'Mauritius, Rupees', 'MUR', ''),
(74, 'Mexico, Pesos', 'MXN', '$'),
(75, 'Mongolia, Tugriks', 'MNT', ''),
(76, 'Mozambique, Meticais', 'MZN', 'MT'),
(77, 'Namibia, Dollars', 'NAD', '$'),
(78, 'Nepal, Rupees', 'NPR', ''),
(79, 'Netherlands Antilles, Guilders', 'ANG', ''),
(80, 'New Zealand, Dollars', 'NZD', '$'),
(81, 'Nicaragua, Cordobas', 'NIO', 'C$'),
(82, 'Nigeria, Nairas', 'NGN', ''),
(83, 'North Korea, Won', 'KPW', ''),
(84, 'Norway, Krone', 'NOK', 'kr'),
(85, 'Oman, Rials', 'OMR', ''),
(86, 'Pakistan, Rupees', 'PKR', ''),
(87, 'Panama, Balboa', 'PAB', 'B/.'),
(88, 'Paraguay, Guarani', 'PYG', 'Gs'),
(89, 'Peru, Nuevos Soles', 'PEN', 'S/.'),
(90, 'Philippines, Pesos', 'PHP', 'Php'),
(91, 'Poland, Zlotych', 'PLN', 'z'),
(92, 'Qatar, Rials', 'QAR', ''),
(93, 'Romania, New Lei', 'RON', 'lei'),
(94, 'Russia, Rubles', 'RUB', ''),
(95, 'Saint Helena, Pounds', 'SHP', ''),
(96, 'Saudi Arabia, Riyals', 'SAR', ''),
(97, 'Serbia, Dinars', 'RSD', '.'),
(98, 'Seychelles, Rupees', 'SCR', ''),
(99, 'Singapore, Dollars', 'SGD', '$'),
(100, 'Solomon Islands, Dollars', 'SBD', '$'),
(101, 'Somalia, Shillings', 'SOS', 'S'),
(102, 'South Africa, Rand', 'ZAR', 'R'),
(103, 'South Korea, Won', 'KRW', ''),
(104, 'Sri Lanka, Rupees', 'LKR', ''),
(105, 'Sweden, Kronor', 'SEK', 'kr'),
(106, 'Switzerland, Francs', 'CHF', 'CHF'),
(107, 'Suriname, Dollars', 'SRD', '$'),
(108, 'Syria, Pounds', 'SYP', ''),
(109, 'Taiwan, New Dollars', 'TWD', 'NT$'),
(110, 'Thailand, Baht', 'THB', ''),
(111, 'Trinidad and Tobago, Dollars', 'TTD', 'TT$'),
(112, 'Turkey, New Lira', 'TRY', 'YTL'),
(113, 'Turkey, Liras', 'TRL', ''),
(114, 'Tuvalu, Dollars', 'TVD', '$'),
(115, 'Ukraine, Hryvnia', 'UAH', ''),
(116, 'United Arab Emirates, Dirham', 'AED', 'AED'),
(117, 'United Kingdom, Pounds', 'GBP', ''),
(118, 'United Republic of Tanzania, Shilling', 'TZS', 'TZS'),
(119, 'USA, Dollars', 'USD', '$'),
(120, 'Uruguay, Pesos', 'UYU', '$U'),
(121, 'Uzbekistan, Sums', 'UZS', ''),
(122, 'Venezuela, Bolivares Fuertes', 'VEF', 'Bs'),
(123, 'Vietnam, Dong', 'VND', ''),
(124, 'Zambia, Kwacha', 'ZMK', 'ZMK'),
(125, 'Yemen, Rials', 'YER', ''),
(126, 'Zimbabwe Dollars', 'ZWD', 'Z$'),
(127, 'Malawi, Kwacha', 'MWK', 'MK'),
(128, 'Tunisian, Dinar', 'TD', 'TD'),
(129, 'Moroccan, Dirham', 'MAD', 'DH'),
(130, 'Iraqi Dinar', 'IQD', 'ID'),
(131, 'Maldivian Ruffiya', 'MVR', 'MVR'),
(132, 'Ugandan Shilling', 'UGX', 'Sh'),
(133, 'Sudanese Pound', 'SDG', ''),
(134, 'CFA Franc BCEAO', 'XOF', 'CFA'),
(135, 'CFA Franc BEAC', 'XAF', 'CFA'),
(136, 'Haiti, Gourde', 'HTG', 'G'),
(137, 'Libya, Dinar', 'LYD', 'LYD'),
(138, 'CFP Franc', 'XPF', 'F');

-- --------------------------------------------------------

--
-- Table structure for table `vtiger_currencies_seq`
--

CREATE TABLE IF NOT EXISTS `vtiger_currencies_seq` (
  `id` int(11) NOT NULL
) ENGINE=InnoDB DEFAULT CHARSET=utf8 COLLATE=utf8_unicode_ci;

--
-- Dumping data for table `vtiger_currencies_seq`
--

INSERT INTO `vtiger_currencies_seq` (`id`) VALUES
(138);

-- --------------------------------------------------------

--
-- Table structure for table `vtiger_currency`
--

CREATE TABLE IF NOT EXISTS `vtiger_currency` (
  `currencyid` int(19) NOT NULL AUTO_INCREMENT,
  `currency` varchar(200) COLLATE utf8_unicode_ci NOT NULL,
  `sortorderid` int(19) NOT NULL DEFAULT '0',
  `presence` int(1) NOT NULL DEFAULT '1',
  PRIMARY KEY (`currencyid`),
  UNIQUE KEY `currency_currency_idx` (`currency`)
) ENGINE=InnoDB DEFAULT CHARSET=utf8 COLLATE=utf8_unicode_ci AUTO_INCREMENT=1 ;

-- --------------------------------------------------------

--
-- Table structure for table `vtiger_currency_decimal_separator`
--

CREATE TABLE IF NOT EXISTS `vtiger_currency_decimal_separator` (
  `currency_decimal_separatorid` int(19) NOT NULL AUTO_INCREMENT,
  `currency_decimal_separator` varchar(2) COLLATE utf8_unicode_ci NOT NULL,
  `sortorderid` int(19) NOT NULL DEFAULT '0',
  `presence` int(1) NOT NULL DEFAULT '1',
  PRIMARY KEY (`currency_decimal_separatorid`)
) ENGINE=InnoDB  DEFAULT CHARSET=utf8 COLLATE=utf8_unicode_ci AUTO_INCREMENT=6 ;

--
-- Dumping data for table `vtiger_currency_decimal_separator`
--

INSERT INTO `vtiger_currency_decimal_separator` (`currency_decimal_separatorid`, `currency_decimal_separator`, `sortorderid`, `presence`) VALUES
(1, '.', 0, 1),
(2, ',', 1, 1),
(3, '''', 2, 1),
(4, ' ', 3, 1),
(5, '$', 4, 1);

-- --------------------------------------------------------

--
-- Table structure for table `vtiger_currency_decimal_separator_seq`
--

CREATE TABLE IF NOT EXISTS `vtiger_currency_decimal_separator_seq` (
  `id` int(11) NOT NULL
) ENGINE=InnoDB DEFAULT CHARSET=utf8 COLLATE=utf8_unicode_ci;

--
-- Dumping data for table `vtiger_currency_decimal_separator_seq`
--

INSERT INTO `vtiger_currency_decimal_separator_seq` (`id`) VALUES
(5);

-- --------------------------------------------------------

--
-- Table structure for table `vtiger_currency_grouping_pattern`
--

CREATE TABLE IF NOT EXISTS `vtiger_currency_grouping_pattern` (
  `currency_grouping_patternid` int(19) NOT NULL AUTO_INCREMENT,
  `currency_grouping_pattern` varchar(200) COLLATE utf8_unicode_ci NOT NULL,
  `sortorderid` int(19) NOT NULL DEFAULT '0',
  `presence` int(1) NOT NULL DEFAULT '1',
  PRIMARY KEY (`currency_grouping_patternid`)
) ENGINE=InnoDB  DEFAULT CHARSET=utf8 COLLATE=utf8_unicode_ci AUTO_INCREMENT=5 ;

--
-- Dumping data for table `vtiger_currency_grouping_pattern`
--

INSERT INTO `vtiger_currency_grouping_pattern` (`currency_grouping_patternid`, `currency_grouping_pattern`, `sortorderid`, `presence`) VALUES
(1, '123,456,789', 0, 1),
(2, '123456789', 1, 1),
(3, '123456,789', 2, 1),
(4, '12,34,56,789', 3, 1);

-- --------------------------------------------------------

--
-- Table structure for table `vtiger_currency_grouping_pattern_seq`
--

CREATE TABLE IF NOT EXISTS `vtiger_currency_grouping_pattern_seq` (
  `id` int(11) NOT NULL
) ENGINE=InnoDB DEFAULT CHARSET=utf8 COLLATE=utf8_unicode_ci;

--
-- Dumping data for table `vtiger_currency_grouping_pattern_seq`
--

INSERT INTO `vtiger_currency_grouping_pattern_seq` (`id`) VALUES
(4);

-- --------------------------------------------------------

--
-- Table structure for table `vtiger_currency_grouping_separator`
--

CREATE TABLE IF NOT EXISTS `vtiger_currency_grouping_separator` (
  `currency_grouping_separatorid` int(19) NOT NULL AUTO_INCREMENT,
  `currency_grouping_separator` varchar(2) COLLATE utf8_unicode_ci NOT NULL,
  `sortorderid` int(19) NOT NULL DEFAULT '0',
  `presence` int(1) NOT NULL DEFAULT '1',
  PRIMARY KEY (`currency_grouping_separatorid`)
) ENGINE=InnoDB  DEFAULT CHARSET=utf8 COLLATE=utf8_unicode_ci AUTO_INCREMENT=6 ;

--
-- Dumping data for table `vtiger_currency_grouping_separator`
--

INSERT INTO `vtiger_currency_grouping_separator` (`currency_grouping_separatorid`, `currency_grouping_separator`, `sortorderid`, `presence`) VALUES
(1, ',', 0, 1),
(2, '.', 1, 1),
(3, '''', 2, 1),
(4, ' ', 3, 1),
(5, '$', 4, 1);

-- --------------------------------------------------------

--
-- Table structure for table `vtiger_currency_grouping_separator_seq`
--

CREATE TABLE IF NOT EXISTS `vtiger_currency_grouping_separator_seq` (
  `id` int(11) NOT NULL
) ENGINE=InnoDB DEFAULT CHARSET=utf8 COLLATE=utf8_unicode_ci;

--
-- Dumping data for table `vtiger_currency_grouping_separator_seq`
--

INSERT INTO `vtiger_currency_grouping_separator_seq` (`id`) VALUES
(5);

-- --------------------------------------------------------

--
-- Table structure for table `vtiger_currency_info`
--

CREATE TABLE IF NOT EXISTS `vtiger_currency_info` (
  `id` int(11) NOT NULL AUTO_INCREMENT,
  `currency_name` varchar(100) COLLATE utf8_unicode_ci DEFAULT NULL,
  `currency_code` varchar(100) COLLATE utf8_unicode_ci DEFAULT NULL,
  `currency_symbol` varchar(30) COLLATE utf8_unicode_ci DEFAULT NULL,
  `conversion_rate` decimal(12,5) DEFAULT NULL,
  `currency_status` varchar(25) COLLATE utf8_unicode_ci DEFAULT NULL,
  `defaultid` varchar(10) COLLATE utf8_unicode_ci NOT NULL DEFAULT '0',
  `deleted` int(1) NOT NULL DEFAULT '0',
  PRIMARY KEY (`id`)
) ENGINE=InnoDB  DEFAULT CHARSET=utf8 COLLATE=utf8_unicode_ci AUTO_INCREMENT=2 ;

--
-- Dumping data for table `vtiger_currency_info`
--

INSERT INTO `vtiger_currency_info` (`id`, `currency_name`, `currency_code`, `currency_symbol`, `conversion_rate`, `currency_status`, `defaultid`, `deleted`) VALUES
(1, 'USA, Dollars', 'USD', '$', 1.00000, 'Active', '-11', 0);

-- --------------------------------------------------------

--
-- Table structure for table `vtiger_currency_info_seq`
--

CREATE TABLE IF NOT EXISTS `vtiger_currency_info_seq` (
  `id` int(11) NOT NULL
) ENGINE=InnoDB DEFAULT CHARSET=utf8 COLLATE=utf8_unicode_ci;

--
-- Dumping data for table `vtiger_currency_info_seq`
--

INSERT INTO `vtiger_currency_info_seq` (`id`) VALUES
(1);

-- --------------------------------------------------------

--
-- Table structure for table `vtiger_currency_symbol_placement`
--

CREATE TABLE IF NOT EXISTS `vtiger_currency_symbol_placement` (
  `currency_symbol_placementid` int(19) NOT NULL AUTO_INCREMENT,
  `currency_symbol_placement` varchar(30) COLLATE utf8_unicode_ci NOT NULL,
  `sortorderid` int(19) NOT NULL DEFAULT '0',
  `presence` int(1) NOT NULL DEFAULT '1',
  PRIMARY KEY (`currency_symbol_placementid`)
) ENGINE=InnoDB  DEFAULT CHARSET=utf8 COLLATE=utf8_unicode_ci AUTO_INCREMENT=3 ;

--
-- Dumping data for table `vtiger_currency_symbol_placement`
--

INSERT INTO `vtiger_currency_symbol_placement` (`currency_symbol_placementid`, `currency_symbol_placement`, `sortorderid`, `presence`) VALUES
(1, '$1.0', 0, 1),
(2, '1.0$', 1, 1);

-- --------------------------------------------------------

--
-- Table structure for table `vtiger_currency_symbol_placement_seq`
--

CREATE TABLE IF NOT EXISTS `vtiger_currency_symbol_placement_seq` (
  `id` int(11) NOT NULL
) ENGINE=InnoDB DEFAULT CHARSET=utf8 COLLATE=utf8_unicode_ci;

--
-- Dumping data for table `vtiger_currency_symbol_placement_seq`
--

INSERT INTO `vtiger_currency_symbol_placement_seq` (`id`) VALUES
(2);

-- --------------------------------------------------------

--
-- Table structure for table `vtiger_customaction`
--

CREATE TABLE IF NOT EXISTS `vtiger_customaction` (
  `cvid` int(19) NOT NULL,
  `subject` varchar(250) COLLATE utf8_unicode_ci NOT NULL,
  `module` varchar(50) COLLATE utf8_unicode_ci NOT NULL,
  `content` text COLLATE utf8_unicode_ci,
  KEY `customaction_cvid_idx` (`cvid`)
) ENGINE=InnoDB DEFAULT CHARSET=utf8 COLLATE=utf8_unicode_ci;

-- --------------------------------------------------------

--
-- Table structure for table `vtiger_customerdetails`
--

CREATE TABLE IF NOT EXISTS `vtiger_customerdetails` (
  `customerid` int(19) NOT NULL,
  `portal` varchar(3) COLLATE utf8_unicode_ci DEFAULT NULL,
  `support_start_date` date DEFAULT NULL,
  `support_end_date` date DEFAULT NULL,
  PRIMARY KEY (`customerid`)
) ENGINE=InnoDB DEFAULT CHARSET=utf8 COLLATE=utf8_unicode_ci;

-- --------------------------------------------------------

--
-- Table structure for table `vtiger_customerportal_prefs`
--

CREATE TABLE IF NOT EXISTS `vtiger_customerportal_prefs` (
  `tabid` int(19) NOT NULL,
  `prefkey` varchar(100) COLLATE utf8_unicode_ci NOT NULL,
  `prefvalue` int(20) DEFAULT NULL,
  PRIMARY KEY (`tabid`,`prefkey`)
) ENGINE=InnoDB DEFAULT CHARSET=utf8 COLLATE=utf8_unicode_ci;

-- --------------------------------------------------------

--
-- Table structure for table `vtiger_customerportal_tabs`
--

CREATE TABLE IF NOT EXISTS `vtiger_customerportal_tabs` (
  `tabid` int(19) NOT NULL,
  `visible` int(1) DEFAULT '1',
  `sequence` int(1) DEFAULT NULL,
  PRIMARY KEY (`tabid`)
) ENGINE=InnoDB DEFAULT CHARSET=utf8 COLLATE=utf8_unicode_ci;

-- --------------------------------------------------------

--
-- Table structure for table `vtiger_customview`
--

CREATE TABLE IF NOT EXISTS `vtiger_customview` (
  `cvid` int(19) NOT NULL,
  `viewname` varchar(100) COLLATE utf8_unicode_ci NOT NULL,
  `setdefault` int(1) DEFAULT '0',
  `setmetrics` int(1) DEFAULT '0',
  `entitytype` varchar(25) COLLATE utf8_unicode_ci NOT NULL,
  `status` int(1) DEFAULT '1',
  `userid` int(19) DEFAULT '1',
  PRIMARY KEY (`cvid`),
  KEY `customview_entitytype_idx` (`entitytype`)
) ENGINE=InnoDB DEFAULT CHARSET=utf8 COLLATE=utf8_unicode_ci;

--
-- Dumping data for table `vtiger_customview`
--

INSERT INTO `vtiger_customview` (`cvid`, `viewname`, `setdefault`, `setmetrics`, `entitytype`, `status`, `userid`) VALUES
(1, 'All', 1, 0, 'Leads', 0, 1),
(2, 'All', 1, 0, 'Accounts', 0, 1),
(3, 'All', 1, 0, 'Contacts', 0, 1),
(4, 'All', 1, 0, 'Potentials', 0, 1),
(5, 'All', 1, 0, 'HelpDesk', 0, 1),
(6, 'All', 1, 0, 'Quotes', 0, 1),
(7, 'All', 1, 0, 'Calendar', 0, 1),
(8, 'All', 1, 0, 'Emails', 0, 1),
(9, 'All', 1, 0, 'Invoice', 0, 1),
(10, 'All', 1, 0, 'Documents', 0, 1),
(11, 'All', 1, 0, 'PriceBooks', 0, 1),
(12, 'All', 1, 0, 'Products', 0, 1),
(13, 'All', 1, 0, 'PurchaseOrder', 0, 1),
(14, 'All', 1, 0, 'SalesOrder', 0, 1),
(15, 'All', 1, 0, 'Vendors', 0, 1),
(16, 'All', 1, 0, 'Faq', 0, 1),
(17, 'All', 1, 0, 'Campaigns', 0, 1),
(18, 'All', 1, 0, 'Webmails', 0, 1);

-- --------------------------------------------------------

--
-- Table structure for table `vtiger_customview_seq`
--

CREATE TABLE IF NOT EXISTS `vtiger_customview_seq` (
  `id` int(11) NOT NULL
) ENGINE=InnoDB DEFAULT CHARSET=utf8 COLLATE=utf8_unicode_ci;

--
-- Dumping data for table `vtiger_customview_seq`
--

INSERT INTO `vtiger_customview_seq` (`id`) VALUES
(18);

-- --------------------------------------------------------

--
-- Table structure for table `vtiger_cvadvfilter`
--

CREATE TABLE IF NOT EXISTS `vtiger_cvadvfilter` (
  `cvid` int(19) NOT NULL,
  `columnindex` int(11) NOT NULL,
  `columnname` varchar(250) COLLATE utf8_unicode_ci DEFAULT '',
  `comparator` varchar(20) COLLATE utf8_unicode_ci DEFAULT NULL,
  `value` varchar(512) COLLATE utf8_unicode_ci DEFAULT NULL,
  `groupid` int(11) DEFAULT '1',
  `column_condition` varchar(255) COLLATE utf8_unicode_ci DEFAULT 'and',
  PRIMARY KEY (`cvid`,`columnindex`),
  KEY `cvadvfilter_cvid_idx` (`cvid`)
) ENGINE=InnoDB DEFAULT CHARSET=utf8 COLLATE=utf8_unicode_ci;

-- --------------------------------------------------------

--
-- Table structure for table `vtiger_cvadvfilter_grouping`
--

CREATE TABLE IF NOT EXISTS `vtiger_cvadvfilter_grouping` (
  `groupid` int(11) NOT NULL,
  `cvid` int(19) NOT NULL,
  `group_condition` varchar(255) COLLATE utf8_unicode_ci DEFAULT NULL,
  `condition_expression` text COLLATE utf8_unicode_ci,
  PRIMARY KEY (`groupid`,`cvid`),
  KEY `vtiger_cvadvfilter_grouping_ibfk_1` (`cvid`)
) ENGINE=InnoDB DEFAULT CHARSET=utf8 COLLATE=utf8_unicode_ci;

-- --------------------------------------------------------

--
-- Table structure for table `vtiger_cvcolumnlist`
--

CREATE TABLE IF NOT EXISTS `vtiger_cvcolumnlist` (
  `cvid` int(19) NOT NULL,
  `columnindex` int(11) NOT NULL,
  `columnname` varchar(250) COLLATE utf8_unicode_ci DEFAULT '',
  PRIMARY KEY (`cvid`,`columnindex`),
  KEY `cvcolumnlist_columnindex_idx` (`columnindex`),
  KEY `cvcolumnlist_cvid_idx` (`cvid`)
) ENGINE=InnoDB DEFAULT CHARSET=utf8 COLLATE=utf8_unicode_ci;

--
-- Dumping data for table `vtiger_cvcolumnlist`
--

INSERT INTO `vtiger_cvcolumnlist` (`cvid`, `columnindex`, `columnname`) VALUES
(1, 1, 'vtiger_leaddetails:firstname:firstname:Leads_First_Name:V'),
(1, 2, 'vtiger_leaddetails:lastname:lastname:Leads_Last_Name:V'),
(1, 3, 'vtiger_leaddetails:company:company:Leads_Company:V'),
(1, 4, 'vtiger_leadaddress:phone:phone:Leads_Phone:V'),
(1, 5, 'vtiger_leadsubdetails:website:website:Leads_Website:V'),
(1, 6, 'vtiger_leaddetails:email:email:Leads_Email:V'),
(1, 7, 'vtiger_crmentity:smownerid:assigned_user_id:Leads_Assigned_To:V'),
(2, 1, 'vtiger_account:accountname:accountname:Accounts_Account_Name:V'),
(2, 2, 'vtiger_accountbillads:bill_city:bill_city:Accounts_City:V'),
(2, 3, 'vtiger_account:website:website:Accounts_Website:V'),
(2, 4, 'vtiger_account:phone:phone:Accounts_Phone:V'),
(2, 5, 'vtiger_crmentity:smownerid:assigned_user_id:Accounts_Assigned_To:V'),
(3, 1, 'vtiger_contactdetails:firstname:firstname:Contacts_First_Name:V'),
(3, 2, 'vtiger_contactdetails:lastname:lastname:Contacts_Last_Name:V'),
(3, 3, 'vtiger_contactdetails:title:title:Contacts_Title:V'),
(3, 4, 'vtiger_contactdetails:accountid:account_id:Contacts_Account_Name:V'),
(3, 5, 'vtiger_contactdetails:email:email:Contacts_Email:V'),
(3, 6, 'vtiger_contactdetails:phone:phone:Contacts_Office_Phone:V'),
(3, 7, 'vtiger_crmentity:smownerid:assigned_user_id:Contacts_Assigned_To:V'),
(4, 1, 'vtiger_potential:potentialname:potentialname:Potentials_Potential_Name:V'),
(4, 2, 'vtiger_potential:related_to:related_to:Potentials_Related_To:V'),
(4, 3, 'vtiger_potential:sales_stage:sales_stage:Potentials_Sales_Stage:V'),
(4, 4, 'vtiger_potential:leadsource:leadsource:Potentials_Lead_Source:V'),
(4, 5, 'vtiger_potential:closingdate:closingdate:Potentials_Expected_Close_Date:D'),
(4, 6, 'vtiger_potential:amount:amount:Potentials_Amount:N'),
(4, 7, 'vtiger_crmentity:smownerid:assigned_user_id:Potentials_Assigned_To:V'),
(4, 8, 'vtiger_potential:contact_id:contact_id:Potentials_Contact_Name:V'),
(5, 1, 'vtiger_troubletickets:title:ticket_title:HelpDesk_Title:V'),
(5, 2, 'vtiger_troubletickets:parent_id:parent_id:HelpDesk_Related_To:V'),
(5, 3, 'vtiger_troubletickets:status:ticketstatus:HelpDesk_Status:V'),
(5, 4, 'vtiger_troubletickets:priority:ticketpriorities:HelpDesk_Priority:V'),
(5, 5, 'vtiger_crmentity:smownerid:assigned_user_id:HelpDesk_Assigned_To:V'),
(5, 6, 'vtiger_troubletickets:contact_id:contact_id:HelpDesk_Contact_Name:V'),
(6, 1, 'vtiger_quotes:subject:subject:Quotes_Subject:V'),
(6, 2, 'vtiger_quotes:quotestage:quotestage:Quotes_Quote_Stage:V'),
(6, 3, 'vtiger_quotes:potentialid:potential_id:Quotes_Potential_Name:V'),
(6, 4, 'vtiger_quotes:accountid:account_id:Quotes_Account_Name:V'),
(6, 5, 'vtiger_quotes:total:hdnGrandTotal:Quotes_Total:V'),
(6, 6, 'vtiger_crmentity:smownerid:assigned_user_id:Quotes_Assigned_To:V'),
(7, 0, 'vtiger_activity:status:taskstatus:Calendar_Status:V'),
(7, 1, 'vtiger_activity:activitytype:activitytype:Calendar_Type:V'),
(7, 2, 'vtiger_activity:subject:subject:Calendar_Subject:V'),
(7, 3, 'vtiger_seactivityrel:crmid:parent_id:Calendar_Related_to:V'),
(7, 4, 'vtiger_activity:date_start:date_start:Calendar_Start_Date:D'),
(7, 5, 'vtiger_activity:due_date:due_date:Calendar_End_Date:D'),
(7, 6, 'vtiger_crmentity:smownerid:assigned_user_id:Calendar_Assigned_To:V'),
(8, 0, 'vtiger_activity:subject:subject:Emails_Subject:V'),
(8, 1, 'vtiger_emaildetails:to_email:saved_toid:Emails_To:V'),
(8, 2, 'vtiger_activity:date_start:date_start:Emails_Date_Sent:D'),
(9, 1, 'vtiger_invoice:subject:subject:Invoice_Subject:V'),
(9, 2, 'vtiger_invoice:salesorderid:salesorder_id:Invoice_Sales_Order:V'),
(9, 3, 'vtiger_invoice:invoicestatus:invoicestatus:Invoice_Status:V'),
(9, 4, 'vtiger_invoice:total:hdnGrandTotal:Invoice_Total:V'),
(9, 5, 'vtiger_crmentity:smownerid:assigned_user_id:Invoice_Assigned_To:V'),
(10, 1, 'vtiger_notes:title:notes_title:Notes_Title:V'),
(10, 2, 'vtiger_notes:filename:filename:Notes_File:V'),
(10, 3, 'vtiger_crmentity:modifiedtime:modifiedtime:Notes_Modified_Time:DT'),
(10, 4, 'vtiger_crmentity:smownerid:assigned_user_id:Notes_Assigned_To:V'),
(11, 1, 'vtiger_pricebook:bookname:bookname:PriceBooks_Price_Book_Name:V'),
(11, 2, 'vtiger_pricebook:active:active:PriceBooks_Active:V'),
(11, 3, 'vtiger_pricebook:currency_id:currency_id:PriceBooks_Currency:V'),
(12, 1, 'vtiger_products:productname:productname:Products_Product_Name:V'),
(12, 2, 'vtiger_products:productcode:productcode:Products_Part_Number:V'),
(12, 3, 'vtiger_products:commissionrate:commissionrate:Products_Commission_Rate:V'),
(12, 4, 'vtiger_products:qtyinstock:qtyinstock:Products_Quantity_In_Stock:V'),
(12, 5, 'vtiger_products:qty_per_unit:qty_per_unit:Products_Qty/Unit:V'),
(12, 6, 'vtiger_products:unit_price:unit_price:Products_Unit_Price:V'),
(13, 1, 'vtiger_purchaseorder:subject:subject:PurchaseOrder_Subject:V'),
(13, 2, 'vtiger_purchaseorder:vendorid:vendor_id:PurchaseOrder_Vendor_Name:V'),
(13, 3, 'vtiger_purchaseorder:tracking_no:tracking_no:PurchaseOrder_Tracking_Number:V'),
(13, 4, 'vtiger_purchaseorder:total:hdnGrandTotal:PurchaseOrder_Total:V'),
(13, 5, 'vtiger_crmentity:smownerid:assigned_user_id:PurchaseOrder_Assigned_To:V'),
(14, 1, 'vtiger_salesorder:subject:subject:SalesOrder_Subject:V'),
(14, 2, 'vtiger_salesorder:accountid:account_id:SalesOrder_Account_Name:V'),
(14, 3, 'vtiger_salesorder:quoteid:quote_id:SalesOrder_Quote_Name:V'),
(14, 4, 'vtiger_salesorder:total:hdnGrandTotal:SalesOrder_Total:V'),
(14, 5, 'vtiger_crmentity:smownerid:assigned_user_id:SalesOrder_Assigned_To:V'),
(15, 1, 'vtiger_vendor:vendorname:vendorname:Vendors_Vendor_Name:V'),
(15, 2, 'vtiger_vendor:phone:phone:Vendors_Phone:V'),
(15, 3, 'vtiger_vendor:email:email:Vendors_Email:V'),
(15, 4, 'vtiger_vendor:category:category:Vendors_Category:V'),
(15, 5, 'vtiger_crmentity:smownerid:assigned_user_id:Vendors_Assigned_To:V'),
(16, 1, 'vtiger_faq:question:question:Faq_Question:V'),
(16, 2, 'vtiger_faq:category:faqcategories:Faq_Category:V'),
(16, 3, 'vtiger_faq:product_id:product_id:Faq_Product_Name:V'),
(16, 4, 'vtiger_crmentity:createdtime:createdtime:Faq_Created_Time:DT'),
(16, 5, 'vtiger_crmentity:modifiedtime:modifiedtime:Faq_Modified_Time:DT'),
(17, 1, 'vtiger_campaign:campaignname:campaignname:Campaigns_Campaign_Name:V'),
(17, 2, 'vtiger_campaign:campaigntype:campaigntype:Campaigns_Campaign_Type:N'),
(17, 3, 'vtiger_campaign:campaignstatus:campaignstatus:Campaigns_Campaign_Status:N'),
(17, 4, 'vtiger_campaign:expectedrevenue:expectedrevenue:Campaigns_Expected_Revenue:V'),
(17, 5, 'vtiger_campaign:closingdate:closingdate:Campaigns_Expected_Close_Date:D'),
(17, 6, 'vtiger_crmentity:smownerid:assigned_user_id:Campaigns_Assigned_To:V'),
(18, 0, 'subject:subject:subject:Subject:V'),
(18, 1, 'from:fromname:fromname:From:N'),
(18, 2, 'to:tpname:toname:To:N'),
(18, 3, 'body:body:body:Body:V');

-- --------------------------------------------------------

--
-- Table structure for table `vtiger_cvstdfilter`
--

CREATE TABLE IF NOT EXISTS `vtiger_cvstdfilter` (
  `cvid` int(19) NOT NULL,
  `columnname` varchar(250) COLLATE utf8_unicode_ci DEFAULT '',
  `stdfilter` varchar(250) COLLATE utf8_unicode_ci DEFAULT '',
  `startdate` date DEFAULT NULL,
  `enddate` date DEFAULT NULL,
  PRIMARY KEY (`cvid`),
  KEY `cvstdfilter_cvid_idx` (`cvid`)
) ENGINE=InnoDB DEFAULT CHARSET=utf8 COLLATE=utf8_unicode_ci;

-- --------------------------------------------------------

--
-- Table structure for table `vtiger_datashare_grp2grp`
--

CREATE TABLE IF NOT EXISTS `vtiger_datashare_grp2grp` (
  `shareid` int(19) NOT NULL,
  `share_groupid` int(19) DEFAULT NULL,
  `to_groupid` int(19) DEFAULT NULL,
  `permission` int(19) DEFAULT NULL,
  PRIMARY KEY (`shareid`),
  KEY `datashare_grp2grp_share_groupid_idx` (`share_groupid`),
  KEY `datashare_grp2grp_to_groupid_idx` (`to_groupid`)
) ENGINE=InnoDB DEFAULT CHARSET=utf8 COLLATE=utf8_unicode_ci;

-- --------------------------------------------------------

--
-- Table structure for table `vtiger_datashare_grp2role`
--

CREATE TABLE IF NOT EXISTS `vtiger_datashare_grp2role` (
  `shareid` int(19) NOT NULL,
  `share_groupid` int(19) DEFAULT NULL,
  `to_roleid` varchar(255) COLLATE utf8_unicode_ci DEFAULT NULL,
  `permission` int(19) DEFAULT NULL,
  PRIMARY KEY (`shareid`),
  KEY `idx_datashare_grp2role_share_groupid` (`share_groupid`),
  KEY `idx_datashare_grp2role_to_roleid` (`to_roleid`)
) ENGINE=InnoDB DEFAULT CHARSET=utf8 COLLATE=utf8_unicode_ci;

-- --------------------------------------------------------

--
-- Table structure for table `vtiger_datashare_grp2rs`
--

CREATE TABLE IF NOT EXISTS `vtiger_datashare_grp2rs` (
  `shareid` int(19) NOT NULL,
  `share_groupid` int(19) DEFAULT NULL,
  `to_roleandsubid` varchar(255) COLLATE utf8_unicode_ci DEFAULT NULL,
  `permission` int(19) DEFAULT NULL,
  PRIMARY KEY (`shareid`),
  KEY `datashare_grp2rs_share_groupid_idx` (`share_groupid`),
  KEY `datashare_grp2rs_to_roleandsubid_idx` (`to_roleandsubid`)
) ENGINE=InnoDB DEFAULT CHARSET=utf8 COLLATE=utf8_unicode_ci;

-- --------------------------------------------------------

--
-- Table structure for table `vtiger_datashare_module_rel`
--

CREATE TABLE IF NOT EXISTS `vtiger_datashare_module_rel` (
  `shareid` int(19) NOT NULL,
  `tabid` int(19) NOT NULL,
  `relationtype` varchar(200) COLLATE utf8_unicode_ci DEFAULT NULL,
  PRIMARY KEY (`shareid`),
  KEY `idx_datashare_module_rel_tabid` (`tabid`)
) ENGINE=InnoDB DEFAULT CHARSET=utf8 COLLATE=utf8_unicode_ci;

-- --------------------------------------------------------

--
-- Table structure for table `vtiger_datashare_relatedmodules`
--

CREATE TABLE IF NOT EXISTS `vtiger_datashare_relatedmodules` (
  `datashare_relatedmodule_id` int(19) NOT NULL,
  `tabid` int(19) DEFAULT NULL,
  `relatedto_tabid` int(19) DEFAULT NULL,
  PRIMARY KEY (`datashare_relatedmodule_id`),
  KEY `datashare_relatedmodules_tabid_idx` (`tabid`),
  KEY `datashare_relatedmodules_relatedto_tabid_idx` (`relatedto_tabid`)
) ENGINE=InnoDB DEFAULT CHARSET=utf8 COLLATE=utf8_unicode_ci;

--
-- Dumping data for table `vtiger_datashare_relatedmodules`
--

INSERT INTO `vtiger_datashare_relatedmodules` (`datashare_relatedmodule_id`, `tabid`, `relatedto_tabid`) VALUES
(1, 6, 2),
(2, 6, 13),
(3, 6, 20),
(4, 6, 22),
(5, 6, 23),
(6, 2, 20),
(7, 2, 22),
(8, 20, 22),
(9, 22, 23);

-- --------------------------------------------------------

--
-- Table structure for table `vtiger_datashare_relatedmodules_seq`
--

CREATE TABLE IF NOT EXISTS `vtiger_datashare_relatedmodules_seq` (
  `id` int(11) NOT NULL
) ENGINE=InnoDB DEFAULT CHARSET=utf8 COLLATE=utf8_unicode_ci;

--
-- Dumping data for table `vtiger_datashare_relatedmodules_seq`
--

INSERT INTO `vtiger_datashare_relatedmodules_seq` (`id`) VALUES
(9);

-- --------------------------------------------------------

--
-- Table structure for table `vtiger_datashare_relatedmodule_permission`
--

CREATE TABLE IF NOT EXISTS `vtiger_datashare_relatedmodule_permission` (
  `shareid` int(19) NOT NULL,
  `datashare_relatedmodule_id` int(19) NOT NULL,
  `permission` int(19) DEFAULT NULL,
  PRIMARY KEY (`shareid`,`datashare_relatedmodule_id`),
  KEY `datashare_relatedmodule_permission_shareid_permissions_idx` (`shareid`,`permission`)
) ENGINE=InnoDB DEFAULT CHARSET=utf8 COLLATE=utf8_unicode_ci;

-- --------------------------------------------------------

--
-- Table structure for table `vtiger_datashare_role2group`
--

CREATE TABLE IF NOT EXISTS `vtiger_datashare_role2group` (
  `shareid` int(19) NOT NULL,
  `share_roleid` varchar(255) COLLATE utf8_unicode_ci DEFAULT NULL,
  `to_groupid` int(19) DEFAULT NULL,
  `permission` int(19) DEFAULT NULL,
  PRIMARY KEY (`shareid`),
  KEY `idx_datashare_role2group_share_roleid` (`share_roleid`),
  KEY `idx_datashare_role2group_to_groupid` (`to_groupid`)
) ENGINE=InnoDB DEFAULT CHARSET=utf8 COLLATE=utf8_unicode_ci;

-- --------------------------------------------------------

--
-- Table structure for table `vtiger_datashare_role2role`
--

CREATE TABLE IF NOT EXISTS `vtiger_datashare_role2role` (
  `shareid` int(19) NOT NULL,
  `share_roleid` varchar(255) COLLATE utf8_unicode_ci DEFAULT NULL,
  `to_roleid` varchar(255) COLLATE utf8_unicode_ci DEFAULT NULL,
  `permission` int(19) DEFAULT NULL,
  PRIMARY KEY (`shareid`),
  KEY `datashare_role2role_share_roleid_idx` (`share_roleid`),
  KEY `datashare_role2role_to_roleid_idx` (`to_roleid`)
) ENGINE=InnoDB DEFAULT CHARSET=utf8 COLLATE=utf8_unicode_ci;

-- --------------------------------------------------------

--
-- Table structure for table `vtiger_datashare_role2rs`
--

CREATE TABLE IF NOT EXISTS `vtiger_datashare_role2rs` (
  `shareid` int(19) NOT NULL,
  `share_roleid` varchar(255) COLLATE utf8_unicode_ci DEFAULT NULL,
  `to_roleandsubid` varchar(255) COLLATE utf8_unicode_ci DEFAULT NULL,
  `permission` int(19) DEFAULT NULL,
  PRIMARY KEY (`shareid`),
  KEY `datashare_role2s_share_roleid_idx` (`share_roleid`),
  KEY `datashare_role2s_to_roleandsubid_idx` (`to_roleandsubid`)
) ENGINE=InnoDB DEFAULT CHARSET=utf8 COLLATE=utf8_unicode_ci;

-- --------------------------------------------------------

--
-- Table structure for table `vtiger_datashare_rs2grp`
--

CREATE TABLE IF NOT EXISTS `vtiger_datashare_rs2grp` (
  `shareid` int(19) NOT NULL,
  `share_roleandsubid` varchar(255) COLLATE utf8_unicode_ci DEFAULT NULL,
  `to_groupid` int(19) DEFAULT NULL,
  `permission` int(19) DEFAULT NULL,
  PRIMARY KEY (`shareid`),
  KEY `datashare_rs2grp_share_roleandsubid_idx` (`share_roleandsubid`),
  KEY `datashare_rs2grp_to_groupid_idx` (`to_groupid`)
) ENGINE=InnoDB DEFAULT CHARSET=utf8 COLLATE=utf8_unicode_ci;

-- --------------------------------------------------------

--
-- Table structure for table `vtiger_datashare_rs2role`
--

CREATE TABLE IF NOT EXISTS `vtiger_datashare_rs2role` (
  `shareid` int(19) NOT NULL,
  `share_roleandsubid` varchar(255) COLLATE utf8_unicode_ci DEFAULT NULL,
  `to_roleid` varchar(255) COLLATE utf8_unicode_ci DEFAULT NULL,
  `permission` int(19) DEFAULT NULL,
  PRIMARY KEY (`shareid`),
  KEY `datashare_rs2role_share_roleandsubid_idx` (`share_roleandsubid`),
  KEY `datashare_rs2role_to_roleid_idx` (`to_roleid`)
) ENGINE=InnoDB DEFAULT CHARSET=utf8 COLLATE=utf8_unicode_ci;

-- --------------------------------------------------------

--
-- Table structure for table `vtiger_datashare_rs2rs`
--

CREATE TABLE IF NOT EXISTS `vtiger_datashare_rs2rs` (
  `shareid` int(19) NOT NULL,
  `share_roleandsubid` varchar(255) COLLATE utf8_unicode_ci DEFAULT NULL,
  `to_roleandsubid` varchar(255) COLLATE utf8_unicode_ci DEFAULT NULL,
  `permission` int(19) DEFAULT NULL,
  PRIMARY KEY (`shareid`),
  KEY `datashare_rs2rs_share_roleandsubid_idx` (`share_roleandsubid`),
  KEY `idx_datashare_rs2rs_to_roleandsubid_idx` (`to_roleandsubid`)
) ENGINE=InnoDB DEFAULT CHARSET=utf8 COLLATE=utf8_unicode_ci;

-- --------------------------------------------------------

--
-- Table structure for table `vtiger_date_format`
--

CREATE TABLE IF NOT EXISTS `vtiger_date_format` (
  `date_formatid` int(19) NOT NULL AUTO_INCREMENT,
  `date_format` varchar(200) COLLATE utf8_unicode_ci NOT NULL,
  `sortorderid` int(19) NOT NULL DEFAULT '0',
  `presence` int(1) NOT NULL DEFAULT '1',
  PRIMARY KEY (`date_formatid`)
) ENGINE=InnoDB  DEFAULT CHARSET=utf8 COLLATE=utf8_unicode_ci AUTO_INCREMENT=4 ;

--
-- Dumping data for table `vtiger_date_format`
--

INSERT INTO `vtiger_date_format` (`date_formatid`, `date_format`, `sortorderid`, `presence`) VALUES
(1, 'dd-mm-yyyy', 0, 1),
(2, 'mm-dd-yyyy', 1, 1),
(3, 'yyyy-mm-dd', 2, 1);

-- --------------------------------------------------------

--
-- Table structure for table `vtiger_date_format_seq`
--

CREATE TABLE IF NOT EXISTS `vtiger_date_format_seq` (
  `id` int(11) NOT NULL
) ENGINE=InnoDB DEFAULT CHARSET=utf8 COLLATE=utf8_unicode_ci;

--
-- Dumping data for table `vtiger_date_format_seq`
--

INSERT INTO `vtiger_date_format_seq` (`id`) VALUES
(3);

-- --------------------------------------------------------

--
-- Table structure for table `vtiger_dayoftheweek`
--

CREATE TABLE IF NOT EXISTS `vtiger_dayoftheweek` (
  `dayoftheweekid` int(11) NOT NULL AUTO_INCREMENT,
  `dayoftheweek` varchar(200) NOT NULL,
  `sortorderid` int(11) DEFAULT NULL,
  `presence` int(11) NOT NULL DEFAULT '1',
  PRIMARY KEY (`dayoftheweekid`)
) ENGINE=InnoDB  DEFAULT CHARSET=utf8 COLLATE=utf8_unicode_ci AUTO_INCREMENT=8 ;

--
-- Dumping data for table `vtiger_dayoftheweek`
--

INSERT INTO `vtiger_dayoftheweek` (`dayoftheweekid`, `dayoftheweek`, `sortorderid`, `presence`) VALUES
(1, 'Sunday', 1, 1),
(2, 'Monday', 2, 1),
(3, 'Tuesday', 3, 1),
(4, 'Wednesday', 4, 1),
(5, 'Thursday', 5, 1),
(6, 'Friday', 6, 1),
(7, 'Saturday', 7, 1);

-- --------------------------------------------------------

--
-- Table structure for table `vtiger_dayoftheweek_seq`
--

CREATE TABLE IF NOT EXISTS `vtiger_dayoftheweek_seq` (
  `id` int(11) NOT NULL
) ENGINE=InnoDB DEFAULT CHARSET=utf8 COLLATE=utf8_unicode_ci;

--
-- Dumping data for table `vtiger_dayoftheweek_seq`
--

INSERT INTO `vtiger_dayoftheweek_seq` (`id`) VALUES
(7);

-- --------------------------------------------------------

--
-- Table structure for table `vtiger_defaultactivitytype`
--

CREATE TABLE IF NOT EXISTS `vtiger_defaultactivitytype` (
  `defaultactivitytypeid` int(11) NOT NULL AUTO_INCREMENT,
  `defaultactivitytype` varchar(200) NOT NULL,
  `presence` int(1) NOT NULL DEFAULT '1',
  `picklist_valueid` int(11) NOT NULL DEFAULT '0',
  `sortorderid` int(11) DEFAULT '0',
  PRIMARY KEY (`defaultactivitytypeid`)
) ENGINE=InnoDB  DEFAULT CHARSET=utf8 COLLATE=utf8_unicode_ci AUTO_INCREMENT=3 ;

--
-- Dumping data for table `vtiger_defaultactivitytype`
--

INSERT INTO `vtiger_defaultactivitytype` (`defaultactivitytypeid`, `defaultactivitytype`, `presence`, `picklist_valueid`, `sortorderid`) VALUES
(1, 'Call', 1, 221, 1),
(2, 'Meeting', 1, 222, 2);

-- --------------------------------------------------------

--
-- Table structure for table `vtiger_defaultactivitytype_seq`
--

CREATE TABLE IF NOT EXISTS `vtiger_defaultactivitytype_seq` (
  `id` int(11) NOT NULL
) ENGINE=InnoDB DEFAULT CHARSET=utf8 COLLATE=utf8_unicode_ci;

--
-- Dumping data for table `vtiger_defaultactivitytype_seq`
--

INSERT INTO `vtiger_defaultactivitytype_seq` (`id`) VALUES
(2);

-- --------------------------------------------------------

--
-- Table structure for table `vtiger_defaultcv`
--

CREATE TABLE IF NOT EXISTS `vtiger_defaultcv` (
  `tabid` int(19) NOT NULL,
  `defaultviewname` varchar(50) COLLATE utf8_unicode_ci NOT NULL,
  `query` text COLLATE utf8_unicode_ci,
  PRIMARY KEY (`tabid`)
) ENGINE=InnoDB DEFAULT CHARSET=utf8 COLLATE=utf8_unicode_ci;

-- --------------------------------------------------------

--
-- Table structure for table `vtiger_defaulteventstatus`
--

CREATE TABLE IF NOT EXISTS `vtiger_defaulteventstatus` (
  `defaulteventstatusid` int(11) NOT NULL AUTO_INCREMENT,
  `defaulteventstatus` varchar(200) NOT NULL,
  `presence` int(1) NOT NULL DEFAULT '1',
  `picklist_valueid` int(11) NOT NULL DEFAULT '0',
  `sortorderid` int(11) DEFAULT '0',
  PRIMARY KEY (`defaulteventstatusid`)
) ENGINE=InnoDB  DEFAULT CHARSET=utf8 COLLATE=utf8_unicode_ci AUTO_INCREMENT=4 ;

--
-- Dumping data for table `vtiger_defaulteventstatus`
--

INSERT INTO `vtiger_defaulteventstatus` (`defaulteventstatusid`, `defaulteventstatus`, `presence`, `picklist_valueid`, `sortorderid`) VALUES
(1, 'Planned', 1, 218, 1),
(2, 'Held', 1, 219, 2),
(3, 'Not Held', 1, 220, 3);

-- --------------------------------------------------------

--
-- Table structure for table `vtiger_defaulteventstatus_seq`
--

CREATE TABLE IF NOT EXISTS `vtiger_defaulteventstatus_seq` (
  `id` int(11) NOT NULL
) ENGINE=InnoDB DEFAULT CHARSET=utf8 COLLATE=utf8_unicode_ci;

--
-- Dumping data for table `vtiger_defaulteventstatus_seq`
--

INSERT INTO `vtiger_defaulteventstatus_seq` (`id`) VALUES
(3);

-- --------------------------------------------------------

--
-- Table structure for table `vtiger_default_record_view`
--

CREATE TABLE IF NOT EXISTS `vtiger_default_record_view` (
  `default_record_viewid` int(11) NOT NULL AUTO_INCREMENT,
  `default_record_view` varchar(200) NOT NULL,
  `sortorderid` int(11) DEFAULT NULL,
  `presence` int(11) NOT NULL DEFAULT '1',
  PRIMARY KEY (`default_record_viewid`)
) ENGINE=InnoDB  DEFAULT CHARSET=utf8 COLLATE=utf8_unicode_ci AUTO_INCREMENT=3 ;

--
-- Dumping data for table `vtiger_default_record_view`
--

INSERT INTO `vtiger_default_record_view` (`default_record_viewid`, `default_record_view`, `sortorderid`, `presence`) VALUES
(1, 'Summary', 1, 1),
(2, 'Detail', 2, 1);

-- --------------------------------------------------------

--
-- Table structure for table `vtiger_default_record_view_seq`
--

CREATE TABLE IF NOT EXISTS `vtiger_default_record_view_seq` (
  `id` int(11) NOT NULL
) ENGINE=InnoDB DEFAULT CHARSET=utf8 COLLATE=utf8_unicode_ci;

--
-- Dumping data for table `vtiger_default_record_view_seq`
--

INSERT INTO `vtiger_default_record_view_seq` (`id`) VALUES
(2);

-- --------------------------------------------------------

--
-- Table structure for table `vtiger_def_org_field`
--

CREATE TABLE IF NOT EXISTS `vtiger_def_org_field` (
  `tabid` int(10) DEFAULT NULL,
  `fieldid` int(19) NOT NULL,
  `visible` int(19) DEFAULT NULL,
  `readonly` int(19) DEFAULT NULL,
  PRIMARY KEY (`fieldid`),
  KEY `def_org_field_tabid_fieldid_idx` (`tabid`,`fieldid`),
  KEY `def_org_field_tabid_idx` (`tabid`),
  KEY `def_org_field_visible_fieldid_idx` (`visible`,`fieldid`)
) ENGINE=InnoDB DEFAULT CHARSET=utf8 COLLATE=utf8_unicode_ci;

--
-- Dumping data for table `vtiger_def_org_field`
--

INSERT INTO `vtiger_def_org_field` (`tabid`, `fieldid`, `visible`, `readonly`) VALUES
(6, 1, 0, 0),
(6, 2, 0, 0),
(6, 3, 0, 0),
(6, 4, 0, 0),
(6, 5, 0, 0),
(6, 6, 0, 0),
(6, 7, 0, 0),
(6, 8, 0, 0),
(6, 9, 0, 0),
(6, 10, 0, 0),
(6, 11, 0, 0),
(6, 12, 0, 0),
(6, 13, 0, 0),
(6, 14, 0, 0),
(6, 15, 0, 0),
(6, 16, 0, 0),
(6, 17, 0, 0),
(6, 18, 0, 0),
(6, 19, 0, 0),
(6, 20, 0, 0),
(6, 21, 0, 0),
(6, 22, 0, 0),
(6, 23, 0, 0),
(6, 24, 0, 0),
(6, 25, 0, 0),
(6, 26, 0, 0),
(6, 27, 0, 0),
(6, 28, 0, 0),
(6, 29, 0, 0),
(6, 30, 0, 0),
(6, 31, 0, 0),
(6, 32, 0, 0),
(6, 33, 0, 0),
(6, 34, 0, 0),
(6, 35, 0, 0),
(6, 36, 0, 0),
(7, 37, 0, 0),
(7, 38, 0, 0),
(7, 39, 0, 0),
(7, 40, 0, 0),
(7, 41, 0, 0),
(7, 42, 0, 0),
(7, 43, 0, 0),
(7, 44, 0, 0),
(7, 45, 0, 0),
(7, 46, 0, 0),
(7, 47, 0, 0),
(7, 48, 0, 0),
(7, 49, 0, 0),
(7, 50, 0, 0),
(7, 51, 0, 0),
(7, 52, 0, 0),
(7, 53, 0, 0),
(7, 54, 0, 0),
(7, 55, 0, 0),
(7, 56, 0, 0),
(7, 57, 0, 0),
(7, 58, 0, 0),
(7, 59, 0, 0),
(7, 60, 0, 0),
(7, 61, 0, 0),
(7, 62, 0, 0),
(7, 63, 0, 0),
(7, 64, 0, 0),
(7, 65, 0, 0),
(4, 66, 0, 0),
(4, 67, 0, 0),
(4, 68, 0, 0),
(4, 69, 0, 0),
(4, 70, 0, 0),
(4, 71, 0, 0),
(4, 72, 0, 0),
(4, 73, 0, 0),
(4, 74, 0, 0),
(4, 75, 0, 0),
(4, 76, 0, 0),
(4, 77, 0, 0),
(4, 78, 0, 0),
(4, 79, 0, 0),
(4, 80, 0, 0),
(4, 81, 0, 0),
(4, 82, 0, 0),
(4, 83, 0, 0),
(4, 84, 0, 0),
(4, 85, 0, 0),
(4, 86, 0, 0),
(4, 87, 0, 0),
(4, 88, 0, 0),
(4, 89, 0, 0),
(4, 90, 0, 0),
(4, 91, 0, 0),
(4, 92, 0, 0),
(4, 93, 0, 0),
(4, 94, 0, 0),
(4, 95, 0, 0),
(4, 96, 0, 0),
(4, 97, 0, 0),
(4, 98, 0, 0),
(4, 99, 0, 0),
(4, 100, 0, 0),
(4, 101, 0, 0),
(4, 102, 0, 0),
(4, 103, 0, 0),
(4, 104, 0, 0),
(4, 105, 0, 0),
(4, 106, 0, 0),
(4, 107, 0, 0),
(4, 108, 0, 0),
(4, 109, 0, 0),
(2, 110, 0, 0),
(2, 111, 0, 0),
(2, 112, 0, 0),
(2, 113, 0, 0),
(2, 114, 0, 0),
(2, 115, 0, 0),
(2, 116, 0, 0),
(2, 117, 0, 0),
(2, 118, 0, 0),
(2, 119, 0, 0),
(2, 120, 0, 0),
(2, 121, 0, 0),
(2, 122, 0, 0),
(2, 123, 0, 0),
(2, 124, 0, 0),
(2, 125, 0, 0),
(26, 126, 0, 0),
(26, 127, 0, 0),
(26, 128, 0, 0),
(26, 129, 0, 0),
(26, 130, 0, 0),
(26, 131, 0, 0),
(26, 132, 0, 0),
(26, 133, 0, 0),
(26, 134, 0, 0),
(26, 135, 0, 0),
(26, 136, 0, 0),
(26, 137, 0, 0),
(26, 138, 0, 0),
(26, 139, 0, 0),
(26, 140, 0, 0),
(26, 141, 0, 0),
(26, 142, 0, 0),
(26, 143, 0, 0),
(26, 144, 0, 0),
(26, 145, 0, 0),
(26, 146, 0, 0),
(26, 147, 0, 0),
(26, 148, 0, 0),
(26, 149, 0, 0),
(26, 150, 0, 0),
(4, 151, 0, 0),
(6, 152, 0, 0),
(7, 153, 0, 0),
(26, 154, 0, 0),
(13, 155, 0, 0),
(13, 156, 0, 0),
(13, 157, 0, 0),
(13, 158, 0, 0),
(13, 159, 0, 0),
(13, 160, 0, 0),
(13, 161, 0, 0),
(13, 162, 0, 0),
(13, 163, 0, 0),
(13, 164, 0, 0),
(13, 165, 0, 0),
(13, 166, 0, 0),
(13, 167, 0, 0),
(13, 168, 0, 0),
(13, 169, 0, 0),
(13, 170, 0, 0),
(13, 171, 0, 0),
(13, 172, 0, 0),
(14, 173, 0, 0),
(14, 174, 0, 0),
(14, 175, 0, 0),
(14, 176, 0, 0),
(14, 177, 0, 0),
(14, 178, 0, 0),
(14, 179, 0, 0),
(14, 180, 0, 0),
(14, 181, 0, 0),
(14, 182, 0, 0),
(14, 183, 0, 0),
(14, 184, 0, 0),
(14, 185, 0, 0),
(14, 186, 0, 0),
(14, 187, 0, 0),
(14, 188, 0, 0),
(14, 189, 0, 0),
(14, 190, 0, 0),
(14, 191, 0, 0),
(14, 192, 0, 0),
(14, 193, 0, 0),
(14, 194, 0, 0),
(14, 195, 0, 0),
(14, 196, 0, 0),
(14, 197, 0, 0),
(14, 198, 0, 0),
(14, 199, 0, 0),
(14, 200, 0, 0),
(14, 201, 0, 0),
(14, 202, 0, 0),
(14, 203, 0, 0),
(8, 204, 0, 0),
(8, 205, 0, 0),
(8, 206, 0, 0),
(8, 207, 0, 0),
(8, 208, 0, 0),
(8, 209, 0, 0),
(8, 210, 0, 0),
(8, 211, 0, 0),
(8, 212, 0, 0),
(8, 213, 0, 0),
(8, 214, 0, 0),
(8, 215, 0, 0),
(8, 216, 0, 0),
(8, 217, 0, 0),
(8, 218, 0, 0),
(10, 219, 0, 0),
(10, 220, 0, 0),
(10, 221, 0, 0),
(10, 222, 0, 0),
(10, 223, 0, 0),
(10, 224, 0, 0),
(10, 225, 0, 0),
(10, 226, 0, 0),
(10, 227, 0, 0),
(10, 228, 0, 0),
(10, 229, 0, 0),
(10, 230, 0, 0),
(9, 231, 0, 0),
(9, 232, 0, 0),
(9, 233, 0, 0),
(9, 234, 0, 0),
(9, 235, 0, 0),
(9, 236, 0, 0),
(9, 237, 0, 0),
(9, 238, 0, 0),
(9, 239, 0, 0),
(9, 240, 0, 0),
(9, 241, 0, 0),
(9, 242, 0, 0),
(9, 243, 0, 0),
(9, 244, 0, 0),
(9, 245, 0, 0),
(9, 246, 0, 0),
(9, 247, 0, 0),
(9, 248, 0, 0),
(9, 249, 0, 0),
(9, 250, 0, 0),
(9, 251, 0, 0),
(9, 252, 0, 0),
(9, 253, 0, 0),
(9, 254, 0, 0),
(16, 255, 0, 0),
(16, 256, 0, 0),
(16, 257, 0, 0),
(16, 258, 0, 0),
(16, 259, 0, 0),
(16, 260, 0, 0),
(16, 261, 0, 0),
(16, 262, 0, 0),
(16, 263, 0, 0),
(16, 264, 0, 0),
(16, 265, 0, 0),
(16, 266, 0, 0),
(16, 267, 0, 0),
(16, 268, 0, 0),
(16, 269, 0, 0),
(16, 270, 0, 0),
(16, 271, 0, 0),
(16, 272, 0, 0),
(16, 273, 0, 0),
(16, 274, 0, 0),
(16, 275, 0, 0),
(16, 276, 0, 0),
(16, 277, 0, 0),
(15, 278, 0, 0),
(15, 279, 0, 0),
(15, 280, 0, 0),
(15, 281, 0, 0),
(15, 282, 0, 0),
(15, 283, 0, 0),
(15, 284, 0, 0),
(15, 285, 0, 0),
(15, 286, 0, 0),
(15, 287, 0, 0),
(18, 288, 0, 0),
(18, 289, 0, 0),
(18, 290, 0, 0),
(18, 291, 0, 0),
(18, 292, 0, 0),
(18, 293, 0, 0),
(18, 294, 0, 0),
(18, 295, 0, 0),
(18, 296, 0, 0),
(18, 297, 0, 0),
(18, 298, 0, 0),
(18, 299, 0, 0),
(18, 300, 0, 0),
(18, 301, 0, 0),
(18, 302, 0, 0),
(18, 303, 0, 0),
(18, 304, 0, 0),
(19, 305, 0, 0),
(19, 306, 0, 0),
(19, 307, 0, 0),
(19, 308, 0, 0),
(19, 309, 0, 0),
(19, 310, 0, 0),
(19, 311, 0, 0),
(19, 312, 0, 0),
(20, 313, 0, 0),
(20, 314, 0, 0),
(20, 315, 0, 0),
(20, 316, 0, 0),
(20, 317, 0, 0),
(20, 318, 0, 0),
(20, 319, 0, 0),
(20, 320, 0, 0),
(20, 321, 0, 0),
(20, 322, 0, 0),
(20, 323, 0, 0),
(20, 324, 0, 0),
(20, 325, 0, 0),
(20, 326, 0, 0),
(20, 327, 0, 0),
(20, 328, 0, 0),
(20, 329, 0, 0),
(20, 330, 0, 0),
(20, 331, 0, 0),
(20, 332, 0, 0),
(20, 333, 0, 0),
(20, 334, 0, 0),
(20, 335, 0, 0),
(20, 336, 0, 0),
(20, 337, 0, 0),
(20, 338, 0, 0),
(20, 339, 0, 0),
(20, 340, 0, 0),
(20, 341, 0, 0),
(20, 342, 0, 0),
(20, 343, 0, 0),
(20, 344, 0, 0),
(20, 345, 0, 0),
(20, 346, 0, 0),
(20, 347, 0, 0),
(20, 348, 0, 0),
(20, 349, 0, 0),
(21, 350, 0, 0),
(21, 351, 0, 0),
(21, 352, 0, 0),
(21, 353, 0, 0),
(21, 354, 0, 0),
(21, 355, 0, 0),
(21, 356, 0, 0),
(21, 357, 0, 0),
(21, 358, 0, 0),
(21, 359, 0, 0),
(21, 360, 0, 0),
(21, 361, 0, 0),
(21, 362, 0, 0),
(21, 363, 0, 0),
(21, 364, 0, 0),
(21, 365, 0, 0),
(21, 366, 0, 0),
(21, 367, 0, 0),
(21, 368, 0, 0),
(21, 369, 0, 0),
(21, 370, 0, 0),
(21, 371, 0, 0),
(21, 372, 0, 0),
(21, 373, 0, 0),
(21, 374, 0, 0),
(21, 375, 0, 0),
(21, 376, 0, 0),
(21, 377, 0, 0),
(21, 378, 0, 0),
(21, 379, 0, 0),
(21, 380, 0, 0),
(21, 381, 0, 0),
(21, 382, 0, 0),
(21, 383, 0, 0),
(21, 384, 0, 0),
(21, 385, 0, 0),
(21, 386, 0, 0),
(21, 387, 0, 0),
(22, 388, 0, 0),
(22, 389, 0, 0),
(22, 390, 0, 0),
(22, 391, 0, 0),
(22, 392, 0, 0),
(22, 393, 0, 0),
(22, 394, 0, 0),
(22, 395, 0, 0),
(22, 396, 0, 0),
(22, 397, 0, 0),
(22, 398, 0, 0),
(22, 399, 0, 0),
(22, 400, 0, 0),
(22, 401, 0, 0),
(22, 402, 0, 0),
(22, 403, 0, 0),
(22, 404, 0, 0),
(22, 405, 0, 0),
(22, 406, 0, 0),
(22, 407, 0, 0),
(22, 408, 0, 0),
(22, 409, 0, 0),
(22, 410, 0, 0),
(22, 411, 0, 0),
(22, 412, 0, 0),
(22, 413, 0, 0),
(22, 414, 0, 0),
(22, 415, 0, 0),
(22, 416, 0, 0),
(22, 417, 0, 0),
(22, 418, 0, 0),
(22, 419, 0, 0),
(22, 420, 0, 0),
(22, 421, 0, 0),
(22, 422, 0, 0),
(22, 423, 0, 0),
(22, 424, 0, 0),
(22, 425, 0, 0),
(22, 426, 0, 0),
(22, 427, 0, 0),
(22, 428, 0, 0),
(22, 429, 0, 0),
(22, 430, 0, 0),
(22, 431, 0, 0),
(22, 432, 0, 0),
(22, 433, 0, 0),
(22, 434, 0, 0),
(23, 435, 0, 0),
(23, 436, 0, 0),
(23, 437, 0, 0),
(23, 438, 0, 0),
(23, 439, 0, 0),
(23, 440, 0, 0),
(23, 441, 0, 0),
(23, 442, 0, 0),
(23, 443, 0, 0),
(23, 444, 0, 0),
(23, 445, 0, 0),
(23, 446, 0, 0),
(23, 447, 0, 0),
(23, 448, 0, 0),
(23, 449, 0, 0),
(23, 450, 0, 0),
(23, 451, 0, 0),
(23, 452, 0, 0),
(23, 453, 0, 0),
(23, 454, 0, 0),
(23, 455, 0, 0),
(23, 456, 0, 0),
(23, 457, 0, 0),
(23, 458, 0, 0),
(23, 459, 0, 0),
(23, 460, 0, 0),
(23, 461, 0, 0),
(23, 462, 0, 0),
(23, 463, 0, 0),
(23, 464, 0, 0),
(23, 465, 0, 0),
(23, 466, 0, 0),
(23, 467, 0, 0),
(23, 468, 0, 0),
(23, 469, 0, 0),
(23, 470, 0, 0),
(23, 471, 0, 0),
(23, 472, 0, 0),
(23, 473, 0, 0),
(29, 474, 0, 0),
(29, 478, 0, 0),
(29, 479, 0, 0),
(29, 481, 0, 0),
(29, 488, 0, 0),
(29, 489, 0, 0),
(29, 490, 0, 0),
(29, 491, 0, 0),
(29, 493, 0, 0),
(29, 494, 0, 0),
(29, 495, 0, 0),
(29, 496, 0, 0),
(29, 497, 0, 0),
(29, 502, 0, 0),
(29, 503, 0, 0),
(29, 504, 0, 0),
(29, 505, 0, 0),
(29, 513, 0, 0),
(10, 518, 0, 0),
(10, 519, 0, 0),
(10, 520, 0, 0),
(10, 521, 0, 0),
(10, 522, 0, 0),
(10, 523, 0, 0),
(2, 524, 0, 0),
(29, 525, 0, 0),
(23, 526, 0, 0),
(23, 527, 0, 0),
(23, 528, 0, 0),
(23, 529, 0, 0),
(23, 530, 0, 0),
(23, 531, 0, 0),
(23, 532, 0, 0),
(23, 533, 0, 0),
(23, 534, 0, 0),
(22, 535, 0, 0),
(22, 536, 0, 0),
(22, 537, 0, 0),
(22, 538, 0, 0),
(22, 539, 0, 0),
(22, 540, 0, 0),
(22, 541, 0, 0),
(22, 542, 0, 0),
(22, 543, 0, 0),
(21, 544, 0, 0),
(21, 545, 0, 0),
(21, 546, 0, 0),
(21, 547, 0, 0),
(21, 548, 0, 0),
(21, 549, 0, 0),
(21, 550, 0, 0),
(21, 551, 0, 0),
(21, 552, 0, 0),
(20, 553, 0, 0),
(20, 554, 0, 0),
(20, 555, 0, 0),
(20, 556, 0, 0),
(20, 557, 0, 0),
(20, 558, 0, 0),
(20, 559, 0, 0),
(20, 560, 0, 0),
(20, 561, 0, 0),
(29, 562, 0, 0),
(29, 563, 0, 0),
(29, 564, 0, 0),
(29, 565, 0, 0),
(23, 566, 0, 0),
(22, 567, 0, 0),
(21, 568, 0, 0),
(20, 569, 0, 0),
(29, 570, 0, 0),
(6, 571, 0, 0),
(4, 572, 0, 0),
(2, 573, 0, 0),
(29, 574, 0, 0),
(23, 575, 0, 0),
(23, 576, 0, 0),
(21, 577, 0, 0),
(21, 578, 0, 0),
(18, 579, 0, 0),
(7, 580, 0, 0),
(23, 581, 0, 0),
(20, 582, 0, 0),
(21, 583, 0, 0),
(22, 584, 0, 0),
(29, 585, 0, 0),
(2, 586, 0, 0),
(13, 587, 0, 0),
(29, 588, 0, 0),
(13, 589, 0, 0),
(29, 590, 0, 0),
(29, 591, 0, 0),
(29, 592, 0, 0),
(9, 598, 0, 0),
(29, 610, 0, 0);

-- --------------------------------------------------------

--
-- Table structure for table `vtiger_def_org_share`
--

CREATE TABLE IF NOT EXISTS `vtiger_def_org_share` (
  `ruleid` int(11) NOT NULL AUTO_INCREMENT,
  `tabid` int(11) NOT NULL,
  `permission` int(19) DEFAULT NULL,
  `editstatus` int(19) DEFAULT NULL,
  PRIMARY KEY (`ruleid`),
  KEY `permission` (`permission`)
) ENGINE=InnoDB  DEFAULT CHARSET=utf8 COLLATE=utf8_unicode_ci AUTO_INCREMENT=17 ;

--
-- Dumping data for table `vtiger_def_org_share`
--

INSERT INTO `vtiger_def_org_share` (`ruleid`, `tabid`, `permission`, `editstatus`) VALUES
(1, 2, 2, 0),
(2, 4, 2, 2),
(3, 6, 2, 0),
(4, 7, 2, 0),
(5, 9, 3, 1),
(6, 13, 2, 0),
(7, 16, 3, 2),
(8, 20, 2, 0),
(9, 21, 2, 0),
(10, 22, 2, 0),
(11, 23, 2, 0),
(12, 26, 2, 0),
(13, 8, 2, 0),
(14, 14, 2, 0),
(15, 18, 2, 0),
(16, 10, 2, 0);

-- --------------------------------------------------------

--
-- Table structure for table `vtiger_def_org_share_seq`
--

CREATE TABLE IF NOT EXISTS `vtiger_def_org_share_seq` (
  `id` int(11) NOT NULL
) ENGINE=InnoDB DEFAULT CHARSET=utf8 COLLATE=utf8_unicode_ci;

--
-- Dumping data for table `vtiger_def_org_share_seq`
--

INSERT INTO `vtiger_def_org_share_seq` (`id`) VALUES
(16);

-- --------------------------------------------------------

--
-- Table structure for table `vtiger_durationhrs`
--

CREATE TABLE IF NOT EXISTS `vtiger_durationhrs` (
  `hrsid` int(19) NOT NULL AUTO_INCREMENT,
  `hrs` varchar(50) COLLATE utf8_unicode_ci DEFAULT NULL,
  `sortorderid` int(19) NOT NULL DEFAULT '0',
  `presence` int(1) NOT NULL DEFAULT '1',
  PRIMARY KEY (`hrsid`)
) ENGINE=InnoDB DEFAULT CHARSET=utf8 COLLATE=utf8_unicode_ci AUTO_INCREMENT=1 ;

-- --------------------------------------------------------

--
-- Table structure for table `vtiger_durationmins`
--

CREATE TABLE IF NOT EXISTS `vtiger_durationmins` (
  `minsid` int(19) NOT NULL AUTO_INCREMENT,
  `mins` varchar(50) COLLATE utf8_unicode_ci DEFAULT NULL,
  `sortorderid` int(19) NOT NULL DEFAULT '0',
  `presence` int(1) NOT NULL DEFAULT '1',
  PRIMARY KEY (`minsid`)
) ENGINE=InnoDB DEFAULT CHARSET=utf8 COLLATE=utf8_unicode_ci AUTO_INCREMENT=1 ;

-- --------------------------------------------------------

--
-- Table structure for table `vtiger_duration_minutes`
--

CREATE TABLE IF NOT EXISTS `vtiger_duration_minutes` (
  `minutesid` int(19) NOT NULL AUTO_INCREMENT,
  `duration_minutes` varchar(200) COLLATE utf8_unicode_ci NOT NULL,
  `sortorderid` int(19) NOT NULL DEFAULT '0',
  `presence` int(1) NOT NULL DEFAULT '1',
  PRIMARY KEY (`minutesid`)
) ENGINE=InnoDB  DEFAULT CHARSET=utf8 COLLATE=utf8_unicode_ci AUTO_INCREMENT=5 ;

--
-- Dumping data for table `vtiger_duration_minutes`
--

INSERT INTO `vtiger_duration_minutes` (`minutesid`, `duration_minutes`, `sortorderid`, `presence`) VALUES
(1, '00', 0, 1),
(2, '15', 1, 1),
(3, '30', 2, 1),
(4, '45', 3, 1);

-- --------------------------------------------------------

--
-- Table structure for table `vtiger_duration_minutes_seq`
--

CREATE TABLE IF NOT EXISTS `vtiger_duration_minutes_seq` (
  `id` int(11) NOT NULL
) ENGINE=InnoDB DEFAULT CHARSET=utf8 COLLATE=utf8_unicode_ci;

--
-- Dumping data for table `vtiger_duration_minutes_seq`
--

INSERT INTO `vtiger_duration_minutes_seq` (`id`) VALUES
(4);

-- --------------------------------------------------------

--
-- Table structure for table `vtiger_emaildetails`
--

CREATE TABLE IF NOT EXISTS `vtiger_emaildetails` (
  `emailid` int(19) NOT NULL,
  `from_email` varchar(50) COLLATE utf8_unicode_ci NOT NULL DEFAULT '',
  `to_email` text COLLATE utf8_unicode_ci,
  `cc_email` text COLLATE utf8_unicode_ci,
  `bcc_email` text COLLATE utf8_unicode_ci,
  `assigned_user_email` varchar(50) COLLATE utf8_unicode_ci NOT NULL DEFAULT '',
  `idlists` text COLLATE utf8_unicode_ci,
  `email_flag` varchar(50) COLLATE utf8_unicode_ci NOT NULL DEFAULT '',
  PRIMARY KEY (`emailid`)
) ENGINE=InnoDB DEFAULT CHARSET=utf8 COLLATE=utf8_unicode_ci;

-- --------------------------------------------------------

--
-- Table structure for table `vtiger_emailtemplates`
--

CREATE TABLE IF NOT EXISTS `vtiger_emailtemplates` (
  `foldername` varchar(100) COLLATE utf8_unicode_ci DEFAULT NULL,
  `templatename` varchar(100) COLLATE utf8_unicode_ci DEFAULT NULL,
  `subject` varchar(100) COLLATE utf8_unicode_ci DEFAULT NULL,
  `description` text COLLATE utf8_unicode_ci,
  `body` mediumtext COLLATE utf8_unicode_ci,
  `deleted` int(1) NOT NULL DEFAULT '0',
  `templateid` int(19) NOT NULL AUTO_INCREMENT,
  PRIMARY KEY (`templateid`),
  KEY `emailtemplates_foldernamd_templatename_subject_idx` (`foldername`,`templatename`,`subject`)
) ENGINE=InnoDB  DEFAULT CHARSET=utf8 COLLATE=utf8_unicode_ci AUTO_INCREMENT=3 ;

--
-- Dumping data for table `vtiger_emailtemplates`
--

INSERT INTO `vtiger_emailtemplates` (`foldername`, `templatename`, `subject`, `description`, `body`, `deleted`, `templateid`) VALUES
('Public', 'Kundenportal Login Details', 'Kundenportal Login Daten', 'sende Logindaten zur Person', '<table align="center" border="0" cellpadding="0" cellspacing="0" style="font-family: Arial,Helvetica,sans-serif; font-size: 12px; font-weight: normal; text-decoration: none; background-color: rgb(153, 161, 155);" width="700">\n	<tbody>\n		<tr>\n			<td>\n				&nbsp;</td>\n			<td>\n				&nbsp;</td>\n			<td>\n				&nbsp;</td>\n		</tr>\n		<tr>\n			<td>\n				&nbsp;</td>\n			<td>\n				&nbsp;</td>\n			<td>\n				&nbsp;</td>\n		</tr>\n		<tr>\n			<td>\n				&nbsp;</td>\n			<td>\n				&nbsp;</td>\n			<td>\n				&nbsp;</td>\n		</tr>\n		<tr>\n			<td width="50">\n				&nbsp;</td>\n			<td>\n				<table border="0" cellpadding="0" cellspacing="0" width="100%">\n					<tbody>\n						<tr>\n							<td>\n								<table border="0" cellpadding="0" cellspacing="0" style="background-color: rgb(0, 56, 154); font-family: Arial,Helvetica,sans-serif; font-size: 14px; color: rgb(255, 255, 255); font-weight: normal; line-height: 25px;" width="100%">\n									<tbody>\n										<tr>\n											<td align="center" rowspan="4">\n												&nbsp;</td>\n											<td align="center">\n												&nbsp;</td>\n										</tr>\n										<tr>\n											<td align="left" style="background-color: rgb(0, 56, 154); font-family: Arial,Helvetica,sans-serif; font-size: 24px; color: rgb(255, 255, 255); font-weight: bolder; line-height: 35px;">\n												crm-now</td>\n										</tr>\n										<tr>\n											<td align="right" style="padding-right: 100px;">\n												Zugang zum Kundenportal</td>\n										</tr>\n										<tr>\n											<td>\n												&nbsp;</td>\n										</tr>\n									</tbody>\n								</table>\n							</td>\n						</tr>\n						<tr>\n							<td>\n								<table border="0" cellpadding="0" cellspacing="0" style="font-family: Arial,Helvetica,sans-serif; font-size: 12px; font-weight: normal; color: rgb(0, 0, 0); background-color: rgb(255, 255, 255);" width="100%">\n									<tbody>\n										<tr>\n											<td valign="top">\n												<table border="0" cellpadding="5" cellspacing="0" width="100%">\n													<tbody>\n														<tr>\n															<td align="right" style="font-family: Arial,Helvetica,sans-serif; font-size: 12px; font-weight: bolder; text-decoration: none; color: rgb(66, 66, 253);">\n																&nbsp;</td>\n														</tr>\n														<tr>\n															<td>\n																&nbsp;</td>\n														</tr>\n														<tr>\n															<td style="font-family: Arial,Helvetica,sans-serif; font-size: 14px; color: rgb(22, 72, 134); font-weight: bolder; line-height: 15px;">\n																$contacts-salutation$ $contacts-lastname$,</td>\n														</tr>\n														<tr>\n															<td style="font-family: Arial,Helvetica,sans-serif; font-size: 12px; color: rgb(0, 0, 0); font-weight: normal; text-align: justify; line-height: 20px;">\n																Mit dieser E-Mail senden wir Ihnen Ihre Zugangsdaten zu unserem Kundenportal. &Uuml;ber das Portal k&ouml;nnen Sie unseren Support jederzeit erreichen.<br />\n																<br />\n																Hier sind Ihre Login Details:</td>\n														</tr>\n														<tr>\n															<td align="center">\n																<table border="0" cellpadding="10" cellspacing="0" style="border: 2px solid rgb(180, 180, 179); background-color: rgb(226, 226, 225); font-family: Arial,Helvetica,sans-serif; font-size: 12px; color: rgb(0, 0, 0); font-weight: normal;" width="75%">\n																	<tbody>\n																		<tr>\n																			<td>\n																				<br />\n																				Nutzername: <font color="#990000"><strong> $login_name$</strong></font></td>\n																		</tr>\n																		<tr>\n																			<td>\n																				Passwort: <font color="#990000"><strong> $password$</strong></font></td>\n																		</tr>\n																		<tr>\n																			<td align="center">\n																				<strong>$URL$<br />\n																				</strong></td>\n																		</tr>\n																		<tr>\n																			<td align="center">\n																				<strong>$URL_ENG$<br />\n																				</strong></td>\n																		</tr>\n																	</tbody>\n																</table>\n															</td>\n														</tr>\n														<tr>\n															<td style="font-family: Arial,Helvetica,sans-serif; font-size: 12px; color: rgb(0, 0, 0); font-weight: normal; text-align: justify; line-height: 20px;">\n																<strong>Hinweis:</strong> Wir empfehlen Ihnen beim ersten Login das Passwort zu &auml;ndern.<br />\n																<br />\n																<strong><u>Ben&ouml;tigen Sie Unterst&uuml;tzung?</u></strong><br />\n																<br />\n																Wenn Sie zur Nutzung des Kundenportals Fragen haben, wenden Sie sich bitte an unseren Vertrieb.</td>\n														</tr>\n														<tr>\n															<td align="left">\n																<br />\n																<br />\n																<strong style="padding: 2px; font-family: Arial,Helvetica,sans-serif; font-size: 12px; color: rgb(0, 0, 0); font-weight: bold;">Mit freundlichen Gr&uuml;&szlig;en,</strong></td>\n														</tr>\n														<tr>\n															<td align="left" style="font-family: Arial,Helvetica,sans-serif; font-size: 12px; color: rgb(0, 0, 0); font-weight: normal; line-height: 20px;">\n																Support Team</td>\n														</tr>\n														<tr>\n															<td align="left">\n																<a href="http://www.crm-now.de" style="font-family: Arial,Helvetica,sans-serif; font-size: 12px; font-weight: bolder; text-decoration: none; color: rgb(66, 66, 253);">www.crm-now.de</a></td>\n														</tr>\n														<tr>\n															<td>\n																&nbsp;</td>\n														</tr>\n													</tbody>\n												</table>\n											</td>\n											<td valign="top" width="1%">\n												&nbsp;</td>\n										</tr>\n									</tbody>\n								</table>\n							</td>\n						</tr>\n						<tr>\n							<td>\n								<table border="0" cellpadding="5" cellspacing="0" style="font-family: Arial,Helvetica,sans-serif; font-size: 12px; color: rgb(255, 255, 255); font-weight: normal; line-height: 15px; background-color: rgb(0, 56, 154);" width="100%">\n									<tbody>\n										<tr>\n											<td align="center">\n												crm-now GmbH, Stromstrasse5, 10555 Berlin, Deutschland</td>\n										</tr>\n										<tr>\n											<td align="center">\n												Tel.: +49 (0)30 3900 1800 Fax: +49 (0)30 451 9036</td>\n										</tr>\n										<tr>\n											<td align="center">\n												E-Mail: <a href="mailto:support@crm-now.de" style="font-family: Arial,Helvetica,sans-serif; font-size: 12px; font-weight: bolder; text-decoration: none; color: rgb(255, 255, 255);">support@crm-now.de</a></td>\n										</tr>\n									</tbody>\n								</table>\n							</td>\n						</tr>\n					</tbody>\n				</table>\n			</td>\n			<td width="50">\n				&nbsp;</td>\n		</tr>\n		<tr>\n			<td>\n				&nbsp;</td>\n			<td>\n				&nbsp;</td>\n			<td>\n				&nbsp;</td>\n		</tr>\n		<tr>\n			<td>\n				&nbsp;</td>\n			<td>\n				&nbsp;</td>\n			<td>\n				&nbsp;</td>\n		</tr>\n		<tr>\n			<td>\n				&nbsp;</td>\n			<td>\n				&nbsp;</td>\n			<td>\n				&nbsp;</td>\n		</tr>\n	</tbody>\n</table>\n', 0, 1),
('Public', 'Customer Login Details', 'Customer Portal Login Details', 'send Portal login data to contact', '<table border="0" cellpadding="0" cellspacing="0" width="100%"><tbody><tr><td style="background-color:rgb(0,56,154);" width="4%"> </td>\n			<td style="background-color:rgb(0,56,154);" width="92%"> </td>\n			<td style="background-color:rgb(0,56,154);" width="4%"> </td>\n		</tr><tr><td style="background-color:rgb(0,56,154);" width="4%"> </td>\n			<td width="92%">\n			<div align="center"><br /><font face="Arial" size="3"><b>Customer Portal Access Information</b></font></div>\n			</td>\n			<td style="background-color:rgb(0,56,154);" width="4%"> </td>\n		</tr><tr><td style="background-color:rgb(0,56,154);" width="4%"> </td>\n			<td width="92%">\n			<p><font face="Arial" size="2">$contacts-salutation$ $contacts-lastname$ :</font></p>\n\n			<p><font face="Arial" size="2">This email contains the information you need to access the CRM Customer Portal. By using this portal, you can open and track trouble tickets and check our FAQs.</font></p>\n			</td>\n			<td style="background-color:rgb(0,56,154);" width="4%"> </td>\n		</tr><tr><td style="background-color:rgb(0,56,154);" width="4%"> </td>\n			<td width="92%">\n			<p> </p>\n\n			<p><font face="Arial" size="2">Here are your portal login details:</font></p>\n\n			<p><font face="Arial" size="2">Email ID: $login_name$</font></p>\n\n			<p><font face="Arial" size="2">Password: $password$</font></p>\n\n			<p><font face="Arial" size="2">$URL_ENG$ </font></p>\n\n			<p><font face="Arial" size="2">NOTE: We suggest that you change your password after logging in the first time. </font></p>\n			</td>\n			<td style="background-color:rgb(0,56,154);" width="4%"> </td>\n		</tr><tr><td style="background-color:rgb(0,56,154);" width="4%"> </td>\n			<td width="92%"> </td>\n			<td style="background-color:rgb(0,56,154);" width="4%"> </td>\n		</tr><tr><td style="background-color:rgb(0,56,154);" width="4%"> </td>\n			<td width="92%">\n			<p><font face="Arial" size="2">Help needed? If you have any questions please contact <a href="mailto:support@crm-now.com">support@crm-now.com</a></font></p>\n\n			<p><font face="Arial" size="2">Best Regards</font></p>\n\n			<p><font face="Arial" size="2">The Support Team </font></p>\n\n			<p> </p>\n			</td>\n			<td style="background-color:rgb(0,56,154);" width="4%"> </td>\n		</tr><tr><td style="background-color:rgb(0,56,154);" width="4%"> </td>\n			<td style="background-color:rgb(0,56,154);" width="92%">\n			<p align="center"><font color="#ffffff" face="Arial" size="2"><b>crm-now GmbH<br />\n			Stromstrasse 5<br />\n			10555 Berlin<br />\n			Germany</b></font></p>\n\n			<p align="center"><b><font color="#ffffff" face="Arial" size="2"><span><font size="2">0049 30 39001800 </font></span><br /><a href="mailto:support@crm-now.com"><font color="#ffffff">support@crm-now.com</font></a></font></b></p>\n\n			<p align="center"><font color="#ffffff" face="Arial" size="2">www.crm-now.com</font></p>\n			</td>\n			<td style="background-color:rgb(0,56,154);" width="4%"> </td>\n		</tr></tbody></table>\n', 0, 2);

-- --------------------------------------------------------

--
-- Table structure for table `vtiger_emailtemplates_seq`
--

CREATE TABLE IF NOT EXISTS `vtiger_emailtemplates_seq` (
  `id` int(11) NOT NULL
) ENGINE=InnoDB DEFAULT CHARSET=utf8 COLLATE=utf8_unicode_ci;

--
-- Dumping data for table `vtiger_emailtemplates_seq`
--

INSERT INTO `vtiger_emailtemplates_seq` (`id`) VALUES
(3);

-- --------------------------------------------------------

--
-- Table structure for table `vtiger_email_access`
--

CREATE TABLE IF NOT EXISTS `vtiger_email_access` (
  `crmid` int(11) DEFAULT NULL,
  `mailid` int(11) DEFAULT NULL,
  `accessdate` date DEFAULT NULL,
  `accesstime` datetime DEFAULT NULL
) ENGINE=InnoDB DEFAULT CHARSET=utf8 COLLATE=utf8_unicode_ci;

-- --------------------------------------------------------

--
-- Table structure for table `vtiger_email_track`
--

CREATE TABLE IF NOT EXISTS `vtiger_email_track` (
  `crmid` int(11) DEFAULT NULL,
  `mailid` int(11) DEFAULT NULL,
  `access_count` int(11) DEFAULT NULL,
  UNIQUE KEY `link_tabidtype_idx` (`crmid`,`mailid`),
  KEY `mailid` (`mailid`)
) ENGINE=InnoDB DEFAULT CHARSET=utf8 COLLATE=utf8_unicode_ci;

-- --------------------------------------------------------

--
-- Table structure for table `vtiger_entityname`
--

CREATE TABLE IF NOT EXISTS `vtiger_entityname` (
  `tabid` int(19) NOT NULL DEFAULT '0',
  `modulename` varchar(50) COLLATE utf8_unicode_ci NOT NULL,
  `tablename` varchar(100) COLLATE utf8_unicode_ci NOT NULL,
  `fieldname` varchar(150) COLLATE utf8_unicode_ci NOT NULL,
  `entityidfield` varchar(150) COLLATE utf8_unicode_ci NOT NULL,
  `entityidcolumn` varchar(150) COLLATE utf8_unicode_ci NOT NULL,
  PRIMARY KEY (`tabid`),
  KEY `entityname_tabid_idx` (`tabid`)
) ENGINE=InnoDB DEFAULT CHARSET=utf8 COLLATE=utf8_unicode_ci;

--
-- Dumping data for table `vtiger_entityname`
--

INSERT INTO `vtiger_entityname` (`tabid`, `modulename`, `tablename`, `fieldname`, `entityidfield`, `entityidcolumn`) VALUES
(2, 'Potentials', 'vtiger_potential', 'potentialname', 'potentialid', 'potential_id'),
(4, 'Contacts', 'vtiger_contactdetails', 'firstname,lastname', 'contactid', 'contact_id'),
(6, 'Accounts', 'vtiger_account', 'accountname', 'accountid', 'account_id'),
(7, 'Leads', 'vtiger_leaddetails', 'firstname,lastname', 'leadid', 'leadid'),
(8, 'Documents', 'vtiger_notes', 'title', 'notesid', 'notesid'),
(9, 'Calendar', 'vtiger_activity', 'subject', 'activityid', 'activityid'),
(10, 'Emails', 'vtiger_activity', 'subject', 'activityid', 'activityid'),
(13, 'HelpDesk', 'vtiger_troubletickets', 'title', 'ticketid', 'ticketid'),
(14, 'Products', 'vtiger_products', 'productname', 'productid', 'product_id'),
(15, 'Faq', 'vtiger_faq', 'question', 'id', 'id'),
(18, 'Vendors', 'vtiger_vendor', 'vendorname', 'vendorid', 'vendor_id'),
(19, 'PriceBooks', 'vtiger_pricebook', 'bookname', 'pricebookid', 'pricebookid'),
(20, 'Quotes', 'vtiger_quotes', 'subject', 'quoteid', 'quote_id'),
(21, 'PurchaseOrder', 'vtiger_purchaseorder', 'subject', 'purchaseorderid', 'purchaseorderid'),
(22, 'SalesOrder', 'vtiger_salesorder', 'subject', 'salesorderid', 'salesorder_id'),
(23, 'Invoice', 'vtiger_invoice', 'subject', 'invoiceid', 'invoiceid'),
(26, 'Campaigns', 'vtiger_campaign', 'campaignname', 'campaignid', 'campaignid'),
(29, 'Users', 'vtiger_users', 'first_name,last_name', 'id', 'id');

-- --------------------------------------------------------

--
-- Table structure for table `vtiger_eventhandlers`
--

CREATE TABLE IF NOT EXISTS `vtiger_eventhandlers` (
  `eventhandler_id` int(11) NOT NULL AUTO_INCREMENT,
  `event_name` varchar(100) COLLATE utf8_unicode_ci NOT NULL,
  `handler_path` varchar(400) COLLATE utf8_unicode_ci NOT NULL,
  `handler_class` varchar(100) COLLATE utf8_unicode_ci NOT NULL,
  `cond` text COLLATE utf8_unicode_ci,
  `is_active` int(1) NOT NULL,
  `dependent_on` varchar(255) COLLATE utf8_unicode_ci DEFAULT '[]',
  PRIMARY KEY (`eventhandler_id`,`event_name`,`handler_class`),
  UNIQUE KEY `eventhandler_idx` (`eventhandler_id`)
) ENGINE=InnoDB  DEFAULT CHARSET=utf8 COLLATE=utf8_unicode_ci AUTO_INCREMENT=13 ;

--
-- Dumping data for table `vtiger_eventhandlers`
--

INSERT INTO `vtiger_eventhandlers` (`eventhandler_id`, `event_name`, `handler_path`, `handler_class`, `cond`, `is_active`, `dependent_on`) VALUES
(1, 'vtiger.entity.aftersave', 'modules/SalesOrder/RecurringInvoiceHandler.php', 'RecurringInvoiceHandler', '', 1, '[]'),
(2, 'vtiger.entity.beforesave', 'data/VTEntityDelta.php', 'VTEntityDelta', '', 1, '[]'),
(3, 'vtiger.entity.aftersave', 'data/VTEntityDelta.php', 'VTEntityDelta', '', 1, '[]'),
(4, 'vtiger.entity.aftersave', 'modules/com_vtiger_workflow/VTEventHandler.inc', 'VTWorkflowEventHandler', '', 1, '["VTEntityDelta"]'),
(5, 'vtiger.entity.afterrestore', 'modules/com_vtiger_workflow/VTEventHandler.inc', 'VTWorkflowEventHandler', '', 1, '[]'),
(6, 'vtiger.entity.aftersave.final', 'modules/HelpDesk/HelpDeskHandler.php', 'HelpDeskHandler', '', 1, '[]'),
(7, 'vtiger.entity.aftersave', 'modules/Vtiger/handlers/RecordLabelUpdater.php', 'Vtiger_RecordLabelUpdater_Handler', '', 1, '[]'),
(8, 'vtiger.entity.aftersave', 'modules/Invoice/InvoiceHandler.php', 'InvoiceHandler', '', 1, '[]'),
(9, 'vtiger.entity.aftersave', 'modules/PurchaseOrder/PurchaseOrderHandler.php', 'PurchaseOrderHandler', '', 1, '[]'),
(10, 'vtiger.entity.aftersave', 'modules/ModComments/ModCommentsHandler.php', 'ModCommentsHandler', '', 1, '[]'),
(11, 'vtiger.picklist.afterrename', 'modules/Settings/Picklist/handlers/PickListHandler.php', 'PickListHandler', '', 1, '[]'),
(12, 'vtiger.picklist.afterdelete', 'modules/Settings/Picklist/handlers/PickListHandler.php', 'PickListHandler', '', 1, '[]');

-- --------------------------------------------------------

--
-- Table structure for table `vtiger_eventhandlers_seq`
--

CREATE TABLE IF NOT EXISTS `vtiger_eventhandlers_seq` (
  `id` int(11) NOT NULL
) ENGINE=InnoDB DEFAULT CHARSET=utf8 COLLATE=utf8_unicode_ci;

--
-- Dumping data for table `vtiger_eventhandlers_seq`
--

INSERT INTO `vtiger_eventhandlers_seq` (`id`) VALUES
(12);

-- --------------------------------------------------------

--
-- Table structure for table `vtiger_eventhandler_module`
--

CREATE TABLE IF NOT EXISTS `vtiger_eventhandler_module` (
  `eventhandler_module_id` int(11) NOT NULL AUTO_INCREMENT,
  `module_name` varchar(100) COLLATE utf8_unicode_ci DEFAULT NULL,
  `handler_class` varchar(100) COLLATE utf8_unicode_ci DEFAULT NULL,
  PRIMARY KEY (`eventhandler_module_id`)
) ENGINE=InnoDB  DEFAULT CHARSET=utf8 COLLATE=utf8_unicode_ci AUTO_INCREMENT=4 ;

--
-- Dumping data for table `vtiger_eventhandler_module`
--

INSERT INTO `vtiger_eventhandler_module` (`eventhandler_module_id`, `module_name`, `handler_class`) VALUES
(1, 'Home', 'Vtiger_RecordLabelUpdater_Handler'),
(2, 'Invoice', 'InvoiceHandler'),
(3, 'PurchaseOrder', 'PurchaseOrderHandler');

-- --------------------------------------------------------

--
-- Table structure for table `vtiger_eventhandler_module_seq`
--

CREATE TABLE IF NOT EXISTS `vtiger_eventhandler_module_seq` (
  `id` int(11) NOT NULL
) ENGINE=InnoDB DEFAULT CHARSET=utf8 COLLATE=utf8_unicode_ci;

--
-- Dumping data for table `vtiger_eventhandler_module_seq`
--

INSERT INTO `vtiger_eventhandler_module_seq` (`id`) VALUES
(3);

-- --------------------------------------------------------

--
-- Table structure for table `vtiger_eventstatus`
--

CREATE TABLE IF NOT EXISTS `vtiger_eventstatus` (
  `eventstatusid` int(19) NOT NULL AUTO_INCREMENT,
  `eventstatus` varchar(200) COLLATE utf8_unicode_ci NOT NULL,
  `presence` int(1) NOT NULL DEFAULT '1',
  `picklist_valueid` int(19) NOT NULL DEFAULT '0',
  `sortorderid` int(11) DEFAULT NULL,
  PRIMARY KEY (`eventstatusid`)
) ENGINE=InnoDB  DEFAULT CHARSET=utf8 COLLATE=utf8_unicode_ci AUTO_INCREMENT=4 ;

--
-- Dumping data for table `vtiger_eventstatus`
--

INSERT INTO `vtiger_eventstatus` (`eventstatusid`, `eventstatus`, `presence`, `picklist_valueid`, `sortorderid`) VALUES
(1, 'Planned', 0, 38, 0),
(2, 'Held', 0, 39, 1),
(3, 'Not Held', 0, 40, 2);

-- --------------------------------------------------------

--
-- Table structure for table `vtiger_eventstatus_seq`
--

CREATE TABLE IF NOT EXISTS `vtiger_eventstatus_seq` (
  `id` int(11) NOT NULL
) ENGINE=InnoDB DEFAULT CHARSET=utf8 COLLATE=utf8_unicode_ci;

--
-- Dumping data for table `vtiger_eventstatus_seq`
--

INSERT INTO `vtiger_eventstatus_seq` (`id`) VALUES
(3);

-- --------------------------------------------------------

--
-- Table structure for table `vtiger_expectedresponse`
--

CREATE TABLE IF NOT EXISTS `vtiger_expectedresponse` (
  `expectedresponseid` int(19) NOT NULL AUTO_INCREMENT,
  `expectedresponse` varchar(200) COLLATE utf8_unicode_ci NOT NULL,
  `presence` int(1) NOT NULL DEFAULT '1',
  `picklist_valueid` int(19) NOT NULL DEFAULT '0',
  `sortorderid` int(11) DEFAULT NULL,
  PRIMARY KEY (`expectedresponseid`),
  UNIQUE KEY `CampaignExpRes_UK01` (`expectedresponse`)
) ENGINE=InnoDB  DEFAULT CHARSET=utf8 COLLATE=utf8_unicode_ci AUTO_INCREMENT=6 ;

--
-- Dumping data for table `vtiger_expectedresponse`
--

INSERT INTO `vtiger_expectedresponse` (`expectedresponseid`, `expectedresponse`, `presence`, `picklist_valueid`, `sortorderid`) VALUES
(2, 'Excellent', 1, 42, 1),
(3, 'Good', 1, 43, 2),
(4, 'Average', 1, 44, 3),
(5, 'Poor', 1, 45, 4);

-- --------------------------------------------------------

--
-- Table structure for table `vtiger_expectedresponse_seq`
--

CREATE TABLE IF NOT EXISTS `vtiger_expectedresponse_seq` (
  `id` int(11) NOT NULL
) ENGINE=InnoDB DEFAULT CHARSET=utf8 COLLATE=utf8_unicode_ci;

--
-- Dumping data for table `vtiger_expectedresponse_seq`
--

INSERT INTO `vtiger_expectedresponse_seq` (`id`) VALUES
(5);

-- --------------------------------------------------------

--
-- Table structure for table `vtiger_faq`
--

CREATE TABLE IF NOT EXISTS `vtiger_faq` (
  `id` int(11) NOT NULL AUTO_INCREMENT,
  `faq_no` varchar(100) COLLATE utf8_unicode_ci NOT NULL,
  `product_id` varchar(100) COLLATE utf8_unicode_ci DEFAULT NULL,
  `question` text COLLATE utf8_unicode_ci,
  `answer` text COLLATE utf8_unicode_ci,
  `category` varchar(200) COLLATE utf8_unicode_ci NOT NULL,
  `status` varchar(200) COLLATE utf8_unicode_ci NOT NULL,
  PRIMARY KEY (`id`),
  KEY `faq_id_idx` (`id`)
) ENGINE=InnoDB DEFAULT CHARSET=utf8 COLLATE=utf8_unicode_ci AUTO_INCREMENT=1 ;

-- --------------------------------------------------------

--
-- Table structure for table `vtiger_faqcategories`
--

CREATE TABLE IF NOT EXISTS `vtiger_faqcategories` (
  `faqcategories_id` int(19) NOT NULL AUTO_INCREMENT,
  `faqcategories` varchar(200) COLLATE utf8_unicode_ci DEFAULT NULL,
  `presence` int(1) NOT NULL DEFAULT '1',
  `picklist_valueid` int(19) NOT NULL DEFAULT '0',
  `sortorderid` int(11) DEFAULT NULL,
  PRIMARY KEY (`faqcategories_id`)
) ENGINE=InnoDB  DEFAULT CHARSET=utf8 COLLATE=utf8_unicode_ci AUTO_INCREMENT=2 ;

--
-- Dumping data for table `vtiger_faqcategories`
--

INSERT INTO `vtiger_faqcategories` (`faqcategories_id`, `faqcategories`, `presence`, `picklist_valueid`, `sortorderid`) VALUES
(1, 'General', 1, 46, 0);

-- --------------------------------------------------------

--
-- Table structure for table `vtiger_faqcategories_seq`
--

CREATE TABLE IF NOT EXISTS `vtiger_faqcategories_seq` (
  `id` int(11) NOT NULL
) ENGINE=InnoDB DEFAULT CHARSET=utf8 COLLATE=utf8_unicode_ci;

--
-- Dumping data for table `vtiger_faqcategories_seq`
--

INSERT INTO `vtiger_faqcategories_seq` (`id`) VALUES
(1);

-- --------------------------------------------------------

--
-- Table structure for table `vtiger_faqcf`
--

CREATE TABLE IF NOT EXISTS `vtiger_faqcf` (
  `faqid` int(19) NOT NULL DEFAULT '0',
  PRIMARY KEY (`faqid`)
) ENGINE=InnoDB DEFAULT CHARSET=utf8 COLLATE=utf8_unicode_ci;

-- --------------------------------------------------------

--
-- Table structure for table `vtiger_faqcomments`
--

CREATE TABLE IF NOT EXISTS `vtiger_faqcomments` (
  `commentid` int(19) NOT NULL AUTO_INCREMENT,
  `faqid` int(19) DEFAULT NULL,
  `comments` text COLLATE utf8_unicode_ci,
  `createdtime` datetime NOT NULL,
  PRIMARY KEY (`commentid`),
  KEY `faqcomments_faqid_idx` (`faqid`)
) ENGINE=InnoDB DEFAULT CHARSET=utf8 COLLATE=utf8_unicode_ci AUTO_INCREMENT=1 ;

-- --------------------------------------------------------

--
-- Table structure for table `vtiger_faqstatus`
--

CREATE TABLE IF NOT EXISTS `vtiger_faqstatus` (
  `faqstatus_id` int(19) NOT NULL AUTO_INCREMENT,
  `faqstatus` varchar(200) COLLATE utf8_unicode_ci DEFAULT NULL,
  `presence` int(1) NOT NULL DEFAULT '1',
  `picklist_valueid` int(19) NOT NULL DEFAULT '0',
  `sortorderid` int(11) DEFAULT NULL,
  PRIMARY KEY (`faqstatus_id`)
) ENGINE=InnoDB  DEFAULT CHARSET=utf8 COLLATE=utf8_unicode_ci AUTO_INCREMENT=5 ;

--
-- Dumping data for table `vtiger_faqstatus`
--

INSERT INTO `vtiger_faqstatus` (`faqstatus_id`, `faqstatus`, `presence`, `picklist_valueid`, `sortorderid`) VALUES
(1, 'Draft', 0, 47, 0),
(2, 'Reviewed', 0, 48, 1),
(3, 'Published', 0, 49, 2),
(4, 'Obsolete', 0, 50, 3);

-- --------------------------------------------------------

--
-- Table structure for table `vtiger_faqstatus_seq`
--

CREATE TABLE IF NOT EXISTS `vtiger_faqstatus_seq` (
  `id` int(11) NOT NULL
) ENGINE=InnoDB DEFAULT CHARSET=utf8 COLLATE=utf8_unicode_ci;

--
-- Dumping data for table `vtiger_faqstatus_seq`
--

INSERT INTO `vtiger_faqstatus_seq` (`id`) VALUES
(4);

-- --------------------------------------------------------

--
-- Table structure for table `vtiger_feedback`
--

CREATE TABLE IF NOT EXISTS `vtiger_feedback` (
  `userid` int(19) DEFAULT NULL,
  `dontshow` varchar(19) COLLATE utf8_unicode_ci DEFAULT 'false'
) ENGINE=InnoDB DEFAULT CHARSET=utf8 COLLATE=utf8_unicode_ci;

-- --------------------------------------------------------

--
-- Table structure for table `vtiger_field`
--

CREATE TABLE IF NOT EXISTS `vtiger_field` (
  `tabid` int(19) NOT NULL,
  `fieldid` int(19) NOT NULL AUTO_INCREMENT,
  `columnname` varchar(30) COLLATE utf8_unicode_ci NOT NULL,
  `tablename` varchar(50) COLLATE utf8_unicode_ci NOT NULL,
  `generatedtype` int(19) NOT NULL DEFAULT '0',
  `uitype` varchar(30) COLLATE utf8_unicode_ci NOT NULL,
  `fieldname` varchar(50) COLLATE utf8_unicode_ci NOT NULL,
  `fieldlabel` varchar(50) COLLATE utf8_unicode_ci NOT NULL,
  `readonly` int(1) NOT NULL,
  `presence` int(19) NOT NULL DEFAULT '1',
  `defaultvalue` text COLLATE utf8_unicode_ci,
  `maximumlength` int(19) DEFAULT NULL,
  `sequence` int(19) DEFAULT NULL,
  `block` int(19) DEFAULT NULL,
  `displaytype` int(19) DEFAULT NULL,
  `typeofdata` varchar(100) COLLATE utf8_unicode_ci DEFAULT NULL,
  `quickcreate` int(10) NOT NULL DEFAULT '1',
  `quickcreatesequence` int(19) DEFAULT NULL,
  `info_type` varchar(20) COLLATE utf8_unicode_ci DEFAULT NULL,
  `masseditable` int(10) NOT NULL DEFAULT '1',
  `helpinfo` text COLLATE utf8_unicode_ci,
  `summaryfield` int(10) NOT NULL DEFAULT '0',
  PRIMARY KEY (`fieldid`),
  KEY `field_tabid_idx` (`tabid`),
  KEY `field_fieldname_idx` (`fieldname`),
  KEY `field_block_idx` (`block`),
  KEY `field_displaytype_idx` (`displaytype`)
) ENGINE=InnoDB  DEFAULT CHARSET=utf8 COLLATE=utf8_unicode_ci AUTO_INCREMENT=611 ;

--
-- Dumping data for table `vtiger_field`
--

INSERT INTO `vtiger_field` (`tabid`, `fieldid`, `columnname`, `tablename`, `generatedtype`, `uitype`, `fieldname`, `fieldlabel`, `readonly`, `presence`, `defaultvalue`, `maximumlength`, `sequence`, `block`, `displaytype`, `typeofdata`, `quickcreate`, `quickcreatesequence`, `info_type`, `masseditable`, `helpinfo`, `summaryfield`) VALUES
(6, 1, 'accountname', 'vtiger_account', 1, '2', 'accountname', 'Account Name', 1, 0, '', 100, 1, 9, 1, 'V~M', 0, 1, 'BAS', 1, NULL, 1),
(6, 2, 'account_no', 'vtiger_account', 1, '4', 'account_no', 'Account No', 1, 0, '', 100, 2, 9, 1, 'V~O', 3, NULL, 'BAS', 0, NULL, 0),
(6, 3, 'phone', 'vtiger_account', 1, '11', 'phone', 'Phone', 1, 2, '', 100, 4, 9, 1, 'V~O', 2, 2, 'BAS', 1, NULL, 1),
(6, 4, 'website', 'vtiger_account', 1, '17', 'website', 'Website', 1, 2, '', 100, 3, 9, 1, 'V~O', 2, 3, 'BAS', 1, NULL, 1),
(6, 5, 'fax', 'vtiger_account', 1, '11', 'fax', 'Fax', 1, 2, '', 100, 6, 9, 1, 'V~O', 1, NULL, 'BAS', 1, NULL, 0),
(6, 6, 'tickersymbol', 'vtiger_account', 1, '1', 'tickersymbol', 'Ticker Symbol', 1, 2, '', 100, 5, 9, 1, 'V~O', 1, NULL, 'BAS', 1, NULL, 0),
(6, 7, 'otherphone', 'vtiger_account', 1, '11', 'otherphone', 'Other Phone', 1, 2, '', 100, 8, 9, 1, 'V~O', 1, NULL, 'ADV', 1, NULL, 0),
(6, 8, 'parentid', 'vtiger_account', 1, '51', 'account_id', 'Member Of', 1, 2, '', 100, 7, 9, 1, 'I~O', 1, NULL, 'BAS', 0, NULL, 0),
(6, 9, 'email1', 'vtiger_account', 1, '13', 'email1', 'Email', 1, 2, '', 100, 10, 9, 1, 'E~O', 1, NULL, 'BAS', 1, NULL, 1),
(6, 10, 'employees', 'vtiger_account', 1, '7', 'employees', 'Employees', 1, 2, '', 100, 9, 9, 1, 'I~O', 1, NULL, 'ADV', 1, NULL, 0),
(6, 11, 'email2', 'vtiger_account', 1, '13', 'email2', 'Other Email', 1, 2, '', 100, 11, 9, 1, 'E~O', 1, NULL, 'ADV', 1, NULL, 0),
(6, 12, 'ownership', 'vtiger_account', 1, '1', 'ownership', 'Ownership', 1, 2, '', 100, 12, 9, 1, 'V~O', 1, NULL, 'ADV', 1, NULL, 0),
(6, 13, 'rating', 'vtiger_account', 1, '15', 'rating', 'Rating', 1, 2, '', 100, 14, 9, 1, 'V~O', 1, NULL, 'ADV', 1, NULL, 0),
(6, 14, 'industry', 'vtiger_account', 1, '15', 'industry', 'industry', 1, 2, '', 100, 13, 9, 1, 'V~O', 1, NULL, 'ADV', 1, NULL, 0),
(6, 15, 'siccode', 'vtiger_account', 1, '1', 'siccode', 'SIC Code', 1, 2, '', 100, 16, 9, 1, 'V~O', 1, NULL, 'ADV', 1, NULL, 0),
(6, 16, 'account_type', 'vtiger_account', 1, '15', 'accounttype', 'Type', 1, 2, '', 100, 15, 9, 1, 'V~O', 1, NULL, 'ADV', 1, NULL, 0),
(6, 17, 'annualrevenue', 'vtiger_account', 1, '71', 'annual_revenue', 'Annual Revenue', 1, 2, '', 100, 18, 9, 1, 'N~O', 1, NULL, 'ADV', 1, NULL, 0),
(6, 18, 'emailoptout', 'vtiger_account', 1, '56', 'emailoptout', 'Email Opt Out', 1, 2, '', 100, 17, 9, 1, 'C~O', 1, NULL, 'ADV', 1, NULL, 0),
(6, 19, 'notify_owner', 'vtiger_account', 1, '56', 'notify_owner', 'Notify Owner', 1, 2, '', 10, 20, 9, 1, 'C~O', 1, NULL, 'ADV', 1, NULL, 0),
(6, 20, 'smownerid', 'vtiger_crmentity', 1, '53', 'assigned_user_id', 'Assigned To', 1, 0, '', 100, 19, 9, 1, 'V~M', 0, 4, 'BAS', 1, NULL, 1),
(6, 21, 'createdtime', 'vtiger_crmentity', 1, '70', 'createdtime', 'Created Time', 1, 0, '', 100, 22, 9, 2, 'DT~O', 3, NULL, 'BAS', 0, NULL, 0),
(6, 22, 'modifiedtime', 'vtiger_crmentity', 1, '70', 'modifiedtime', 'Modified Time', 1, 0, '', 100, 21, 9, 2, 'DT~O', 3, NULL, 'BAS', 0, NULL, 0),
(6, 23, 'modifiedby', 'vtiger_crmentity', 1, '52', 'modifiedby', 'Last Modified By', 1, 0, '', 100, 23, 9, 3, 'V~O', 3, NULL, 'BAS', 0, NULL, 0),
(6, 24, 'bill_street', 'vtiger_accountbillads', 1, '21', 'bill_street', 'Billing Address', 1, 2, '', 100, 1, 11, 1, 'V~O', 1, NULL, 'BAS', 1, NULL, 0),
(6, 25, 'ship_street', 'vtiger_accountshipads', 1, '21', 'ship_street', 'Shipping Address', 1, 2, '', 100, 2, 11, 1, 'V~O', 1, NULL, 'BAS', 1, NULL, 0),
(6, 26, 'bill_city', 'vtiger_accountbillads', 1, '1', 'bill_city', 'Billing City', 1, 2, '', 100, 5, 11, 1, 'V~O', 1, NULL, 'BAS', 1, NULL, 1),
(6, 27, 'ship_city', 'vtiger_accountshipads', 1, '1', 'ship_city', 'Shipping City', 1, 2, '', 100, 6, 11, 1, 'V~O', 1, NULL, 'BAS', 1, NULL, 0),
(6, 28, 'bill_state', 'vtiger_accountbillads', 1, '1', 'bill_state', 'Billing State', 1, 2, '', 100, 7, 11, 1, 'V~O', 1, NULL, 'BAS', 1, NULL, 0),
(6, 29, 'ship_state', 'vtiger_accountshipads', 1, '1', 'ship_state', 'Shipping State', 1, 2, '', 100, 8, 11, 1, 'V~O', 1, NULL, 'BAS', 1, NULL, 0),
(6, 30, 'bill_code', 'vtiger_accountbillads', 1, '1', 'bill_code', 'Billing Code', 1, 2, '', 100, 9, 11, 1, 'V~O', 1, NULL, 'BAS', 1, NULL, 0),
(6, 31, 'ship_code', 'vtiger_accountshipads', 1, '1', 'ship_code', 'Shipping Code', 1, 2, '', 100, 10, 11, 1, 'V~O', 1, NULL, 'BAS', 1, NULL, 0),
(6, 32, 'bill_country', 'vtiger_accountbillads', 1, '1', 'bill_country', 'Billing Country', 1, 2, '', 100, 11, 11, 1, 'V~O', 1, NULL, 'BAS', 1, NULL, 1),
(6, 33, 'ship_country', 'vtiger_accountshipads', 1, '1', 'ship_country', 'Shipping Country', 1, 2, '', 100, 12, 11, 1, 'V~O', 1, NULL, 'BAS', 1, NULL, 0),
(6, 34, 'bill_pobox', 'vtiger_accountbillads', 1, '1', 'bill_pobox', 'Billing Po Box', 1, 2, '', 100, 3, 11, 1, 'V~O', 1, NULL, 'BAS', 1, NULL, 0),
(6, 35, 'ship_pobox', 'vtiger_accountshipads', 1, '1', 'ship_pobox', 'Shipping Po Box', 1, 2, '', 100, 4, 11, 1, 'V~O', 1, NULL, 'BAS', 1, NULL, 0),
(6, 36, 'description', 'vtiger_crmentity', 1, '19', 'description', 'Description', 1, 2, '', 100, 1, 12, 1, 'V~O', 1, NULL, 'BAS', 1, NULL, 0),
(7, 37, 'salutation', 'vtiger_leaddetails', 1, '15', 'salutationtype', 'Salutation', 1, 0, '', 100, 1, 13, 1, 'V~O', 1, NULL, 'BAS', 1, NULL, 1),
(7, 38, 'firstname', 'vtiger_leaddetails', 1, '1', 'firstname', 'First Name', 1, 0, '', 100, 2, 13, 1, 'V~O', 2, 1, 'BAS', 1, NULL, 1),
(7, 39, 'lead_no', 'vtiger_leaddetails', 1, '4', 'lead_no', 'Lead No', 1, 0, '', 100, 3, 13, 1, 'V~O', 3, NULL, 'BAS', 0, NULL, 0),
(7, 40, 'phone', 'vtiger_leadaddress', 1, '11', 'phone', 'Phone', 1, 2, '', 100, 5, 13, 1, 'V~O', 2, 4, 'BAS', 1, NULL, 1),
(7, 41, 'lastname', 'vtiger_leaddetails', 1, '2', 'lastname', 'Last Name', 1, 0, '', 100, 4, 13, 1, 'V~M', 0, 2, 'BAS', 1, NULL, 1),
(7, 42, 'mobile', 'vtiger_leadaddress', 1, '11', 'mobile', 'Mobile', 1, 2, '', 100, 7, 13, 1, 'V~O', 1, NULL, 'BAS', 1, NULL, 0),
(7, 43, 'company', 'vtiger_leaddetails', 1, '2', 'company', 'Company', 1, 2, '', 100, 6, 13, 1, 'V~O', 2, 3, 'BAS', 1, NULL, 1),
(7, 44, 'fax', 'vtiger_leadaddress', 1, '11', 'fax', 'Fax', 1, 2, '', 100, 9, 13, 1, 'V~O', 1, NULL, 'BAS', 1, NULL, 0),
(7, 45, 'designation', 'vtiger_leaddetails', 1, '1', 'designation', 'Designation', 1, 2, '', 100, 8, 13, 1, 'V~O', 1, NULL, 'BAS', 1, NULL, 0),
(7, 46, 'email', 'vtiger_leaddetails', 1, '13', 'email', 'Email', 1, 2, '', 100, 11, 13, 1, 'E~O', 2, 5, 'BAS', 1, NULL, 1),
(7, 47, 'leadsource', 'vtiger_leaddetails', 1, '15', 'leadsource', 'Lead Source', 1, 2, '', 100, 10, 13, 1, 'V~O', 1, NULL, 'BAS', 1, NULL, 1),
(7, 48, 'website', 'vtiger_leadsubdetails', 1, '17', 'website', 'Website', 1, 2, '', 100, 13, 13, 1, 'V~O', 1, NULL, 'ADV', 1, NULL, 1),
(7, 49, 'industry', 'vtiger_leaddetails', 1, '15', 'industry', 'Industry', 1, 2, '', 100, 12, 13, 1, 'V~O', 1, NULL, 'ADV', 1, NULL, 0),
(7, 50, 'leadstatus', 'vtiger_leaddetails', 1, '15', 'leadstatus', 'Lead Status', 1, 2, '', 100, 15, 13, 1, 'V~O', 1, NULL, 'BAS', 1, NULL, 0),
(7, 51, 'annualrevenue', 'vtiger_leaddetails', 1, '71', 'annualrevenue', 'Annual Revenue', 1, 2, '', 100, 14, 13, 1, 'N~O', 1, NULL, 'ADV', 1, NULL, 0),
(7, 52, 'rating', 'vtiger_leaddetails', 1, '15', 'rating', 'Rating', 1, 2, '', 100, 17, 13, 1, 'V~O', 1, NULL, 'ADV', 1, NULL, 0),
(7, 53, 'noofemployees', 'vtiger_leaddetails', 1, '1', 'noofemployees', 'No Of Employees', 1, 2, '', 100, 16, 13, 1, 'I~O', 1, NULL, 'ADV', 1, NULL, 0),
(7, 54, 'smownerid', 'vtiger_crmentity', 1, '53', 'assigned_user_id', 'Assigned To', 1, 0, '', 100, 19, 13, 1, 'V~M', 0, 6, 'BAS', 1, NULL, 1),
(7, 55, 'secondaryemail', 'vtiger_leaddetails', 1, '13', 'secondaryemail', 'Secondary Email', 1, 2, '', 100, 18, 13, 1, 'E~O', 1, NULL, 'ADV', 1, NULL, 0),
(7, 56, 'createdtime', 'vtiger_crmentity', 1, '70', 'createdtime', 'Created Time', 1, 0, '', 100, 21, 13, 2, 'DT~O', 3, NULL, 'BAS', 0, NULL, 0),
(7, 57, 'modifiedtime', 'vtiger_crmentity', 1, '70', 'modifiedtime', 'Modified Time', 1, 0, '', 100, 20, 13, 2, 'DT~O', 3, NULL, 'BAS', 0, NULL, 0),
(7, 58, 'modifiedby', 'vtiger_crmentity', 1, '52', 'modifiedby', 'Last Modified By', 1, 0, '', 100, 23, 13, 3, 'V~O', 3, NULL, 'BAS', 0, NULL, 0),
(7, 59, 'lane', 'vtiger_leadaddress', 1, '21', 'lane', 'Street', 1, 2, '', 100, 1, 15, 1, 'V~O', 1, NULL, 'BAS', 1, NULL, 0),
(7, 60, 'code', 'vtiger_leadaddress', 1, '1', 'code', 'Postal Code', 1, 2, '', 100, 3, 15, 1, 'V~O', 1, NULL, 'BAS', 1, NULL, 0),
(7, 61, 'city', 'vtiger_leadaddress', 1, '1', 'city', 'City', 1, 2, '', 100, 4, 15, 1, 'V~O', 1, NULL, 'BAS', 1, NULL, 1),
(7, 62, 'country', 'vtiger_leadaddress', 1, '1', 'country', 'Country', 1, 2, '', 100, 5, 15, 1, 'V~O', 1, NULL, 'BAS', 1, NULL, 1),
(7, 63, 'state', 'vtiger_leadaddress', 1, '1', 'state', 'State', 1, 2, '', 100, 6, 15, 1, 'V~O', 1, NULL, 'BAS', 1, NULL, 0),
(7, 64, 'pobox', 'vtiger_leadaddress', 1, '1', 'pobox', 'Po Box', 1, 2, '', 100, 2, 15, 1, 'V~O', 1, NULL, 'BAS', 1, NULL, 0),
(7, 65, 'description', 'vtiger_crmentity', 1, '19', 'description', 'Description', 1, 2, '', 100, 1, 16, 1, 'V~O', 1, NULL, 'BAS', 1, NULL, 0),
(4, 66, 'salutation', 'vtiger_contactdetails', 1, '15', 'salutationtype', 'Salutation', 1, 0, '', 100, 1, 4, 1, 'V~O', 1, NULL, 'BAS', 1, NULL, 1),
(4, 67, 'firstname', 'vtiger_contactdetails', 1, '1', 'firstname', 'First Name', 1, 0, '', 100, 2, 4, 1, 'V~O', 2, 1, 'BAS', 1, NULL, 1),
(4, 68, 'contact_no', 'vtiger_contactdetails', 1, '4', 'contact_no', 'Contact Id', 1, 0, '', 100, 3, 4, 1, 'V~O', 3, NULL, 'BAS', 0, NULL, 0),
(4, 69, 'phone', 'vtiger_contactdetails', 1, '11', 'phone', 'Office Phone', 1, 2, '', 100, 5, 4, 1, 'V~O', 2, 4, 'BAS', 1, NULL, 1),
(4, 70, 'lastname', 'vtiger_contactdetails', 1, '2', 'lastname', 'Last Name', 1, 0, '', 100, 4, 4, 1, 'V~M', 0, 2, 'BAS', 1, NULL, 1),
(4, 71, 'mobile', 'vtiger_contactdetails', 1, '11', 'mobile', 'Mobile', 1, 2, '', 100, 7, 4, 1, 'V~O', 1, NULL, 'BAS', 1, NULL, 0),
(4, 72, 'accountid', 'vtiger_contactdetails', 1, '51', 'account_id', 'Account Name', 1, 0, '', 100, 6, 4, 1, 'I~O', 2, 3, 'BAS', 1, NULL, 1),
(4, 73, 'homephone', 'vtiger_contactsubdetails', 1, '11', 'homephone', 'Home Phone', 1, 2, '', 100, 9, 4, 1, 'V~O', 1, NULL, 'ADV', 1, NULL, 0),
(4, 74, 'leadsource', 'vtiger_contactsubdetails', 1, '15', 'leadsource', 'Lead Source', 1, 2, '', 100, 8, 4, 1, 'V~O', 1, NULL, 'BAS', 1, NULL, 0),
(4, 75, 'otherphone', 'vtiger_contactsubdetails', 1, '11', 'otherphone', 'Other Phone', 1, 2, '', 100, 11, 4, 1, 'V~O', 1, NULL, 'ADV', 1, NULL, 0),
(4, 76, 'title', 'vtiger_contactdetails', 1, '1', 'title', 'Title', 1, 2, '', 100, 10, 4, 1, 'V~O', 1, NULL, 'BAS', 1, NULL, 1),
(4, 77, 'fax', 'vtiger_contactdetails', 1, '11', 'fax', 'Fax', 1, 2, '', 100, 13, 4, 1, 'V~O', 1, NULL, 'BAS', 1, NULL, 0),
(4, 78, 'department', 'vtiger_contactdetails', 1, '1', 'department', 'Department', 1, 2, '', 100, 12, 4, 1, 'V~O', 1, NULL, 'ADV', 1, NULL, 0),
(4, 79, 'birthday', 'vtiger_contactsubdetails', 1, '5', 'birthday', 'Birthdate', 1, 2, '', 100, 16, 4, 1, 'D~O', 1, NULL, 'ADV', 1, NULL, 0),
(4, 80, 'email', 'vtiger_contactdetails', 1, '13', 'email', 'Email', 1, 2, '', 100, 15, 4, 1, 'E~O', 2, 5, 'BAS', 1, NULL, 1),
(4, 81, 'reportsto', 'vtiger_contactdetails', 1, '57', 'contact_id', 'Reports To', 1, 2, '', 100, 18, 4, 1, 'V~O', 1, NULL, 'ADV', 0, NULL, 0),
(4, 82, 'assistant', 'vtiger_contactsubdetails', 1, '1', 'assistant', 'Assistant', 1, 2, '', 100, 17, 4, 1, 'V~O', 1, NULL, 'ADV', 1, NULL, 0),
(4, 83, 'secondaryemail', 'vtiger_contactdetails', 1, '13', 'secondaryemail', 'Secondary Email', 1, 2, '', 100, 20, 4, 1, 'E~O', 1, NULL, 'ADV', 1, NULL, 0),
(4, 84, 'assistantphone', 'vtiger_contactsubdetails', 1, '11', 'assistantphone', 'Assistant Phone', 1, 2, '', 100, 19, 4, 1, 'V~O', 1, NULL, 'ADV', 1, NULL, 0),
(4, 85, 'donotcall', 'vtiger_contactdetails', 1, '56', 'donotcall', 'Do Not Call', 1, 2, '', 100, 22, 4, 1, 'C~O', 1, NULL, 'ADV', 1, NULL, 0),
(4, 86, 'emailoptout', 'vtiger_contactdetails', 1, '56', 'emailoptout', 'Email Opt Out', 1, 2, '', 100, 21, 4, 1, 'C~O', 1, NULL, 'ADV', 1, NULL, 0),
(4, 87, 'smownerid', 'vtiger_crmentity', 1, '53', 'assigned_user_id', 'Assigned To', 1, 0, '', 100, 24, 4, 1, 'V~M', 0, 6, 'BAS', 1, NULL, 1),
(4, 88, 'reference', 'vtiger_contactdetails', 1, '56', 'reference', 'Reference', 1, 2, '', 10, 23, 4, 1, 'C~O', 1, NULL, 'ADV', 1, NULL, 0),
(4, 89, 'notify_owner', 'vtiger_contactdetails', 1, '56', 'notify_owner', 'Notify Owner', 1, 2, '', 10, 26, 4, 1, 'C~O', 1, NULL, 'ADV', 1, NULL, 0),
(4, 90, 'createdtime', 'vtiger_crmentity', 1, '70', 'createdtime', 'Created Time', 1, 0, '', 100, 25, 4, 2, 'DT~O', 3, NULL, 'BAS', 0, NULL, 0),
(4, 91, 'modifiedtime', 'vtiger_crmentity', 1, '70', 'modifiedtime', 'Modified Time', 1, 0, '', 100, 27, 4, 2, 'DT~O', 3, NULL, 'BAS', 0, NULL, 0),
(4, 92, 'modifiedby', 'vtiger_crmentity', 1, '52', 'modifiedby', 'Last Modified By', 1, 0, '', 100, 28, 4, 3, 'V~O', 3, NULL, 'BAS', 0, NULL, 0),
(4, 93, 'portal', 'vtiger_customerdetails', 1, '56', 'portal', 'Portal User', 1, 2, '', 100, 1, 6, 1, 'C~O', 1, NULL, 'ADV', 0, NULL, 0),
(4, 94, 'support_start_date', 'vtiger_customerdetails', 1, '5', 'support_start_date', 'Support Start Date', 1, 2, '', 100, 2, 6, 1, 'D~O', 1, NULL, 'ADV', 1, NULL, 0),
(4, 95, 'support_end_date', 'vtiger_customerdetails', 1, '5', 'support_end_date', 'Support End Date', 1, 2, '', 100, 3, 6, 1, 'D~O~OTH~GE~support_start_date~Support Start Date', 1, NULL, 'ADV', 1, NULL, 0),
(4, 96, 'mailingstreet', 'vtiger_contactaddress', 1, '21', 'mailingstreet', 'Mailing Street', 1, 2, '', 100, 1, 7, 1, 'V~O', 1, NULL, 'BAS', 1, NULL, 0),
(4, 97, 'otherstreet', 'vtiger_contactaddress', 1, '21', 'otherstreet', 'Other Street', 1, 2, '', 100, 2, 7, 1, 'V~O', 1, NULL, 'BAS', 1, NULL, 0),
(4, 98, 'mailingcity', 'vtiger_contactaddress', 1, '1', 'mailingcity', 'Mailing City', 1, 2, '', 100, 5, 7, 1, 'V~O', 1, NULL, 'BAS', 1, NULL, 1),
(4, 99, 'othercity', 'vtiger_contactaddress', 1, '1', 'othercity', 'Other City', 1, 2, '', 100, 6, 7, 1, 'V~O', 1, NULL, 'BAS', 1, NULL, 0),
(4, 100, 'mailingstate', 'vtiger_contactaddress', 1, '1', 'mailingstate', 'Mailing State', 1, 2, '', 100, 7, 7, 1, 'V~O', 1, NULL, 'BAS', 1, NULL, 0),
(4, 101, 'otherstate', 'vtiger_contactaddress', 1, '1', 'otherstate', 'Other State', 1, 2, '', 100, 8, 7, 1, 'V~O', 1, NULL, 'BAS', 1, NULL, 0),
(4, 102, 'mailingzip', 'vtiger_contactaddress', 1, '1', 'mailingzip', 'Mailing Zip', 1, 2, '', 100, 9, 7, 1, 'V~O', 1, NULL, 'BAS', 1, NULL, 0),
(4, 103, 'otherzip', 'vtiger_contactaddress', 1, '1', 'otherzip', 'Other Zip', 1, 2, '', 100, 10, 7, 1, 'V~O', 1, NULL, 'BAS', 1, NULL, 0),
(4, 104, 'mailingcountry', 'vtiger_contactaddress', 1, '1', 'mailingcountry', 'Mailing Country', 1, 2, '', 100, 11, 7, 1, 'V~O', 1, NULL, 'BAS', 1, NULL, 1),
(4, 105, 'othercountry', 'vtiger_contactaddress', 1, '1', 'othercountry', 'Other Country', 1, 2, '', 100, 12, 7, 1, 'V~O', 1, NULL, 'BAS', 1, NULL, 0),
(4, 106, 'mailingpobox', 'vtiger_contactaddress', 1, '1', 'mailingpobox', 'Mailing Po Box', 1, 2, '', 100, 3, 7, 1, 'V~O', 1, NULL, 'BAS', 1, NULL, 0),
(4, 107, 'otherpobox', 'vtiger_contactaddress', 1, '1', 'otherpobox', 'Other Po Box', 1, 2, '', 100, 4, 7, 1, 'V~O', 1, NULL, 'BAS', 1, NULL, 0),
(4, 108, 'imagename', 'vtiger_contactdetails', 1, '69', 'imagename', 'Contact Image', 1, 2, '', 100, 1, 73, 1, 'V~O', 3, NULL, 'ADV', 0, NULL, 0),
(4, 109, 'description', 'vtiger_crmentity', 1, '19', 'description', 'Description', 1, 2, '', 100, 1, 8, 1, 'V~O', 1, NULL, 'BAS', 1, NULL, 0),
(2, 110, 'potentialname', 'vtiger_potential', 1, '2', 'potentialname', 'Potential Name', 1, 0, '', 100, 1, 1, 1, 'V~M', 0, 1, 'BAS', 1, NULL, 1),
(2, 111, 'potential_no', 'vtiger_potential', 1, '4', 'potential_no', 'Potential No', 1, 0, '', 100, 2, 1, 1, 'V~O', 3, NULL, 'BAS', 0, NULL, 0),
(2, 112, 'amount', 'vtiger_potential', 1, '71', 'amount', 'Amount', 1, 2, '', 100, 5, 1, 1, 'N~O', 2, 5, 'BAS', 1, NULL, 1),
(2, 113, 'related_to', 'vtiger_potential', 1, '10', 'related_to', 'Related To', 1, 0, '', 100, 3, 1, 1, 'V~O', 0, 2, 'BAS', 1, NULL, 1),
(2, 114, 'closingdate', 'vtiger_potential', 1, '23', 'closingdate', 'Expected Close Date', 1, 2, '', 100, 8, 1, 1, 'D~M', 2, 3, 'BAS', 1, NULL, 1),
(2, 115, 'potentialtype', 'vtiger_potential', 1, '15', 'opportunity_type', 'Type', 1, 2, '', 100, 7, 1, 1, 'V~O', 1, NULL, 'BAS', 1, NULL, 0),
(2, 116, 'nextstep', 'vtiger_potential', 1, '1', 'nextstep', 'Next Step', 1, 2, '', 100, 10, 1, 1, 'V~O', 1, NULL, 'BAS', 1, NULL, 0),
(2, 117, 'leadsource', 'vtiger_potential', 1, '15', 'leadsource', 'Lead Source', 1, 2, '', 100, 9, 1, 1, 'V~O', 1, NULL, 'BAS', 1, NULL, 0),
(2, 118, 'sales_stage', 'vtiger_potential', 1, '15', 'sales_stage', 'Sales Stage', 1, 2, '', 100, 12, 1, 1, 'V~M', 2, 4, 'BAS', 1, NULL, 1),
(2, 119, 'smownerid', 'vtiger_crmentity', 1, '53', 'assigned_user_id', 'Assigned To', 1, 2, '', 100, 11, 1, 1, 'V~M', 0, 6, 'BAS', 1, NULL, 1),
(2, 120, 'probability', 'vtiger_potential', 1, '9', 'probability', 'Probability', 1, 2, '', 100, 14, 1, 1, 'N~O', 1, NULL, 'BAS', 1, NULL, 0),
(2, 121, 'campaignid', 'vtiger_potential', 1, '58', 'campaignid', 'Campaign Source', 1, 2, '', 100, 13, 1, 1, 'N~O', 1, NULL, 'BAS', 1, NULL, 0),
(2, 122, 'createdtime', 'vtiger_crmentity', 1, '70', 'createdtime', 'Created Time', 1, 0, '', 100, 16, 1, 2, 'DT~O', 3, NULL, 'BAS', 0, NULL, 0),
(2, 123, 'modifiedtime', 'vtiger_crmentity', 1, '70', 'modifiedtime', 'Modified Time', 1, 0, '', 100, 15, 1, 2, 'DT~O', 3, NULL, 'BAS', 0, NULL, 0),
(2, 124, 'modifiedby', 'vtiger_crmentity', 1, '52', 'modifiedby', 'Last Modified By', 1, 0, '', 100, 17, 1, 3, 'V~O', 3, NULL, 'BAS', 0, NULL, 0),
(2, 125, 'description', 'vtiger_crmentity', 1, '19', 'description', 'Description', 1, 2, '', 100, 1, 3, 1, 'V~O', 1, NULL, 'BAS', 1, NULL, 0),
(26, 126, 'campaignname', 'vtiger_campaign', 1, '2', 'campaignname', 'Campaign Name', 1, 0, '', 100, 1, 74, 1, 'V~M', 0, 1, 'BAS', 1, NULL, 1),
(26, 127, 'campaign_no', 'vtiger_campaign', 1, '4', 'campaign_no', 'Campaign No', 1, 0, '', 100, 2, 74, 1, 'V~O', 3, NULL, 'BAS', 0, NULL, 0),
(26, 128, 'campaigntype', 'vtiger_campaign', 1, '15', 'campaigntype', 'Campaign Type', 1, 2, '', 100, 5, 74, 1, 'V~O', 2, 3, 'BAS', 1, NULL, 1),
(26, 129, 'product_id', 'vtiger_campaign', 1, '59', 'product_id', 'Product', 1, 2, '', 100, 6, 74, 1, 'I~O', 2, 5, 'BAS', 1, NULL, 0),
(26, 130, 'campaignstatus', 'vtiger_campaign', 1, '15', 'campaignstatus', 'Campaign Status', 1, 2, '', 100, 4, 74, 1, 'V~O', 2, 6, 'BAS', 1, NULL, 1),
(26, 131, 'closingdate', 'vtiger_campaign', 1, '23', 'closingdate', 'Expected Close Date', 1, 2, '', 100, 8, 74, 1, 'D~M', 2, 2, 'BAS', 1, NULL, 1),
(26, 132, 'smownerid', 'vtiger_crmentity', 1, '53', 'assigned_user_id', 'Assigned To', 1, 0, '', 100, 3, 74, 1, 'V~M', 0, 7, 'BAS', 1, NULL, 1),
(26, 133, 'numsent', 'vtiger_campaign', 1, '9', 'numsent', 'Num Sent', 1, 2, '', 100, 12, 74, 1, 'N~O', 1, NULL, 'BAS', 1, NULL, 0),
(26, 134, 'sponsor', 'vtiger_campaign', 1, '1', 'sponsor', 'Sponsor', 1, 2, '', 100, 9, 74, 1, 'V~O', 1, NULL, 'BAS', 1, NULL, 0),
(26, 135, 'targetaudience', 'vtiger_campaign', 1, '1', 'targetaudience', 'Target Audience', 1, 2, '', 100, 7, 74, 1, 'V~O', 1, NULL, 'BAS', 1, NULL, 0),
(26, 136, 'targetsize', 'vtiger_campaign', 1, '1', 'targetsize', 'TargetSize', 1, 2, '', 100, 10, 74, 1, 'I~O', 1, NULL, 'BAS', 1, NULL, 0),
(26, 137, 'createdtime', 'vtiger_crmentity', 1, '70', 'createdtime', 'Created Time', 1, 0, '', 100, 11, 74, 2, 'DT~O', 3, NULL, 'BAS', 0, NULL, 0),
(26, 138, 'modifiedtime', 'vtiger_crmentity', 1, '70', 'modifiedtime', 'Modified Time', 1, 0, '', 100, 13, 74, 2, 'DT~O', 3, NULL, 'BAS', 0, NULL, 0),
(26, 139, 'modifiedby', 'vtiger_crmentity', 1, '52', 'modifiedby', 'Last Modified By', 1, 0, '', 100, 16, 74, 3, 'V~O', 3, NULL, 'BAS', 0, NULL, 0),
(26, 140, 'expectedresponse', 'vtiger_campaign', 1, '15', 'expectedresponse', 'Expected Response', 1, 2, '', 100, 3, 76, 1, 'V~O', 2, 4, 'BAS', 1, NULL, 0),
(26, 141, 'expectedrevenue', 'vtiger_campaign', 1, '71', 'expectedrevenue', 'Expected Revenue', 1, 2, '', 100, 4, 76, 1, 'N~O', 1, NULL, 'BAS', 1, NULL, 1),
(26, 142, 'budgetcost', 'vtiger_campaign', 1, '71', 'budgetcost', 'Budget Cost', 1, 2, '', 100, 1, 76, 1, 'N~O', 1, NULL, 'BAS', 1, NULL, 0),
(26, 143, 'actualcost', 'vtiger_campaign', 1, '71', 'actualcost', 'Actual Cost', 1, 2, '', 100, 2, 76, 1, 'N~O', 1, NULL, 'BAS', 1, NULL, 0),
(26, 144, 'expectedresponsecount', 'vtiger_campaign', 1, '1', 'expectedresponsecount', 'Expected Response Count', 1, 2, '', 100, 7, 76, 1, 'I~O', 1, NULL, 'BAS', 1, NULL, 0),
(26, 145, 'expectedsalescount', 'vtiger_campaign', 1, '1', 'expectedsalescount', 'Expected Sales Count', 1, 2, '', 100, 5, 76, 1, 'I~O', 1, NULL, 'BAS', 1, NULL, 0),
(26, 146, 'expectedroi', 'vtiger_campaign', 1, '71', 'expectedroi', 'Expected ROI', 1, 2, '', 100, 9, 76, 1, 'N~O', 1, NULL, 'BAS', 1, NULL, 0),
(26, 147, 'actualresponsecount', 'vtiger_campaign', 1, '1', 'actualresponsecount', 'Actual Response Count', 1, 2, '', 100, 8, 76, 1, 'I~O', 1, NULL, 'BAS', 1, NULL, 0),
(26, 148, 'actualsalescount', 'vtiger_campaign', 1, '1', 'actualsalescount', 'Actual Sales Count', 1, 2, '', 100, 6, 76, 1, 'I~O', 1, NULL, 'BAS', 1, NULL, 0),
(26, 149, 'actualroi', 'vtiger_campaign', 1, '71', 'actualroi', 'Actual ROI', 1, 2, '', 100, 10, 76, 1, 'N~O', 1, NULL, 'BAS', 1, NULL, 0),
(26, 150, 'description', 'vtiger_crmentity', 1, '19', 'description', 'Description', 1, 2, '', 100, 1, 81, 1, 'V~O', 1, NULL, 'BAS', 1, NULL, 0),
(4, 151, 'campaignrelstatus', 'vtiger_campaignrelstatus', 1, '16', 'campaignrelstatus', 'Campaign Status', 1, 0, '0', 100, 1, NULL, 1, 'V~O', 1, NULL, 'BAS', 0, NULL, 0),
(6, 152, 'campaignrelstatus', 'vtiger_campaignrelstatus', 1, '16', 'campaignrelstatus', 'Campaign Status', 1, 0, '0', 100, 1, NULL, 1, 'V~O', 1, NULL, 'BAS', 0, NULL, 0),
(7, 153, 'campaignrelstatus', 'vtiger_campaignrelstatus', 1, '16', 'campaignrelstatus', 'Campaign Status', 1, 0, '0', 100, 1, NULL, 1, 'V~O', 1, NULL, 'BAS', 0, NULL, 0),
(26, 154, 'campaignrelstatus', 'vtiger_campaignrelstatus', 1, '16', 'campaignrelstatus', 'Campaign Status', 1, 0, '0', 100, 1, NULL, 1, 'V~O', 1, NULL, 'BAS', 0, NULL, 0),
(13, 155, 'ticket_no', 'vtiger_troubletickets', 1, '4', 'ticket_no', 'Ticket No', 1, 0, '', 100, 14, 25, 1, 'V~O', 3, NULL, 'BAS', 0, NULL, 1),
(13, 156, 'smownerid', 'vtiger_crmentity', 1, '53', 'assigned_user_id', 'Assigned To', 1, 0, '', 100, 5, 25, 1, 'V~M', 0, 4, 'BAS', 1, NULL, 1),
(13, 157, 'parent_id', 'vtiger_troubletickets', 1, '10', 'parent_id', 'Related To', 1, 0, '', 100, 2, 25, 1, 'I~O', 1, NULL, 'BAS', 1, NULL, 1),
(13, 158, 'priority', 'vtiger_troubletickets', 1, '15', 'ticketpriorities', 'Priority', 1, 2, '', 100, 7, 25, 1, 'V~O', 2, 3, 'BAS', 1, NULL, 1),
(13, 159, 'product_id', 'vtiger_troubletickets', 1, '59', 'product_id', 'Product Name', 1, 2, '', 100, 6, 25, 1, 'I~O', 1, NULL, 'BAS', 1, NULL, 0),
(13, 160, 'severity', 'vtiger_troubletickets', 1, '15', 'ticketseverities', 'Severity', 1, 2, '', 100, 9, 25, 1, 'V~O', 1, NULL, 'BAS', 1, NULL, 1),
(13, 161, 'status', 'vtiger_troubletickets', 1, '15', 'ticketstatus', 'Status', 1, 2, '', 100, 8, 25, 1, 'V~M', 1, 2, 'BAS', 1, NULL, 1),
(13, 162, 'category', 'vtiger_troubletickets', 1, '15', 'ticketcategories', 'Category', 1, 2, '', 100, 11, 25, 1, 'V~O', 1, NULL, 'BAS', 1, NULL, 0),
(13, 163, 'update_log', 'vtiger_troubletickets', 1, '19', 'update_log', 'Update History', 1, 0, '', 100, 12, 25, 3, 'V~O', 1, NULL, 'BAS', 0, NULL, 0),
(13, 164, 'hours', 'vtiger_troubletickets', 1, '7', 'hours', 'Hours', 1, 2, '', 100, 10, 25, 1, 'N~O', 1, NULL, 'BAS', 1, 'This gives the estimated hours for the Ticket.<br>When the same ticket is added to a Service Contract,based on the Tracking Unit of the Service Contract,Used units is updated whenever a ticket is Closed.', 0),
(13, 165, 'days', 'vtiger_troubletickets', 1, '7', 'days', 'Days', 1, 2, '', 100, 11, 25, 1, 'N~O', 1, NULL, 'BAS', 1, 'This gives the estimated days for the Ticket.<br>When the same ticket is added to a Service Contract,based on the Tracking Unit of the Service Contract,Used units is updated whenever a ticket is Closed.', 0),
(13, 166, 'createdtime', 'vtiger_crmentity', 1, '70', 'createdtime', 'Created Time', 1, 0, '', 100, 10, 25, 2, 'DT~O', 3, NULL, 'BAS', 0, NULL, 0),
(13, 167, 'modifiedtime', 'vtiger_crmentity', 1, '70', 'modifiedtime', 'Modified Time', 1, 0, '', 100, 13, 25, 2, 'DT~O', 3, NULL, 'BAS', 0, NULL, 0),
(13, 168, 'modifiedby', 'vtiger_crmentity', 1, '52', 'modifiedby', 'Last Modified By', 1, 0, '', 100, 17, 25, 3, 'V~O', 3, NULL, 'BAS', 0, NULL, 0),
(13, 169, 'title', 'vtiger_troubletickets', 1, '22', 'ticket_title', 'Title', 1, 0, '', 100, 1, 25, 1, 'V~M', 0, 1, 'BAS', 1, NULL, 1),
(13, 170, 'description', 'vtiger_crmentity', 1, '19', 'description', 'Description', 1, 2, '', 100, 1, 28, 1, 'V~O', 2, 4, 'BAS', 1, NULL, 1),
(13, 171, 'solution', 'vtiger_troubletickets', 1, '19', 'solution', 'Solution', 1, 0, '', 100, 1, 29, 1, 'V~O', 3, NULL, 'BAS', 0, NULL, 0),
(13, 172, 'comments', 'vtiger_ticketcomments', 1, '19', 'comments', 'Add Comment', 1, 1, '', 100, 1, 30, 1, 'V~O', 3, NULL, 'BAS', 0, NULL, 0),
(14, 173, 'productname', 'vtiger_products', 1, '2', 'productname', 'Product Name', 1, 0, '', 100, 1, 31, 1, 'V~M', 0, 1, 'BAS', 1, NULL, 1),
(14, 174, 'product_no', 'vtiger_products', 1, '4', 'product_no', 'Product No', 1, 0, '', 100, 2, 31, 1, 'V~O', 3, NULL, 'BAS', 0, NULL, 0),
(14, 175, 'productcode', 'vtiger_products', 1, '1', 'productcode', 'Part Number', 1, 2, '', 100, 4, 31, 1, 'V~O', 1, NULL, 'BAS', 1, NULL, 1),
(14, 176, 'discontinued', 'vtiger_products', 1, '56', 'discontinued', 'Product Active', 1, 2, '1', 100, 3, 31, 1, 'V~O', 2, 2, 'BAS', 1, NULL, 0),
(14, 177, 'manufacturer', 'vtiger_products', 1, '15', 'manufacturer', 'Manufacturer', 1, 2, '', 100, 6, 31, 1, 'V~O', 1, NULL, 'BAS', 1, NULL, 0),
(14, 178, 'productcategory', 'vtiger_products', 1, '15', 'productcategory', 'Product Category', 1, 2, '', 100, 6, 31, 1, 'V~O', 1, NULL, 'BAS', 1, NULL, 0),
(14, 179, 'sales_start_date', 'vtiger_products', 1, '5', 'sales_start_date', 'Sales Start Date', 1, 2, '', 100, 5, 31, 1, 'D~O', 1, NULL, 'BAS', 1, NULL, 0),
(14, 180, 'sales_end_date', 'vtiger_products', 1, '5', 'sales_end_date', 'Sales End Date', 1, 2, '', 100, 8, 31, 1, 'D~O~OTH~GE~sales_start_date~Sales Start Date', 1, NULL, 'BAS', 1, NULL, 0),
(14, 181, 'start_date', 'vtiger_products', 1, '5', 'start_date', 'Support Start Date', 1, 2, '', 100, 7, 31, 1, 'D~O', 1, NULL, 'BAS', 1, NULL, 0),
(14, 182, 'expiry_date', 'vtiger_products', 1, '5', 'expiry_date', 'Support Expiry Date', 1, 2, '', 100, 10, 31, 1, 'D~O~OTH~GE~start_date~Start Date', 1, NULL, 'BAS', 1, NULL, 0),
(14, 183, 'website', 'vtiger_products', 1, '17', 'website', 'Website', 1, 2, '', 100, 14, 31, 1, 'V~O', 1, NULL, 'BAS', 1, NULL, 0),
(14, 184, 'vendor_id', 'vtiger_products', 1, '75', 'vendor_id', 'Vendor Name', 1, 2, '', 100, 13, 31, 1, 'I~O', 1, NULL, 'BAS', 1, NULL, 0),
(14, 185, 'mfr_part_no', 'vtiger_products', 1, '1', 'mfr_part_no', 'Mfr PartNo', 1, 2, '', 100, 16, 31, 1, 'V~O', 1, NULL, 'BAS', 1, NULL, 0),
(14, 186, 'vendor_part_no', 'vtiger_products', 1, '1', 'vendor_part_no', 'Vendor PartNo', 1, 2, '', 100, 15, 31, 1, 'V~O', 1, NULL, 'BAS', 1, NULL, 0),
(14, 187, 'serialno', 'vtiger_products', 1, '1', 'serial_no', 'Serial No', 1, 2, '', 100, 18, 31, 1, 'V~O', 1, NULL, 'BAS', 1, NULL, 0),
(14, 188, 'productsheet', 'vtiger_products', 1, '1', 'productsheet', 'Product Sheet', 1, 2, '', 100, 17, 31, 1, 'V~O', 1, NULL, 'BAS', 1, NULL, 0),
(14, 189, 'glacct', 'vtiger_products', 1, '15', 'glacct', 'GL Account', 1, 2, '', 100, 20, 31, 1, 'V~O', 1, NULL, 'BAS', 1, NULL, 0),
(14, 190, 'createdtime', 'vtiger_crmentity', 1, '70', 'createdtime', 'Created Time', 1, 0, '', 100, 19, 31, 2, 'DT~O', 3, NULL, 'BAS', 0, NULL, 0),
(14, 191, 'modifiedtime', 'vtiger_crmentity', 1, '70', 'modifiedtime', 'Modified Time', 1, 0, '', 100, 21, 31, 2, 'DT~O', 3, NULL, 'BAS', 0, NULL, 0),
(14, 192, 'modifiedby', 'vtiger_crmentity', 1, '52', 'modifiedby', 'Last Modified By', 1, 0, '', 100, 22, 31, 3, 'V~O', 3, NULL, 'BAS', 0, NULL, 0),
(14, 193, 'unit_price', 'vtiger_products', 1, '72', 'unit_price', 'Unit Price', 1, 0, '', 100, 1, 32, 1, 'N~O', 2, 3, 'BAS', 0, NULL, 1),
(14, 194, 'commissionrate', 'vtiger_products', 1, '9', 'commissionrate', 'Commission Rate', 1, 2, '', 100, 2, 32, 1, 'N~O', 1, NULL, 'BAS', 1, NULL, 1),
(14, 195, 'taxclass', 'vtiger_products', 1, '83', 'taxclass', 'Tax Class', 1, 2, '', 100, 4, 32, 1, 'V~O', 3, NULL, 'BAS', 1, NULL, 0),
(14, 196, 'usageunit', 'vtiger_products', 1, '15', 'usageunit', 'Usage Unit', 1, 2, '', 100, 1, 33, 1, 'V~O', 1, NULL, 'ADV', 1, NULL, 0),
(14, 197, 'qty_per_unit', 'vtiger_products', 1, '7', 'qty_per_unit', 'Qty/Unit', 1, 2, '', 100, 2, 33, 1, 'N~O', 1, NULL, 'ADV', 1, NULL, 1),
(14, 198, 'qtyinstock', 'vtiger_products', 1, '7', 'qtyinstock', 'Qty In Stock', 1, 2, '', 100, 3, 33, 1, 'NN~O', 0, 4, 'ADV', 1, NULL, 0),
(14, 199, 'reorderlevel', 'vtiger_products', 1, '1', 'reorderlevel', 'Reorder Level', 1, 2, '', 100, 4, 33, 1, 'I~O', 1, NULL, 'ADV', 1, NULL, 0),
(14, 200, 'smownerid', 'vtiger_crmentity', 1, '53', 'assigned_user_id', 'Handler', 1, 0, '', 100, 5, 33, 1, 'V~M', 0, 5, 'BAS', 1, NULL, 0),
(14, 201, 'qtyindemand', 'vtiger_products', 1, '1', 'qtyindemand', 'Qty In Demand', 1, 2, '', 100, 6, 33, 1, 'I~O', 1, NULL, 'ADV', 1, NULL, 0),
(14, 202, 'imagename', 'vtiger_products', 1, '69', 'imagename', 'Product Image', 1, 2, '', 100, 1, 35, 1, 'V~O', 3, NULL, 'ADV', 0, NULL, 0),
(14, 203, 'description', 'vtiger_crmentity', 1, '19', 'description', 'Description', 1, 2, '', 100, 1, 36, 1, 'V~O', 1, NULL, 'BAS', 1, NULL, 0),
(8, 204, 'title', 'vtiger_notes', 1, '2', 'notes_title', 'Title', 1, 0, '', 100, 1, 17, 1, 'V~M', 0, 1, 'BAS', 1, NULL, 1),
(8, 205, 'createdtime', 'vtiger_crmentity', 1, '70', 'createdtime', 'Created Time', 1, 0, '', 100, 5, 17, 2, 'DT~O', 3, NULL, 'BAS', 0, NULL, 0),
(8, 206, 'modifiedtime', 'vtiger_crmentity', 1, '70', 'modifiedtime', 'Modified Time', 1, 0, '', 100, 6, 17, 2, 'DT~O', 3, NULL, 'BAS', 0, NULL, 1),
(8, 207, 'filename', 'vtiger_notes', 1, '28', 'filename', 'File Name', 1, 2, '', 100, 3, 18, 1, 'V~O', 0, NULL, 'BAS', 0, NULL, 1),
(8, 208, 'smownerid', 'vtiger_crmentity', 1, '53', 'assigned_user_id', 'Assigned To', 1, 0, '', 100, 4, 17, 1, 'V~M', 0, 3, 'BAS', 1, NULL, 1),
(8, 209, 'notecontent', 'vtiger_notes', 1, '19', 'notecontent', 'Note', 1, 2, '', 100, 1, 84, 1, 'V~O', 1, NULL, 'BAS', 1, NULL, 0),
(8, 210, 'filetype', 'vtiger_notes', 1, '1', 'filetype', 'File Type', 1, 2, '', 100, 5, 18, 2, 'V~O', 3, NULL, 'BAS', 0, NULL, 0),
(8, 211, 'filesize', 'vtiger_notes', 1, '1', 'filesize', 'File Size', 1, 2, '', 100, 4, 18, 2, 'I~O', 3, NULL, 'BAS', 0, NULL, 0),
(8, 212, 'filelocationtype', 'vtiger_notes', 1, '27', 'filelocationtype', 'Download Type', 1, 0, '', 100, 1, 18, 1, 'V~O', 0, NULL, 'BAS', 0, NULL, 0),
(8, 213, 'fileversion', 'vtiger_notes', 1, '1', 'fileversion', 'Version', 1, 2, '', 100, 6, 18, 1, 'V~O', 1, NULL, 'BAS', 1, NULL, 0),
(8, 214, 'filestatus', 'vtiger_notes', 1, '56', 'filestatus', 'Active', 1, 2, '1', 100, 2, 18, 1, 'V~O', 1, NULL, 'BAS', 1, NULL, 0),
(8, 215, 'filedownloadcount', 'vtiger_notes', 1, '1', 'filedownloadcount', 'Download Count', 1, 2, '', 100, 7, 18, 2, 'I~O', 3, NULL, 'BAS', 0, NULL, 0),
(8, 216, 'folderid', 'vtiger_notes', 1, '26', 'folderid', 'Folder Name', 1, 2, '', 100, 2, 17, 1, 'V~O', 2, 2, 'BAS', 1, NULL, 1),
(8, 217, 'note_no', 'vtiger_notes', 1, '4', 'note_no', 'Document No', 1, 0, '', 100, 3, 17, 1, 'V~O', 3, NULL, 'BAS', 0, NULL, 0),
(8, 218, 'modifiedby', 'vtiger_crmentity', 1, '52', 'modifiedby', 'Last Modified By', 1, 0, '', 100, 12, 17, 3, 'V~O', 3, NULL, 'BAS', 0, NULL, 0),
(10, 219, 'date_start', 'vtiger_activity', 1, '6', 'date_start', 'Date & Time Sent', 1, 0, '', 100, 1, 21, 1, 'DT~M~time_start~Time Start', 1, NULL, 'BAS', 1, NULL, 0),
(10, 220, 'semodule', 'vtiger_activity', 1, '2', 'parent_type', 'Sales Entity Module', 1, 0, '', 100, 2, 21, 3, '', 1, NULL, 'BAS', 1, NULL, 0),
(10, 221, 'activitytype', 'vtiger_activity', 1, '2', 'activitytype', 'Activity Type', 1, 0, '', 100, 3, 21, 3, 'V~O', 1, NULL, 'BAS', 1, NULL, 0),
(10, 222, 'smownerid', 'vtiger_crmentity', 1, '53', 'assigned_user_id', 'Assigned To', 1, 0, '', 100, 5, 21, 1, 'V~M', 1, NULL, 'BAS', 1, NULL, 0),
(10, 223, 'subject', 'vtiger_activity', 1, '2', 'subject', 'Subject', 1, 0, '', 100, 1, 23, 1, 'V~M', 1, NULL, 'BAS', 1, NULL, 0),
(10, 224, 'name', 'vtiger_attachments', 1, '61', 'filename', 'Attachment', 1, 0, '', 100, 2, 23, 1, 'V~O', 1, NULL, 'BAS', 1, NULL, 0),
(10, 225, 'description', 'vtiger_crmentity', 1, '19', 'description', 'Description', 1, 0, '', 100, 1, 24, 1, 'V~O', 1, NULL, 'BAS', 1, NULL, 0),
(10, 226, 'time_start', 'vtiger_activity', 1, '2', 'time_start', 'Time Start', 1, 0, '', 100, 9, 23, 1, 'T~O', 1, NULL, 'BAS', 1, NULL, 0),
(10, 227, 'createdtime', 'vtiger_crmentity', 1, '70', 'createdtime', 'Created Time', 1, 0, '', 100, 10, 22, 1, 'DT~O', 3, NULL, 'BAS', 0, NULL, 0),
(10, 228, 'modifiedtime', 'vtiger_crmentity', 1, '70', 'modifiedtime', 'Modified Time', 1, 0, '', 100, 11, 21, 2, 'DT~O', 3, NULL, 'BAS', 0, NULL, 0),
(10, 229, 'access_count', 'vtiger_email_track', 1, '25', 'access_count', 'Access Count', 1, 0, '0', 100, 6, 21, 3, 'V~O', 1, NULL, 'BAS', 0, NULL, 0),
(10, 230, 'modifiedby', 'vtiger_crmentity', 1, '52', 'modifiedby', 'Last Modified By', 1, 0, '', 100, 12, 21, 3, 'V~O', 3, NULL, 'BAS', 0, NULL, 0),
(9, 231, 'subject', 'vtiger_activity', 1, '2', 'subject', 'Subject', 1, 0, '', 100, 1, 19, 1, 'V~M', 0, 1, 'BAS', 1, NULL, 1),
(9, 232, 'smownerid', 'vtiger_crmentity', 1, '53', 'assigned_user_id', 'Assigned To', 1, 0, '', 100, 2, 19, 1, 'V~M', 0, 4, 'BAS', 1, NULL, 1),
(9, 233, 'date_start', 'vtiger_activity', 1, '6', 'date_start', 'Start Date & Time', 1, 0, '', 100, 3, 19, 1, 'DT~M~time_start', 0, 2, 'BAS', 1, NULL, 1),
(9, 234, 'time_start', 'vtiger_activity', 1, '2', 'time_start', 'Time Start', 1, 0, '', 100, 4, 19, 3, 'T~O', 1, NULL, 'BAS', 1, NULL, 1),
(9, 235, 'time_end', 'vtiger_activity', 1, '2', 'time_end', 'End Time', 1, 0, '', 100, 4, 19, 3, 'T~O', 1, NULL, 'BAS', 1, NULL, 1),
(9, 236, 'due_date', 'vtiger_activity', 1, '23', 'due_date', 'Due Date', 1, 0, '', 100, 5, 19, 1, 'D~M~OTH~GE~date_start~Start Date & Time', 1, NULL, 'BAS', 1, NULL, 1),
(9, 237, 'crmid', 'vtiger_seactivityrel', 1, '66', 'parent_id', 'Related To', 1, 0, '', 100, 7, 19, 1, 'I~O', 1, NULL, 'BAS', 1, NULL, 1),
(9, 238, 'contactid', 'vtiger_cntactivityrel', 1, '57', 'contact_id', 'Contact Name', 1, 0, '', 100, 8, 19, 1, 'I~O', 1, NULL, 'BAS', 1, NULL, 0),
(9, 239, 'status', 'vtiger_activity', 1, '15', 'taskstatus', 'Status', 1, 0, '', 100, 8, 19, 1, 'V~M', 0, 3, 'BAS', 1, NULL, 0),
(9, 240, 'eventstatus', 'vtiger_activity', 1, '15', 'eventstatus', 'Status', 1, 0, '', 100, 9, 19, 3, 'V~O', 1, NULL, 'BAS', 1, NULL, 0),
(9, 241, 'priority', 'vtiger_activity', 1, '15', 'taskpriority', 'Priority', 1, 0, '', 100, 10, 19, 1, 'V~O', 1, NULL, 'BAS', 1, NULL, 0),
(9, 242, 'sendnotification', 'vtiger_activity', 1, '56', 'sendnotification', 'Send Notification', 1, 0, '', 100, 11, 19, 1, 'C~O', 1, NULL, 'BAS', 1, NULL, 0),
(9, 243, 'createdtime', 'vtiger_crmentity', 1, '70', 'createdtime', 'Created Time', 1, 0, '', 100, 14, 19, 2, 'DT~O', 3, NULL, 'BAS', 0, NULL, 0),
(9, 244, 'modifiedtime', 'vtiger_crmentity', 1, '70', 'modifiedtime', 'Modified Time', 1, 0, '', 100, 15, 19, 2, 'DT~O', 3, NULL, 'BAS', 0, NULL, 0),
(9, 245, 'activitytype', 'vtiger_activity', 1, '15', 'activitytype', 'Activity Type', 1, 0, '', 100, 16, 19, 3, 'V~O', 1, NULL, 'BAS', 1, NULL, 1),
(9, 246, 'visibility', 'vtiger_activity', 1, '16', 'visibility', 'Visibility', 1, 0, '', 100, 17, 19, 3, 'V~O', 1, NULL, 'BAS', 1, NULL, 0),
(9, 247, 'description', 'vtiger_crmentity', 1, '19', 'description', 'Description', 1, 0, '', 100, 1, 20, 1, 'V~O', 1, NULL, 'BAS', 1, NULL, 0),
(9, 248, 'duration_hours', 'vtiger_activity', 1, '63', 'duration_hours', 'Duration', 1, 0, '', 100, 17, 19, 3, 'T~O', 1, NULL, 'BAS', 1, NULL, 0),
(9, 249, 'duration_minutes', 'vtiger_activity', 1, '16', 'duration_minutes', 'Duration Minutes', 1, 0, '', 100, 18, 19, 3, 'T~O', 1, NULL, 'BAS', 1, NULL, 0),
(9, 250, 'location', 'vtiger_activity', 1, '1', 'location', 'Location', 1, 0, '', 100, 19, 19, 1, 'V~O', 1, NULL, 'BAS', 1, NULL, 0),
(9, 251, 'reminder_time', 'vtiger_activity_reminder', 1, '30', 'reminder_time', 'Send Reminder', 1, 0, '', 100, 1, 19, 3, 'I~O', 1, NULL, 'BAS', 1, NULL, 0),
(9, 252, 'recurringtype', 'vtiger_activity', 1, '16', 'recurringtype', 'Recurrence', 1, 0, '', 100, 6, 19, 3, 'O~O', 1, NULL, 'BAS', 1, NULL, 1),
(9, 253, 'notime', 'vtiger_activity', 1, '56', 'notime', 'No Time', 1, 0, '', 100, 20, 19, 3, 'C~O', 1, NULL, 'BAS', 1, NULL, 0),
(9, 254, 'modifiedby', 'vtiger_crmentity', 1, '52', 'modifiedby', 'Last Modified By', 1, 0, '', 100, 22, 19, 3, 'V~O', 3, NULL, 'BAS', 0, NULL, 0),
(16, 255, 'subject', 'vtiger_activity', 1, '2', 'subject', 'Subject', 1, 0, '', 100, 1, 39, 1, 'V~M', 0, 1, 'BAS', 1, NULL, 1),
(16, 256, 'smownerid', 'vtiger_crmentity', 1, '53', 'assigned_user_id', 'Assigned To', 1, 0, '', 100, 2, 39, 1, 'V~M', 0, 6, 'BAS', 1, NULL, 1),
(16, 257, 'date_start', 'vtiger_activity', 1, '6', 'date_start', 'Start Date & Time', 1, 0, '', 100, 3, 39, 1, 'DT~M~time_start', 0, 2, 'BAS', 1, NULL, 1),
(16, 258, 'time_start', 'vtiger_activity', 1, '2', 'time_start', 'Time Start', 1, 0, '', 100, 4, 39, 3, 'T~M', 1, NULL, 'BAS', 1, NULL, 1),
(16, 259, 'due_date', 'vtiger_activity', 1, '23', 'due_date', 'End Date', 1, 0, '', 100, 5, 39, 1, 'D~M~OTH~GE~date_start~Start Date & Time', 0, 5, 'BAS', 1, NULL, 1),
(16, 260, 'time_end', 'vtiger_activity', 1, '2', 'time_end', 'End Time', 1, 0, '', 100, 5, 39, 3, 'T~M', 1, NULL, 'BAS', 1, NULL, 1),
(16, 261, 'recurringtype', 'vtiger_activity', 1, '16', 'recurringtype', 'Recurrence', 1, 0, '', 100, 6, 92, 1, 'O~O', 1, NULL, 'BAS', 1, NULL, 1),
(16, 262, 'duration_hours', 'vtiger_activity', 1, '63', 'duration_hours', 'Duration', 1, 0, '', 100, 7, 39, 3, 'I~M', 1, NULL, 'BAS', 1, NULL, 0),
(16, 263, 'duration_minutes', 'vtiger_activity', 1, '16', 'duration_minutes', 'Duration Minutes', 1, 0, '', 100, 8, 39, 3, 'O~O', 1, NULL, 'BAS', 1, NULL, 0),
(16, 264, 'crmid', 'vtiger_seactivityrel', 1, '66', 'parent_id', 'Related To', 1, 0, '', 100, 9, 94, 1, 'I~O', 1, NULL, 'BAS', 1, NULL, 1),
(16, 265, 'eventstatus', 'vtiger_activity', 1, '15', 'eventstatus', 'Status', 1, 0, '', 100, 10, 39, 1, 'V~M', 0, 3, 'BAS', 1, NULL, 0),
(16, 266, 'sendnotification', 'vtiger_activity', 1, '56', 'sendnotification', 'Send Notification', 1, 0, '', 100, 11, 39, 1, 'C~O', 1, NULL, 'BAS', 1, NULL, 0),
(16, 267, 'activitytype', 'vtiger_activity', 1, '15', 'activitytype', 'Activity Type', 1, 0, '', 100, 12, 39, 1, 'V~M', 0, 4, 'BAS', 1, NULL, 1),
(16, 268, 'location', 'vtiger_activity', 1, '1', 'location', 'Location', 1, 0, '', 100, 13, 39, 1, 'V~O', 1, NULL, 'BAS', 1, NULL, 0),
(16, 269, 'createdtime', 'vtiger_crmentity', 1, '70', 'createdtime', 'Created Time', 1, 0, '', 100, 14, 39, 2, 'DT~O', 3, NULL, 'BAS', 0, NULL, 0),
(16, 270, 'modifiedtime', 'vtiger_crmentity', 1, '70', 'modifiedtime', 'Modified Time', 1, 0, '', 100, 15, 39, 2, 'DT~O', 3, NULL, 'BAS', 0, NULL, 0),
(16, 271, 'priority', 'vtiger_activity', 1, '15', 'taskpriority', 'Priority', 1, 0, '', 100, 16, 39, 1, 'V~O', 1, NULL, 'BAS', 1, NULL, 0),
(16, 272, 'notime', 'vtiger_activity', 1, '56', 'notime', 'No Time', 1, 0, '', 100, 17, 39, 3, 'C~O', 1, NULL, 'BAS', 1, NULL, 0),
(16, 273, 'visibility', 'vtiger_activity', 1, '16', 'visibility', 'Visibility', 1, 0, '', 100, 18, 39, 1, 'V~O', 1, NULL, 'BAS', 1, NULL, 0),
(16, 274, 'modifiedby', 'vtiger_crmentity', 1, '52', 'modifiedby', 'Last Modified By', 1, 0, '', 100, 22, 39, 3, 'V~O', 3, NULL, 'BAS', 0, NULL, 0),
(16, 275, 'description', 'vtiger_crmentity', 1, '19', 'description', 'Description', 1, 0, '', 100, 1, 41, 1, 'V~O', 1, NULL, 'BAS', 1, NULL, 0),
(16, 276, 'reminder_time', 'vtiger_activity_reminder', 1, '30', 'reminder_time', 'Send Reminder', 1, 0, '', 100, 1, 40, 1, 'I~O', 1, NULL, 'BAS', 1, NULL, 0),
(16, 277, 'contactid', 'vtiger_cntactivityrel', 1, '57', 'contact_id', 'Contact Name', 1, 0, '', 100, 1, 94, 1, 'I~O', 1, NULL, 'BAS', 1, NULL, 0),
(15, 278, 'product_id', 'vtiger_faq', 1, '59', 'product_id', 'Product Name', 1, 2, '', 100, 1, 37, 1, 'I~O', 3, NULL, 'BAS', 1, NULL, 1),
(15, 279, 'faq_no', 'vtiger_faq', 1, '4', 'faq_no', 'Faq No', 1, 0, '', 100, 2, 37, 1, 'V~O', 3, NULL, 'BAS', 0, NULL, 0),
(15, 280, 'category', 'vtiger_faq', 1, '15', 'faqcategories', 'Category', 1, 2, '', 100, 4, 37, 1, 'V~O', 3, NULL, 'BAS', 1, NULL, 1),
(15, 281, 'status', 'vtiger_faq', 1, '15', 'faqstatus', 'Status', 1, 2, '', 100, 3, 37, 1, 'V~M', 3, NULL, 'BAS', 1, NULL, 0),
(15, 282, 'question', 'vtiger_faq', 1, '20', 'question', 'Question', 1, 2, '', 100, 7, 37, 1, 'V~M', 3, NULL, 'BAS', 1, NULL, 1),
(15, 283, 'answer', 'vtiger_faq', 1, '20', 'faq_answer', 'Answer', 1, 2, '', 100, 8, 37, 1, 'V~M', 3, NULL, 'BAS', 1, NULL, 0),
(15, 284, 'comments', 'vtiger_faqcomments', 1, '19', 'comments', 'Add Comment', 1, 1, '', 100, 1, 38, 1, 'V~O', 3, NULL, 'BAS', 0, NULL, 0),
(15, 285, 'createdtime', 'vtiger_crmentity', 1, '70', 'createdtime', 'Created Time', 1, 0, '', 100, 5, 37, 2, 'DT~O', 3, NULL, 'BAS', 0, NULL, 1),
(15, 286, 'modifiedtime', 'vtiger_crmentity', 1, '70', 'modifiedtime', 'Modified Time', 1, 0, '', 100, 6, 37, 2, 'DT~O', 3, NULL, 'BAS', 0, NULL, 1),
(15, 287, 'modifiedby', 'vtiger_crmentity', 1, '52', 'modifiedby', 'Last Modified By', 1, 0, '', 100, 7, 37, 3, 'V~O', 3, NULL, 'BAS', 0, NULL, 0),
(18, 288, 'vendorname', 'vtiger_vendor', 1, '2', 'vendorname', 'Vendor Name', 1, 0, '', 100, 1, 42, 1, 'V~M', 0, 1, 'BAS', 1, NULL, 1),
(18, 289, 'vendor_no', 'vtiger_vendor', 1, '4', 'vendor_no', 'Vendor No', 1, 0, '', 100, 2, 42, 1, 'V~O', 3, NULL, 'BAS', 0, NULL, 0),
(18, 290, 'phone', 'vtiger_vendor', 1, '1', 'phone', 'Phone', 1, 2, '', 100, 4, 42, 1, 'V~O', 2, 2, 'BAS', 1, NULL, 1),
(18, 291, 'email', 'vtiger_vendor', 1, '13', 'email', 'Email', 1, 2, '', 100, 3, 42, 1, 'E~O', 2, 3, 'BAS', 1, NULL, 1),
(18, 292, 'website', 'vtiger_vendor', 1, '17', 'website', 'Website', 1, 2, '', 100, 6, 42, 1, 'V~O', 1, NULL, 'BAS', 1, NULL, 0),
(18, 293, 'glacct', 'vtiger_vendor', 1, '15', 'glacct', 'GL Account', 1, 2, '', 100, 5, 42, 1, 'V~O', 1, NULL, 'BAS', 1, NULL, 0),
(18, 294, 'category', 'vtiger_vendor', 1, '1', 'category', 'Category', 1, 2, '', 100, 8, 42, 1, 'V~O', 1, NULL, 'BAS', 1, NULL, 1),
(18, 295, 'createdtime', 'vtiger_crmentity', 1, '70', 'createdtime', 'Created Time', 1, 0, '', 100, 7, 42, 2, 'DT~O', 3, NULL, 'BAS', 0, NULL, 0),
(18, 296, 'modifiedtime', 'vtiger_crmentity', 1, '70', 'modifiedtime', 'Modified Time', 1, 0, '', 100, 9, 42, 2, 'DT~O', 3, NULL, 'BAS', 0, NULL, 0),
(18, 297, 'modifiedby', 'vtiger_crmentity', 1, '52', 'modifiedby', 'Last Modified By', 1, 0, '', 100, 12, 42, 3, 'V~O', 3, NULL, 'BAS', 0, NULL, 0),
(18, 298, 'street', 'vtiger_vendor', 1, '21', 'street', 'Street', 1, 2, '', 100, 1, 44, 1, 'V~O', 1, NULL, 'ADV', 1, NULL, 0),
(18, 299, 'pobox', 'vtiger_vendor', 1, '1', 'pobox', 'Po Box', 1, 2, '', 100, 2, 44, 1, 'V~O', 1, NULL, 'ADV', 1, NULL, 0),
(18, 300, 'city', 'vtiger_vendor', 1, '1', 'city', 'City', 1, 2, '', 100, 3, 44, 1, 'V~O', 1, NULL, 'ADV', 1, NULL, 0),
(18, 301, 'state', 'vtiger_vendor', 1, '1', 'state', 'State', 1, 2, '', 100, 4, 44, 1, 'V~O', 1, NULL, 'ADV', 1, NULL, 0),
(18, 302, 'postalcode', 'vtiger_vendor', 1, '1', 'postalcode', 'Postal Code', 1, 2, '', 100, 5, 44, 1, 'V~O', 1, NULL, 'ADV', 1, NULL, 0),
(18, 303, 'country', 'vtiger_vendor', 1, '1', 'country', 'Country', 1, 2, '', 100, 6, 44, 1, 'V~O', 1, NULL, 'ADV', 1, NULL, 0),
(18, 304, 'description', 'vtiger_crmentity', 1, '19', 'description', 'Description', 1, 2, '', 100, 1, 45, 1, 'V~O', 1, NULL, 'ADV', 1, NULL, 0),
(19, 305, 'bookname', 'vtiger_pricebook', 1, '2', 'bookname', 'Price Book Name', 1, 0, '', 100, 1, 46, 1, 'V~M', 0, 1, 'BAS', 1, NULL, 1),
(19, 306, 'pricebook_no', 'vtiger_pricebook', 1, '4', 'pricebook_no', 'PriceBook No', 1, 0, '', 100, 3, 46, 1, 'V~O', 3, NULL, 'BAS', 0, NULL, 0),
(19, 307, 'active', 'vtiger_pricebook', 1, '56', 'active', 'Active', 1, 2, '1', 100, 2, 46, 1, 'C~O', 2, 2, 'BAS', 1, NULL, 1),
(19, 308, 'createdtime', 'vtiger_crmentity', 1, '70', 'createdtime', 'Created Time', 1, 0, '', 100, 4, 46, 2, 'DT~O', 3, NULL, 'BAS', 0, NULL, 0),
(19, 309, 'modifiedtime', 'vtiger_crmentity', 1, '70', 'modifiedtime', 'Modified Time', 1, 0, '', 100, 5, 46, 2, 'DT~O', 3, NULL, 'BAS', 0, NULL, 0),
(19, 310, 'currency_id', 'vtiger_pricebook', 1, '117', 'currency_id', 'Currency', 1, 0, '', 100, 5, 46, 1, 'I~M', 0, 3, 'BAS', 0, NULL, 0),
(19, 311, 'modifiedby', 'vtiger_crmentity', 1, '52', 'modifiedby', 'Last Modified By', 1, 0, '', 100, 7, 46, 3, 'V~O', 3, NULL, 'BAS', 0, NULL, 0),
(19, 312, 'description', 'vtiger_crmentity', 1, '19', 'description', 'Description', 1, 2, '', 100, 1, 48, 1, 'V~O', 1, NULL, 'BAS', 1, NULL, 0),
(20, 313, 'quote_no', 'vtiger_quotes', 1, '4', 'quote_no', 'Quote No', 1, 0, '', 100, 3, 49, 1, 'V~O', 3, NULL, 'BAS', 0, NULL, 1),
(20, 314, 'subject', 'vtiger_quotes', 1, '2', 'subject', 'Subject', 1, 0, '', 100, 1, 49, 1, 'V~M', 1, NULL, 'BAS', 1, NULL, 1),
(20, 315, 'potentialid', 'vtiger_quotes', 1, '76', 'potential_id', 'Potential Name', 1, 2, '', 100, 2, 49, 1, 'I~O', 3, NULL, 'BAS', 1, NULL, 1),
(20, 316, 'quotestage', 'vtiger_quotes', 1, '15', 'quotestage', 'Quote Stage', 1, 2, '', 100, 4, 49, 1, 'V~M', 3, NULL, 'BAS', 1, NULL, 1),
(20, 317, 'validtill', 'vtiger_quotes', 1, '5', 'validtill', 'Valid Till', 1, 2, '', 100, 5, 49, 1, 'D~O', 3, NULL, 'BAS', 1, NULL, 0),
(20, 318, 'contactid', 'vtiger_quotes', 1, '57', 'contact_id', 'Contact Name', 1, 2, '', 100, 6, 49, 1, 'V~O', 3, NULL, 'BAS', 1, NULL, 0),
(20, 319, 'carrier', 'vtiger_quotes', 1, '15', 'carrier', 'Carrier', 1, 2, '', 100, 8, 49, 1, 'V~O', 3, NULL, 'BAS', 1, NULL, 0),
(20, 320, 'subtotal', 'vtiger_quotes', 1, '72', 'hdnSubTotal', 'Sub Total', 1, 2, '', 100, 9, 49, 3, 'N~O', 3, NULL, 'BAS', 1, NULL, 0),
(20, 321, 'shipping', 'vtiger_quotes', 1, '1', 'shipping', 'Shipping', 1, 2, '', 100, 10, 49, 1, 'V~O', 3, NULL, 'BAS', 1, NULL, 0),
(20, 322, 'inventorymanager', 'vtiger_quotes', 1, '77', 'assigned_user_id1', 'Inventory Manager', 1, 2, '', 100, 11, 49, 1, 'I~O', 3, NULL, 'BAS', 1, NULL, 0),
(20, 323, 'adjustment', 'vtiger_quotes', 1, '72', 'txtAdjustment', 'Adjustment', 1, 2, '', 100, 20, 49, 3, 'NN~O', 3, NULL, 'BAS', 1, NULL, 0),
(20, 324, 'total', 'vtiger_quotes', 1, '72', 'hdnGrandTotal', 'Total', 1, 2, '', 100, 14, 49, 3, 'N~O', 3, NULL, 'BAS', 1, NULL, 1),
(20, 325, 'taxtype', 'vtiger_quotes', 1, '16', 'hdnTaxType', 'Tax Type', 1, 2, '', 100, 14, 49, 3, 'V~O', 3, NULL, 'BAS', 1, NULL, 0),
(20, 326, 'discount_percent', 'vtiger_quotes', 1, '7', 'hdnDiscountPercent', 'Discount Percent', 1, 2, '', 100, 14, 49, 3, 'N~O', 3, NULL, 'BAS', 1, NULL, 0),
(20, 327, 'discount_amount', 'vtiger_quotes', 1, '72', 'hdnDiscountAmount', 'Discount Amount', 1, 2, '', 100, 14, 49, 3, 'N~O', 3, NULL, 'BAS', 1, NULL, 0),
(20, 328, 's_h_amount', 'vtiger_quotes', 1, '72', 'hdnS_H_Amount', 'S&H Amount', 1, 2, '', 100, 14, 49, 3, 'N~O', 3, NULL, 'BAS', 1, NULL, 0),
(20, 329, 'accountid', 'vtiger_quotes', 1, '73', 'account_id', 'Account Name', 1, 2, '', 100, 16, 49, 1, 'I~M', 3, NULL, 'BAS', 1, NULL, 1),
(20, 330, 'smownerid', 'vtiger_crmentity', 1, '53', 'assigned_user_id', 'Assigned To', 1, 0, '', 100, 17, 49, 1, 'V~M', 3, NULL, 'BAS', 1, NULL, 1),
(20, 331, 'createdtime', 'vtiger_crmentity', 1, '70', 'createdtime', 'Created Time', 1, 0, '', 100, 18, 49, 2, 'DT~O', 3, NULL, 'BAS', 0, NULL, 0),
(20, 332, 'modifiedtime', 'vtiger_crmentity', 1, '70', 'modifiedtime', 'Modified Time', 1, 0, '', 100, 19, 49, 2, 'DT~O', 3, NULL, 'BAS', 0, NULL, 0),
(20, 333, 'modifiedby', 'vtiger_crmentity', 1, '52', 'modifiedby', 'Last Modified By', 1, 0, '', 100, 22, 49, 3, 'V~O', 3, NULL, 'BAS', 0, NULL, 0),
(20, 334, 'currency_id', 'vtiger_quotes', 1, '117', 'currency_id', 'Currency', 1, 2, '1', 100, 20, 49, 3, 'I~O', 3, NULL, 'BAS', 1, NULL, 0),
(20, 335, 'conversion_rate', 'vtiger_quotes', 1, '7', 'conversion_rate', 'Conversion Rate', 1, 2, '1', 100, 21, 49, 3, 'N~O', 3, NULL, 'BAS', 1, NULL, 0),
(20, 336, 'bill_street', 'vtiger_quotesbillads', 1, '24', 'bill_street', 'Billing Address', 1, 2, '', 100, 1, 51, 1, 'V~M', 3, NULL, 'BAS', 1, NULL, 0),
(20, 337, 'ship_street', 'vtiger_quotesshipads', 1, '24', 'ship_street', 'Shipping Address', 1, 2, '', 100, 2, 51, 1, 'V~M', 3, NULL, 'BAS', 1, NULL, 0),
(20, 338, 'bill_city', 'vtiger_quotesbillads', 1, '1', 'bill_city', 'Billing City', 1, 2, '', 100, 5, 51, 1, 'V~O', 3, NULL, 'BAS', 1, NULL, 0),
(20, 339, 'ship_city', 'vtiger_quotesshipads', 1, '1', 'ship_city', 'Shipping City', 1, 2, '', 100, 6, 51, 1, 'V~O', 3, NULL, 'BAS', 1, NULL, 0),
(20, 340, 'bill_state', 'vtiger_quotesbillads', 1, '1', 'bill_state', 'Billing State', 1, 2, '', 100, 7, 51, 1, 'V~O', 3, NULL, 'BAS', 1, NULL, 0),
(20, 341, 'ship_state', 'vtiger_quotesshipads', 1, '1', 'ship_state', 'Shipping State', 1, 2, '', 100, 8, 51, 1, 'V~O', 3, NULL, 'BAS', 1, NULL, 0),
(20, 342, 'bill_code', 'vtiger_quotesbillads', 1, '1', 'bill_code', 'Billing Code', 1, 2, '', 100, 9, 51, 1, 'V~O', 3, NULL, 'BAS', 1, NULL, 0),
(20, 343, 'ship_code', 'vtiger_quotesshipads', 1, '1', 'ship_code', 'Shipping Code', 1, 2, '', 100, 10, 51, 1, 'V~O', 3, NULL, 'BAS', 1, NULL, 0),
(20, 344, 'bill_country', 'vtiger_quotesbillads', 1, '1', 'bill_country', 'Billing Country', 1, 2, '', 100, 11, 51, 1, 'V~O', 3, NULL, 'BAS', 1, NULL, 0),
(20, 345, 'ship_country', 'vtiger_quotesshipads', 1, '1', 'ship_country', 'Shipping Country', 1, 2, '', 100, 12, 51, 1, 'V~O', 3, NULL, 'BAS', 1, NULL, 0),
(20, 346, 'bill_pobox', 'vtiger_quotesbillads', 1, '1', 'bill_pobox', 'Billing Po Box', 1, 2, '', 100, 3, 51, 1, 'V~O', 3, NULL, 'BAS', 1, NULL, 0),
(20, 347, 'ship_pobox', 'vtiger_quotesshipads', 1, '1', 'ship_pobox', 'Shipping Po Box', 1, 2, '', 100, 4, 51, 1, 'V~O', 3, NULL, 'BAS', 1, NULL, 0),
(20, 348, 'description', 'vtiger_crmentity', 1, '19', 'description', 'Description', 1, 2, '', 100, 1, 54, 1, 'V~O', 3, NULL, 'ADV', 1, NULL, 0);
INSERT INTO `vtiger_field` (`tabid`, `fieldid`, `columnname`, `tablename`, `generatedtype`, `uitype`, `fieldname`, `fieldlabel`, `readonly`, `presence`, `defaultvalue`, `maximumlength`, `sequence`, `block`, `displaytype`, `typeofdata`, `quickcreate`, `quickcreatesequence`, `info_type`, `masseditable`, `helpinfo`, `summaryfield`) VALUES
(20, 349, 'terms_conditions', 'vtiger_quotes', 1, '19', 'terms_conditions', 'Terms & Conditions', 1, 2, '', 100, 1, 53, 1, 'V~O', 3, NULL, 'ADV', 1, NULL, 0),
(21, 350, 'purchaseorder_no', 'vtiger_purchaseorder', 1, '4', 'purchaseorder_no', 'PurchaseOrder No', 1, 0, '', 100, 2, 55, 1, 'V~O', 3, NULL, 'BAS', 0, NULL, 1),
(21, 351, 'subject', 'vtiger_purchaseorder', 1, '2', 'subject', 'Subject', 1, 0, '', 100, 1, 55, 1, 'V~M', 3, NULL, 'BAS', 1, NULL, 1),
(21, 352, 'vendorid', 'vtiger_purchaseorder', 1, '81', 'vendor_id', 'Vendor Name', 1, 0, '', 100, 3, 55, 1, 'I~M', 3, NULL, 'BAS', 1, NULL, 1),
(21, 353, 'requisition_no', 'vtiger_purchaseorder', 1, '1', 'requisition_no', 'Requisition No', 1, 2, '', 100, 4, 55, 1, 'V~O', 3, NULL, 'BAS', 1, NULL, 0),
(21, 354, 'tracking_no', 'vtiger_purchaseorder', 1, '1', 'tracking_no', 'Tracking Number', 1, 2, '', 100, 5, 55, 1, 'V~O', 3, NULL, 'BAS', 1, NULL, 1),
(21, 355, 'contactid', 'vtiger_purchaseorder', 1, '57', 'contact_id', 'Contact Name', 1, 2, '', 100, 6, 55, 1, 'I~O', 3, NULL, 'BAS', 1, NULL, 0),
(21, 356, 'duedate', 'vtiger_purchaseorder', 1, '5', 'duedate', 'Due Date', 1, 2, '', 100, 7, 55, 1, 'D~O', 3, NULL, 'BAS', 1, NULL, 0),
(21, 357, 'carrier', 'vtiger_purchaseorder', 1, '15', 'carrier', 'Carrier', 1, 2, '', 100, 8, 55, 1, 'V~O', 3, NULL, 'BAS', 1, NULL, 0),
(21, 358, 'adjustment', 'vtiger_purchaseorder', 1, '72', 'txtAdjustment', 'Adjustment', 1, 2, '', 100, 10, 55, 3, 'NN~O', 3, NULL, 'BAS', 1, NULL, 0),
(21, 359, 'salescommission', 'vtiger_purchaseorder', 1, '7', 'salescommission', 'Sales Commission', 1, 2, '', 100, 11, 55, 1, 'N~O', 3, NULL, 'BAS', 1, NULL, 0),
(21, 360, 'exciseduty', 'vtiger_purchaseorder', 1, '7', 'exciseduty', 'Excise Duty', 1, 2, '', 100, 12, 55, 1, 'N~O', 3, NULL, 'BAS', 1, NULL, 0),
(21, 361, 'total', 'vtiger_purchaseorder', 1, '72', 'hdnGrandTotal', 'Total', 1, 2, '', 100, 13, 55, 3, 'N~O', 3, NULL, 'BAS', 1, NULL, 1),
(21, 362, 'subtotal', 'vtiger_purchaseorder', 1, '72', 'hdnSubTotal', 'Sub Total', 1, 2, '', 100, 14, 55, 3, 'N~O', 3, NULL, 'BAS', 1, NULL, 0),
(21, 363, 'taxtype', 'vtiger_purchaseorder', 1, '16', 'hdnTaxType', 'Tax Type', 1, 2, '', 100, 14, 55, 3, 'V~O', 3, NULL, 'BAS', 1, NULL, 0),
(21, 364, 'discount_percent', 'vtiger_purchaseorder', 1, '7', 'hdnDiscountPercent', 'Discount Percent', 1, 2, '', 100, 14, 55, 3, 'N~O', 3, NULL, 'BAS', 1, NULL, 0),
(21, 365, 'discount_amount', 'vtiger_purchaseorder', 1, '72', 'hdnDiscountAmount', 'Discount Amount', 1, 0, '', 100, 14, 55, 3, 'N~O', 3, NULL, 'BAS', 1, NULL, 0),
(21, 366, 's_h_amount', 'vtiger_purchaseorder', 1, '72', 'hdnS_H_Amount', 'S&H Amount', 1, 2, '', 100, 14, 55, 3, 'N~O', 3, NULL, 'BAS', 1, NULL, 0),
(21, 367, 'postatus', 'vtiger_purchaseorder', 1, '15', 'postatus', 'Status', 1, 2, '', 100, 15, 55, 1, 'V~M', 3, NULL, 'BAS', 1, NULL, 0),
(21, 368, 'smownerid', 'vtiger_crmentity', 1, '53', 'assigned_user_id', 'Assigned To', 1, 0, '', 100, 16, 55, 1, 'V~M', 3, NULL, 'BAS', 1, NULL, 1),
(21, 369, 'createdtime', 'vtiger_crmentity', 1, '70', 'createdtime', 'Created Time', 1, 0, '', 100, 17, 55, 2, 'DT~O', 3, NULL, 'BAS', 0, NULL, 0),
(21, 370, 'modifiedtime', 'vtiger_crmentity', 1, '70', 'modifiedtime', 'Modified Time', 1, 0, '', 100, 18, 55, 2, 'DT~O', 3, NULL, 'BAS', 0, NULL, 0),
(21, 371, 'modifiedby', 'vtiger_crmentity', 1, '52', 'modifiedby', 'Last Modified By', 1, 0, '', 100, 22, 55, 3, 'V~O', 3, NULL, 'BAS', 0, NULL, 0),
(21, 372, 'currency_id', 'vtiger_purchaseorder', 1, '117', 'currency_id', 'Currency', 1, 2, '1', 100, 19, 55, 3, 'I~O', 3, NULL, 'BAS', 1, NULL, 0),
(21, 373, 'conversion_rate', 'vtiger_purchaseorder', 1, '7', 'conversion_rate', 'Conversion Rate', 1, 2, '1', 100, 20, 55, 3, 'N~O', 3, NULL, 'BAS', 1, NULL, 0),
(21, 374, 'bill_street', 'vtiger_pobillads', 1, '24', 'bill_street', 'Billing Address', 1, 2, '', 100, 1, 57, 1, 'V~M', 3, NULL, 'BAS', 1, NULL, 0),
(21, 375, 'ship_street', 'vtiger_poshipads', 1, '24', 'ship_street', 'Shipping Address', 1, 2, '', 100, 2, 57, 1, 'V~M', 3, NULL, 'BAS', 1, NULL, 0),
(21, 376, 'bill_city', 'vtiger_pobillads', 1, '1', 'bill_city', 'Billing City', 1, 2, '', 100, 5, 57, 1, 'V~O', 3, NULL, 'BAS', 1, NULL, 0),
(21, 377, 'ship_city', 'vtiger_poshipads', 1, '1', 'ship_city', 'Shipping City', 1, 2, '', 100, 6, 57, 1, 'V~O', 3, NULL, 'BAS', 1, NULL, 0),
(21, 378, 'bill_state', 'vtiger_pobillads', 1, '1', 'bill_state', 'Billing State', 1, 2, '', 100, 7, 57, 1, 'V~O', 3, NULL, 'BAS', 1, NULL, 0),
(21, 379, 'ship_state', 'vtiger_poshipads', 1, '1', 'ship_state', 'Shipping State', 1, 2, '', 100, 8, 57, 1, 'V~O', 3, NULL, 'BAS', 1, NULL, 0),
(21, 380, 'bill_code', 'vtiger_pobillads', 1, '1', 'bill_code', 'Billing Code', 1, 2, '', 100, 9, 57, 1, 'V~O', 3, NULL, 'BAS', 1, NULL, 0),
(21, 381, 'ship_code', 'vtiger_poshipads', 1, '1', 'ship_code', 'Shipping Code', 1, 2, '', 100, 10, 57, 1, 'V~O', 3, NULL, 'BAS', 1, NULL, 0),
(21, 382, 'bill_country', 'vtiger_pobillads', 1, '1', 'bill_country', 'Billing Country', 1, 2, '', 100, 11, 57, 1, 'V~O', 3, NULL, 'BAS', 1, NULL, 0),
(21, 383, 'ship_country', 'vtiger_poshipads', 1, '1', 'ship_country', 'Shipping Country', 1, 2, '', 100, 12, 57, 1, 'V~O', 3, NULL, 'BAS', 1, NULL, 0),
(21, 384, 'bill_pobox', 'vtiger_pobillads', 1, '1', 'bill_pobox', 'Billing Po Box', 1, 2, '', 100, 3, 57, 1, 'V~O', 3, NULL, 'BAS', 1, NULL, 0),
(21, 385, 'ship_pobox', 'vtiger_poshipads', 1, '1', 'ship_pobox', 'Shipping Po Box', 1, 2, '', 100, 4, 57, 1, 'V~O', 3, NULL, 'BAS', 1, NULL, 0),
(21, 386, 'description', 'vtiger_crmentity', 1, '19', 'description', 'Description', 1, 2, '', 100, 1, 60, 1, 'V~O', 3, NULL, 'ADV', 1, NULL, 0),
(21, 387, 'terms_conditions', 'vtiger_purchaseorder', 1, '19', 'terms_conditions', 'Terms & Conditions', 1, 2, '', 100, 1, 59, 1, 'V~O', 3, NULL, 'ADV', 1, NULL, 0),
(22, 388, 'salesorder_no', 'vtiger_salesorder', 1, '4', 'salesorder_no', 'SalesOrder No', 1, 0, '', 100, 4, 61, 1, 'V~O', 3, NULL, 'BAS', 0, NULL, 1),
(22, 389, 'subject', 'vtiger_salesorder', 1, '2', 'subject', 'Subject', 1, 0, '', 100, 1, 61, 1, 'V~M', 3, NULL, 'BAS', 1, NULL, 1),
(22, 390, 'potentialid', 'vtiger_salesorder', 1, '76', 'potential_id', 'Potential Name', 1, 2, '', 100, 2, 61, 1, 'I~O', 3, NULL, 'BAS', 1, NULL, 0),
(22, 391, 'customerno', 'vtiger_salesorder', 1, '1', 'customerno', 'Customer No', 1, 2, '', 100, 3, 61, 1, 'V~O', 3, NULL, 'BAS', 1, NULL, 0),
(22, 392, 'quoteid', 'vtiger_salesorder', 1, '78', 'quote_id', 'Quote Name', 1, 2, '', 100, 5, 61, 1, 'I~O', 3, NULL, 'BAS', 0, NULL, 1),
(22, 393, 'purchaseorder', 'vtiger_salesorder', 1, '1', 'vtiger_purchaseorder', 'Purchase Order', 1, 2, '', 100, 5, 61, 1, 'V~O', 3, NULL, 'BAS', 1, NULL, 0),
(22, 394, 'contactid', 'vtiger_salesorder', 1, '57', 'contact_id', 'Contact Name', 1, 2, '', 100, 6, 61, 1, 'I~O', 3, NULL, 'BAS', 1, NULL, 0),
(22, 395, 'duedate', 'vtiger_salesorder', 1, '5', 'duedate', 'Due Date', 1, 2, '', 100, 8, 61, 1, 'D~O', 3, NULL, 'BAS', 1, NULL, 0),
(22, 396, 'carrier', 'vtiger_salesorder', 1, '15', 'carrier', 'Carrier', 1, 2, '', 100, 9, 61, 1, 'V~O', 3, NULL, 'BAS', 1, NULL, 0),
(22, 397, 'pending', 'vtiger_salesorder', 1, '1', 'pending', 'Pending', 1, 2, '', 100, 10, 61, 1, 'V~O', 3, NULL, 'BAS', 1, NULL, 0),
(22, 398, 'sostatus', 'vtiger_salesorder', 1, '15', 'sostatus', 'Status', 1, 2, '', 100, 11, 61, 1, 'V~M', 3, NULL, 'BAS', 1, NULL, 0),
(22, 399, 'adjustment', 'vtiger_salesorder', 1, '72', 'txtAdjustment', 'Adjustment', 1, 2, '', 100, 12, 61, 3, 'NN~O', 3, NULL, 'BAS', 1, NULL, 0),
(22, 400, 'salescommission', 'vtiger_salesorder', 1, '7', 'salescommission', 'Sales Commission', 1, 2, '', 100, 13, 61, 1, 'N~O', 3, NULL, 'BAS', 1, NULL, 0),
(22, 401, 'exciseduty', 'vtiger_salesorder', 1, '7', 'exciseduty', 'Excise Duty', 1, 2, '', 100, 13, 61, 1, 'N~O', 3, NULL, 'BAS', 1, NULL, 0),
(22, 402, 'total', 'vtiger_salesorder', 1, '72', 'hdnGrandTotal', 'Total', 1, 2, '', 100, 14, 61, 3, 'N~O', 3, NULL, 'BAS', 1, NULL, 1),
(22, 403, 'subtotal', 'vtiger_salesorder', 1, '72', 'hdnSubTotal', 'Sub Total', 1, 2, '', 100, 15, 61, 3, 'N~O', 3, NULL, 'BAS', 1, NULL, 0),
(22, 404, 'taxtype', 'vtiger_salesorder', 1, '16', 'hdnTaxType', 'Tax Type', 1, 2, '', 100, 15, 61, 3, 'V~O', 3, NULL, 'BAS', 1, NULL, 0),
(22, 405, 'discount_percent', 'vtiger_salesorder', 1, '7', 'hdnDiscountPercent', 'Discount Percent', 1, 2, '', 100, 15, 61, 3, 'N~O', 3, NULL, 'BAS', 1, NULL, 0),
(22, 406, 'discount_amount', 'vtiger_salesorder', 1, '72', 'hdnDiscountAmount', 'Discount Amount', 1, 0, '', 100, 15, 61, 3, 'N~O', 3, NULL, 'BAS', 1, NULL, 0),
(22, 407, 's_h_amount', 'vtiger_salesorder', 1, '72', 'hdnS_H_Amount', 'S&H Amount', 1, 2, '', 100, 15, 61, 3, 'N~O', 3, NULL, 'BAS', 1, NULL, 0),
(22, 408, 'accountid', 'vtiger_salesorder', 1, '73', 'account_id', 'Account Name', 1, 2, '', 100, 16, 61, 1, 'I~M', 3, NULL, 'BAS', 1, NULL, 1),
(22, 409, 'smownerid', 'vtiger_crmentity', 1, '53', 'assigned_user_id', 'Assigned To', 1, 0, '', 100, 17, 61, 1, 'V~M', 3, NULL, 'BAS', 1, NULL, 1),
(22, 410, 'createdtime', 'vtiger_crmentity', 1, '70', 'createdtime', 'Created Time', 1, 0, '', 100, 18, 61, 2, 'DT~O', 3, NULL, 'BAS', 0, NULL, 0),
(22, 411, 'modifiedtime', 'vtiger_crmentity', 1, '70', 'modifiedtime', 'Modified Time', 1, 0, '', 100, 19, 61, 2, 'DT~O', 3, NULL, 'BAS', 0, NULL, 0),
(22, 412, 'modifiedby', 'vtiger_crmentity', 1, '52', 'modifiedby', 'Last Modified By', 1, 0, '', 100, 22, 61, 3, 'V~O', 3, NULL, 'BAS', 0, NULL, 0),
(22, 413, 'currency_id', 'vtiger_salesorder', 1, '117', 'currency_id', 'Currency', 1, 2, '1', 100, 20, 61, 3, 'I~O', 3, NULL, 'BAS', 1, NULL, 0),
(22, 414, 'conversion_rate', 'vtiger_salesorder', 1, '7', 'conversion_rate', 'Conversion Rate', 1, 2, '1', 100, 21, 61, 3, 'N~O', 3, NULL, 'BAS', 1, NULL, 0),
(22, 415, 'bill_street', 'vtiger_sobillads', 1, '24', 'bill_street', 'Billing Address', 1, 2, '', 100, 1, 63, 1, 'V~M', 3, NULL, 'BAS', 1, NULL, 0),
(22, 416, 'ship_street', 'vtiger_soshipads', 1, '24', 'ship_street', 'Shipping Address', 1, 2, '', 100, 2, 63, 1, 'V~M', 3, NULL, 'BAS', 1, NULL, 0),
(22, 417, 'bill_city', 'vtiger_sobillads', 1, '1', 'bill_city', 'Billing City', 1, 2, '', 100, 5, 63, 1, 'V~O', 3, NULL, 'BAS', 1, NULL, 0),
(22, 418, 'ship_city', 'vtiger_soshipads', 1, '1', 'ship_city', 'Shipping City', 1, 2, '', 100, 6, 63, 1, 'V~O', 3, NULL, 'BAS', 1, NULL, 0),
(22, 419, 'bill_state', 'vtiger_sobillads', 1, '1', 'bill_state', 'Billing State', 1, 2, '', 100, 7, 63, 1, 'V~O', 3, NULL, 'BAS', 1, NULL, 0),
(22, 420, 'ship_state', 'vtiger_soshipads', 1, '1', 'ship_state', 'Shipping State', 1, 2, '', 100, 8, 63, 1, 'V~O', 3, NULL, 'BAS', 1, NULL, 0),
(22, 421, 'bill_code', 'vtiger_sobillads', 1, '1', 'bill_code', 'Billing Code', 1, 2, '', 100, 9, 63, 1, 'V~O', 3, NULL, 'BAS', 1, NULL, 0),
(22, 422, 'ship_code', 'vtiger_soshipads', 1, '1', 'ship_code', 'Shipping Code', 1, 2, '', 100, 10, 63, 1, 'V~O', 3, NULL, 'BAS', 1, NULL, 0),
(22, 423, 'bill_country', 'vtiger_sobillads', 1, '1', 'bill_country', 'Billing Country', 1, 2, '', 100, 11, 63, 1, 'V~O', 3, NULL, 'BAS', 1, NULL, 0),
(22, 424, 'ship_country', 'vtiger_soshipads', 1, '1', 'ship_country', 'Shipping Country', 1, 2, '', 100, 12, 63, 1, 'V~O', 3, NULL, 'BAS', 1, NULL, 0),
(22, 425, 'bill_pobox', 'vtiger_sobillads', 1, '1', 'bill_pobox', 'Billing Po Box', 1, 2, '', 100, 3, 63, 1, 'V~O', 3, NULL, 'BAS', 1, NULL, 0),
(22, 426, 'ship_pobox', 'vtiger_soshipads', 1, '1', 'ship_pobox', 'Shipping Po Box', 1, 2, '', 100, 4, 63, 1, 'V~O', 3, NULL, 'BAS', 1, NULL, 0),
(22, 427, 'description', 'vtiger_crmentity', 1, '19', 'description', 'Description', 1, 2, '', 100, 1, 66, 1, 'V~O', 3, NULL, 'ADV', 1, NULL, 0),
(22, 428, 'terms_conditions', 'vtiger_salesorder', 1, '19', 'terms_conditions', 'Terms & Conditions', 1, 2, '', 100, 1, 65, 1, 'V~O', 3, NULL, 'ADV', 1, NULL, 0),
(22, 429, 'enable_recurring', 'vtiger_salesorder', 1, '56', 'enable_recurring', 'Enable Recurring', 1, 0, '', 100, 1, 85, 1, 'C~O', 3, NULL, 'BAS', 0, NULL, 0),
(22, 430, 'recurring_frequency', 'vtiger_invoice_recurring_info', 1, '16', 'recurring_frequency', 'Frequency', 1, 0, '', 100, 2, 85, 1, 'V~O', 3, NULL, 'BAS', 0, NULL, 0),
(22, 431, 'start_period', 'vtiger_invoice_recurring_info', 1, '5', 'start_period', 'Start Period', 1, 0, '', 100, 3, 85, 1, 'D~O', 3, NULL, 'BAS', 0, NULL, 0),
(22, 432, 'end_period', 'vtiger_invoice_recurring_info', 1, '5', 'end_period', 'End Period', 1, 0, '', 100, 4, 85, 1, 'D~O~OTH~G~start_period~Start Period', 3, NULL, 'BAS', 0, NULL, 0),
(22, 433, 'payment_duration', 'vtiger_invoice_recurring_info', 1, '16', 'payment_duration', 'Payment Duration', 1, 0, '', 100, 5, 85, 1, 'V~O', 3, NULL, 'BAS', 0, NULL, 0),
(22, 434, 'invoice_status', 'vtiger_invoice_recurring_info', 1, '15', 'invoicestatus', 'Invoice Status', 1, 0, '', 100, 6, 85, 1, 'V~M', 3, NULL, 'BAS', 0, NULL, 0),
(23, 435, 'subject', 'vtiger_invoice', 1, '2', 'subject', 'Subject', 1, 0, '', 100, 1, 67, 1, 'V~M', 3, NULL, 'BAS', 1, NULL, 1),
(23, 436, 'salesorderid', 'vtiger_invoice', 1, '80', 'salesorder_id', 'Sales Order', 1, 2, '', 100, 2, 67, 1, 'I~O', 3, NULL, 'BAS', 0, NULL, 1),
(23, 437, 'customerno', 'vtiger_invoice', 1, '1', 'customerno', 'Customer No', 1, 2, '', 100, 3, 67, 1, 'V~O', 3, NULL, 'BAS', 1, NULL, 0),
(23, 438, 'contactid', 'vtiger_invoice', 1, '57', 'contact_id', 'Contact Name', 1, 2, '', 100, 4, 67, 1, 'I~O', 3, NULL, 'BAS', 1, NULL, 0),
(23, 439, 'invoicedate', 'vtiger_invoice', 1, '5', 'invoicedate', 'Invoice Date', 1, 2, '', 100, 5, 67, 1, 'D~O', 3, NULL, 'BAS', 1, NULL, 0),
(23, 440, 'duedate', 'vtiger_invoice', 1, '5', 'duedate', 'Due Date', 1, 2, '', 100, 6, 67, 1, 'D~O', 3, NULL, 'BAS', 1, NULL, 0),
(23, 441, 'purchaseorder', 'vtiger_invoice', 1, '1', 'vtiger_purchaseorder', 'Purchase Order', 1, 2, '', 100, 8, 67, 1, 'V~O', 3, NULL, 'BAS', 1, NULL, 0),
(23, 442, 'adjustment', 'vtiger_invoice', 1, '72', 'txtAdjustment', 'Adjustment', 1, 2, '', 100, 9, 67, 3, 'NN~O', 3, NULL, 'BAS', 1, NULL, 0),
(23, 443, 'salescommission', 'vtiger_invoice', 1, '7', 'salescommission', 'Sales Commission', 1, 2, '', 10, 13, 67, 1, 'N~O', 3, NULL, 'BAS', 1, NULL, 0),
(23, 444, 'exciseduty', 'vtiger_invoice', 1, '7', 'exciseduty', 'Excise Duty', 1, 2, '', 100, 11, 67, 1, 'N~O', 3, NULL, 'BAS', 1, NULL, 0),
(23, 445, 'subtotal', 'vtiger_invoice', 1, '72', 'hdnSubTotal', 'Sub Total', 1, 2, '', 100, 12, 67, 3, 'N~O', 3, NULL, 'BAS', 1, NULL, 0),
(23, 446, 'total', 'vtiger_invoice', 1, '72', 'hdnGrandTotal', 'Total', 1, 2, '', 100, 13, 67, 3, 'N~O', 3, NULL, 'BAS', 1, NULL, 1),
(23, 447, 'taxtype', 'vtiger_invoice', 1, '16', 'hdnTaxType', 'Tax Type', 1, 2, '', 100, 13, 67, 3, 'V~O', 3, NULL, 'BAS', 1, NULL, 0),
(23, 448, 'discount_percent', 'vtiger_invoice', 1, '7', 'hdnDiscountPercent', 'Discount Percent', 1, 2, '', 100, 13, 67, 3, 'N~O', 3, NULL, 'BAS', 1, NULL, 0),
(23, 449, 'discount_amount', 'vtiger_invoice', 1, '72', 'hdnDiscountAmount', 'Discount Amount', 1, 2, '', 100, 13, 67, 3, 'N~O', 3, NULL, 'BAS', 1, NULL, 0),
(23, 450, 's_h_amount', 'vtiger_invoice', 1, '72', 'hdnS_H_Amount', 'S&H Amount', 1, 2, '', 100, 14, 67, 3, 'N~O', 3, NULL, 'BAS', 1, NULL, 0),
(23, 451, 'accountid', 'vtiger_invoice', 1, '73', 'account_id', 'Account Name', 1, 2, '', 100, 14, 67, 1, 'I~M', 3, NULL, 'BAS', 1, NULL, 0),
(23, 452, 'invoicestatus', 'vtiger_invoice', 1, '15', 'invoicestatus', 'Status', 1, 2, '', 100, 15, 67, 1, 'V~O', 3, NULL, 'BAS', 1, NULL, 1),
(23, 453, 'smownerid', 'vtiger_crmentity', 1, '53', 'assigned_user_id', 'Assigned To', 1, 0, '', 100, 16, 67, 1, 'V~M', 3, NULL, 'BAS', 1, NULL, 1),
(23, 454, 'createdtime', 'vtiger_crmentity', 1, '70', 'createdtime', 'Created Time', 1, 0, '', 100, 17, 67, 2, 'DT~O', 3, NULL, 'BAS', 0, NULL, 0),
(23, 455, 'modifiedtime', 'vtiger_crmentity', 1, '70', 'modifiedtime', 'Modified Time', 1, 0, '', 100, 18, 67, 2, 'DT~O', 3, NULL, 'BAS', 0, NULL, 0),
(23, 456, 'modifiedby', 'vtiger_crmentity', 1, '52', 'modifiedby', 'Last Modified By', 1, 0, '', 100, 22, 67, 3, 'V~O', 3, NULL, 'BAS', 0, NULL, 0),
(23, 457, 'currency_id', 'vtiger_invoice', 1, '117', 'currency_id', 'Currency', 1, 2, '1', 100, 19, 67, 3, 'I~O', 3, NULL, 'BAS', 1, NULL, 0),
(23, 458, 'conversion_rate', 'vtiger_invoice', 1, '7', 'conversion_rate', 'Conversion Rate', 1, 2, '1', 100, 20, 67, 3, 'N~O', 3, NULL, 'BAS', 1, NULL, 0),
(23, 459, 'bill_street', 'vtiger_invoicebillads', 1, '24', 'bill_street', 'Billing Address', 1, 2, '', 100, 1, 69, 1, 'V~M', 3, NULL, 'BAS', 1, NULL, 0),
(23, 460, 'ship_street', 'vtiger_invoiceshipads', 1, '24', 'ship_street', 'Shipping Address', 1, 2, '', 100, 2, 69, 1, 'V~M', 3, NULL, 'BAS', 1, NULL, 0),
(23, 461, 'bill_city', 'vtiger_invoicebillads', 1, '1', 'bill_city', 'Billing City', 1, 2, '', 100, 5, 69, 1, 'V~O', 3, NULL, 'BAS', 1, NULL, 0),
(23, 462, 'ship_city', 'vtiger_invoiceshipads', 1, '1', 'ship_city', 'Shipping City', 1, 2, '', 100, 6, 69, 1, 'V~O', 3, NULL, 'BAS', 1, NULL, 0),
(23, 463, 'bill_state', 'vtiger_invoicebillads', 1, '1', 'bill_state', 'Billing State', 1, 2, '', 100, 7, 69, 1, 'V~O', 3, NULL, 'BAS', 1, NULL, 0),
(23, 464, 'ship_state', 'vtiger_invoiceshipads', 1, '1', 'ship_state', 'Shipping State', 1, 2, '', 100, 8, 69, 1, 'V~O', 3, NULL, 'BAS', 1, NULL, 0),
(23, 465, 'bill_code', 'vtiger_invoicebillads', 1, '1', 'bill_code', 'Billing Code', 1, 2, '', 100, 9, 69, 1, 'V~O', 3, NULL, 'BAS', 1, NULL, 0),
(23, 466, 'ship_code', 'vtiger_invoiceshipads', 1, '1', 'ship_code', 'Shipping Code', 1, 2, '', 100, 10, 69, 1, 'V~O', 3, NULL, 'BAS', 1, NULL, 0),
(23, 467, 'bill_country', 'vtiger_invoicebillads', 1, '1', 'bill_country', 'Billing Country', 1, 2, '', 100, 11, 69, 1, 'V~O', 3, NULL, 'BAS', 1, NULL, 0),
(23, 468, 'ship_country', 'vtiger_invoiceshipads', 1, '1', 'ship_country', 'Shipping Country', 1, 2, '', 100, 12, 69, 1, 'V~O', 3, NULL, 'BAS', 1, NULL, 0),
(23, 469, 'bill_pobox', 'vtiger_invoicebillads', 1, '1', 'bill_pobox', 'Billing Po Box', 1, 2, '', 100, 3, 69, 1, 'V~O', 3, NULL, 'BAS', 1, NULL, 0),
(23, 470, 'ship_pobox', 'vtiger_invoiceshipads', 1, '1', 'ship_pobox', 'Shipping Po Box', 1, 2, '', 100, 4, 69, 1, 'V~O', 3, NULL, 'BAS', 1, NULL, 0),
(23, 471, 'description', 'vtiger_crmentity', 1, '19', 'description', 'Description', 1, 2, '', 100, 1, 72, 1, 'V~O', 3, NULL, 'ADV', 1, NULL, 0),
(23, 472, 'terms_conditions', 'vtiger_invoice', 1, '19', 'terms_conditions', 'Terms & Conditions', 1, 2, '', 100, 1, 71, 1, 'V~O', 3, NULL, 'ADV', 1, NULL, 0),
(23, 473, 'invoice_no', 'vtiger_invoice', 1, '4', 'invoice_no', 'Invoice No', 1, 0, '', 100, 3, 67, 1, 'V~O', 3, NULL, 'BAS', 0, NULL, 1),
(29, 474, 'user_name', 'vtiger_users', 1, '106', 'user_name', 'User Name', 1, 0, '', 11, 1, 77, 1, 'V~M', 1, NULL, 'BAS', 1, NULL, 0),
(29, 475, 'is_admin', 'vtiger_users', 1, '156', 'is_admin', 'Admin', 1, 0, '', 3, 7, 77, 1, 'V~O', 1, NULL, 'BAS', 1, NULL, 0),
(29, 476, 'user_password', 'vtiger_users', 1, '99', 'user_password', 'Password', 1, 0, '', 30, 5, 77, 4, 'P~M', 1, NULL, 'BAS', 1, NULL, 0),
(29, 477, 'confirm_password', 'vtiger_users', 1, '99', 'confirm_password', 'Confirm Password', 1, 0, '', 30, 6, 77, 4, 'P~M', 1, NULL, 'BAS', 1, NULL, 0),
(29, 478, 'first_name', 'vtiger_users', 1, '1', 'first_name', 'First Name', 1, 0, '', 30, 3, 77, 1, 'V~O', 1, NULL, 'BAS', 1, NULL, 0),
(29, 479, 'last_name', 'vtiger_users', 1, '2', 'last_name', 'Last Name', 1, 0, '', 30, 4, 77, 1, 'V~M', 1, NULL, 'BAS', 1, NULL, 0),
(29, 480, 'roleid', 'vtiger_user2role', 1, '98', 'roleid', 'Role', 1, 0, '', 200, 8, 77, 1, 'V~M', 1, NULL, 'BAS', 1, NULL, 0),
(29, 481, 'email1', 'vtiger_users', 1, '104', 'email1', 'Email', 1, 0, '', 100, 2, 77, 1, 'E~M', 1, NULL, 'BAS', 1, NULL, 0),
(29, 482, 'status', 'vtiger_users', 1, '115', 'status', 'Status', 1, 0, 'Active', 100, 10, 77, 1, 'V~O', 1, NULL, 'BAS', 1, NULL, 0),
(29, 483, 'activity_view', 'vtiger_users', 1, '16', 'activity_view', 'Default Activity View', 1, 0, '', 100, 6, 93, 1, 'V~O', 1, NULL, 'BAS', 1, NULL, 0),
(29, 484, 'lead_view', 'vtiger_users', 1, '16', 'lead_view', 'Default Lead View', 1, 0, '', 100, 9, 77, 1, 'V~O', 1, NULL, 'BAS', 1, NULL, 0),
(29, 485, 'hour_format', 'vtiger_users', 1, '16', 'hour_format', 'Calendar Hour Format', 1, 0, '12', 100, 4, 93, 1, 'V~O', 1, NULL, 'BAS', 1, NULL, 0),
(29, 486, 'end_hour', 'vtiger_users', 1, '116', 'end_hour', 'Day ends at', 1, 0, '', 100, 11, 77, 3, 'V~O', 1, NULL, 'BAS', 1, NULL, 0),
(29, 487, 'start_hour', 'vtiger_users', 1, '16', 'start_hour', 'Day starts at', 1, 0, '', 100, 2, 93, 1, 'V~O', 1, NULL, 'BAS', 1, NULL, 0),
(29, 488, 'title', 'vtiger_users', 1, '1', 'title', 'Title', 1, 0, '', 50, 1, 79, 1, 'V~O', 1, NULL, 'BAS', 1, NULL, 0),
(29, 489, 'phone_work', 'vtiger_users', 1, '11', 'phone_work', 'Office Phone', 1, 0, '', 50, 5, 79, 1, 'V~O', 1, NULL, 'BAS', 1, NULL, 0),
(29, 490, 'department', 'vtiger_users', 1, '1', 'department', 'Department', 1, 0, '', 50, 3, 79, 1, 'V~O', 1, NULL, 'BAS', 1, NULL, 0),
(29, 491, 'phone_mobile', 'vtiger_users', 1, '11', 'phone_mobile', 'Mobile', 1, 0, '', 50, 7, 79, 1, 'V~O', 1, NULL, 'BAS', 1, NULL, 0),
(29, 492, 'reports_to_id', 'vtiger_users', 1, '101', 'reports_to_id', 'Reports To', 1, 0, '', 50, 8, 79, 1, 'V~O', 1, NULL, 'BAS', 1, NULL, 0),
(29, 493, 'phone_other', 'vtiger_users', 1, '11', 'phone_other', 'Other Phone', 1, 0, '', 50, 11, 79, 1, 'V~O', 1, NULL, 'BAS', 1, NULL, 0),
(29, 494, 'email2', 'vtiger_users', 1, '13', 'email2', 'Other Email', 1, 0, '', 100, 4, 79, 1, 'E~O', 1, NULL, 'BAS', 1, NULL, 0),
(29, 495, 'phone_fax', 'vtiger_users', 1, '11', 'phone_fax', 'Fax', 1, 0, '', 50, 2, 79, 1, 'V~O', 1, NULL, 'BAS', 1, NULL, 0),
(29, 496, 'secondaryemail', 'vtiger_users', 1, '13', 'secondaryemail', 'Secondary Email', 1, 0, '', 100, 6, 79, 1, 'E~O', 1, NULL, 'BAS', 1, NULL, 0),
(29, 497, 'phone_home', 'vtiger_users', 1, '11', 'phone_home', 'Home Phone', 1, 0, '', 50, 9, 79, 1, 'V~O', 1, NULL, 'BAS', 1, NULL, 0),
(29, 498, 'date_format', 'vtiger_users', 1, '16', 'date_format', 'Date Format', 1, 0, '', 30, 3, 93, 1, 'V~O', 1, NULL, 'BAS', 1, NULL, 0),
(29, 499, 'signature', 'vtiger_users', 1, '21', 'signature', 'Signature', 1, 0, '', 250, 13, 79, 1, 'V~O', 1, NULL, 'BAS', 1, NULL, 0),
(29, 500, 'description', 'vtiger_users', 1, '21', 'description', 'Documents', 1, 0, '', 250, 14, 79, 1, 'V~O', 1, NULL, 'BAS', 1, NULL, 0),
(29, 501, 'address_street', 'vtiger_users', 1, '21', 'address_street', 'Street Address', 1, 0, '', 250, 1, 80, 1, 'V~O', 1, NULL, 'BAS', 1, NULL, 0),
(29, 502, 'address_city', 'vtiger_users', 1, '1', 'address_city', 'City', 1, 0, '', 100, 3, 80, 1, 'V~O', 1, NULL, 'BAS', 1, NULL, 0),
(29, 503, 'address_state', 'vtiger_users', 1, '1', 'address_state', 'State', 1, 0, '', 100, 5, 80, 1, 'V~O', 1, NULL, 'BAS', 1, NULL, 0),
(29, 504, 'address_postalcode', 'vtiger_users', 1, '1', 'address_postalcode', 'Postal Code', 1, 0, '', 100, 4, 80, 1, 'V~O', 1, NULL, 'BAS', 1, NULL, 0),
(29, 505, 'address_country', 'vtiger_users', 1, '1', 'address_country', 'Country', 1, 0, '', 100, 2, 80, 1, 'V~O', 1, NULL, 'BAS', 1, NULL, 0),
(29, 506, 'accesskey', 'vtiger_users', 1, '3', 'accesskey', 'Webservice Access Key', 1, 0, '', 100, 2, 83, 2, 'V~O', 1, NULL, 'BAS', 1, NULL, 0),
(29, 507, 'time_zone', 'vtiger_users', 1, '16', 'time_zone', 'Time Zone', 1, 0, '', 200, 5, 93, 1, 'V~O', 1, NULL, 'BAS', 1, NULL, 0),
(29, 508, 'currency_id', 'vtiger_users', 1, '117', 'currency_id', 'Currency', 1, 0, '', 100, 1, 78, 1, 'I~O', 1, NULL, 'BAS', 1, NULL, 0),
(29, 509, 'currency_grouping_pattern', 'vtiger_users', 1, '16', 'currency_grouping_pattern', 'Digit Grouping Pattern', 1, 0, '', 100, 2, 78, 1, 'V~O', 1, NULL, 'BAS', 1, '<b>Currency - Digit Grouping Pattern</b> <br/><br/>This pattern specifies the format in which the currency separator will be placed.', 0),
(29, 510, 'currency_decimal_separator', 'vtiger_users', 1, '16', 'currency_decimal_separator', 'Decimal Separator', 1, 0, '', 2, 3, 78, 1, 'V~O', 1, NULL, 'BAS', 1, '<b>Currency - Decimal Separator</b> <br/><br/>Decimal separator specifies the separator to be used to separate the fractional values from the whole number part. <br/><b>Eg:</b> <br/>. => 123.45 <br/>, => 123,45 <br/>'' => 123''45 <br/>  => 123 45 <br/>$ => 123$45 <br/>', 0),
(29, 511, 'currency_grouping_separator', 'vtiger_users', 1, '16', 'currency_grouping_separator', 'Digit Grouping Separator', 1, 0, '', 2, 4, 78, 1, 'V~O', 1, NULL, 'BAS', 1, '<b>Currency - Grouping Separator</b> <br/><br/>Grouping separator specifies the separator to be used to group the whole number part into hundreds, thousands etc. <br/><b>Eg:</b> <br/>. => 123.456.789 <br/>, => 123,456,789 <br/>'' => 123''456''789 <br/>  => 123 456 789 <br/>$ => 123$456$789 <br/>', 0),
(29, 512, 'currency_symbol_placement', 'vtiger_users', 1, '16', 'currency_symbol_placement', 'Symbol Placement', 1, 0, '', 20, 5, 78, 1, 'V~O', 1, NULL, 'BAS', 1, '<b>Currency - Symbol Placement</b> <br/><br/>Symbol Placement allows you to configure the position of the currency symbol with respect to the currency value.<br/><b>Eg:</b> <br/>$1.0 => $123,456,789.50 <br/>1.0$ => 123,456,789.50$ <br/>', 0),
(29, 513, 'imagename', 'vtiger_users', 1, '105', 'imagename', 'User Image', 1, 0, '', 250, 10, 82, 1, 'V~O', 1, NULL, 'BAS', 1, NULL, 0),
(29, 514, 'internal_mailer', 'vtiger_users', 1, '56', 'internal_mailer', 'INTERNAL_MAIL_COMPOSER', 1, 0, '', 50, 15, 79, 1, 'V~O', 1, NULL, 'BAS', 1, NULL, 0),
(29, 515, 'theme', 'vtiger_users', 1, '31', 'theme', 'Theme', 1, 0, 'softed', 100, 16, 79, 1, 'V~O', 1, NULL, 'BAS', 1, NULL, 0),
(29, 516, 'language', 'vtiger_users', 1, '32', 'language', 'Language', 1, 0, '', 100, 17, 79, 1, 'V~O', 1, NULL, 'BAS', 1, NULL, 0),
(29, 517, 'reminder_interval', 'vtiger_users', 1, '16', 'reminder_interval', 'Reminder Interval', 1, 0, '', 100, 11, 93, 1, 'V~O', 1, NULL, 'BAS', 1, NULL, 0),
(10, 518, 'from_email', 'vtiger_emaildetails', 1, '12', 'from_email', 'From', 1, 2, '', 100, 1, 21, 3, 'V~M', 3, NULL, 'BAS', 0, NULL, 0),
(10, 519, 'to_email', 'vtiger_emaildetails', 1, '8', 'saved_toid', 'To', 1, 2, '', 100, 2, 21, 1, 'V~M', 3, NULL, 'BAS', 0, NULL, 0),
(10, 520, 'cc_email', 'vtiger_emaildetails', 1, '8', 'ccmail', 'CC', 1, 2, '', 1000, 3, 21, 1, 'V~O', 3, NULL, 'BAS', 0, NULL, 0),
(10, 521, 'bcc_email', 'vtiger_emaildetails', 1, '8', 'bccmail', 'BCC', 1, 2, '', 1000, 4, 21, 1, 'V~O', 3, NULL, 'BAS', 0, NULL, 0),
(10, 522, 'idlists', 'vtiger_emaildetails', 1, '357', 'parent_id', 'Parent ID', 1, 2, '', 1000, 5, 21, 1, 'V~O', 3, NULL, 'BAS', 0, NULL, 0),
(10, 523, 'email_flag', 'vtiger_emaildetails', 1, '16', 'email_flag', 'Email Flag', 1, 2, '', 1000, 6, 21, 3, 'V~O', 3, NULL, 'BAS', 0, NULL, 0),
(2, 524, 'forecast_amount', 'vtiger_potential', 1, '71', 'forecast_amount', 'Forecast Amount', 1, 2, '', 100, 18, 1, 1, 'N~O', 1, 0, 'BAS', 0, '', 0),
(29, 525, 'no_of_currency_decimals', 'vtiger_users', 1, '16', 'no_of_currency_decimals', 'Number Of Currency Decimals', 1, 2, '2', 100, 6, 78, 1, 'V~O', 1, 0, 'BAS', 1, '<b>Currency - Number of Decimal places</b> <br/><br/>Number of decimal places specifies how many number of decimals will be shown after decimal separator.<br/><b>Eg:</b> 123.00', 0),
(23, 526, 'productid', 'vtiger_inventoryproductrel', 1, '10', 'productid', 'Item Name', 0, 2, '', 100, 1, 88, 5, 'V~O', 1, 0, 'BAS', 0, '', 0),
(23, 527, 'quantity', 'vtiger_inventoryproductrel', 1, '7', 'quantity', 'Quantity', 0, 2, '', 100, 2, 88, 5, 'N~O', 1, 0, 'BAS', 0, '', 0),
(23, 528, 'listprice', 'vtiger_inventoryproductrel', 1, '71', 'listprice', 'List Price', 0, 2, '', 100, 3, 88, 5, 'N~O', 1, 0, 'BAS', 0, '', 0),
(23, 529, 'comment', 'vtiger_inventoryproductrel', 1, '19', 'comment', 'Item Comment', 0, 2, '', 100, 4, 88, 5, 'V~O', 1, 0, 'BAS', 0, '', 0),
(23, 530, 'discount_amount', 'vtiger_inventoryproductrel', 1, '71', 'discount_amount', 'Discount', 0, 2, '', 100, 5, 88, 5, 'N~O', 1, 0, 'BAS', 0, '', 0),
(23, 531, 'discount_percent', 'vtiger_inventoryproductrel', 1, '7', 'discount_percent', 'Item Discount Percent', 0, 2, '', 100, 6, 88, 5, 'V~O', 1, 0, 'BAS', 0, '', 0),
(23, 532, 'tax1', 'vtiger_inventoryproductrel', 1, '83', 'tax1', 'Tax1', 0, 2, '', 100, 7, 88, 5, 'V~O', 1, 0, 'BAS', 0, '', 0),
(23, 533, 'tax2', 'vtiger_inventoryproductrel', 1, '83', 'tax2', 'Tax2', 0, 2, '', 100, 8, 88, 5, 'V~O', 1, 0, 'BAS', 0, '', 0),
(23, 534, 'tax3', 'vtiger_inventoryproductrel', 1, '83', 'tax3', 'Tax3', 0, 2, '', 100, 9, 88, 5, 'V~O', 1, 0, 'BAS', 0, '', 0),
(22, 535, 'productid', 'vtiger_inventoryproductrel', 1, '10', 'productid', 'Item Name', 0, 2, '', 100, 1, 89, 5, 'V~O', 1, 0, 'BAS', 0, '', 0),
(22, 536, 'quantity', 'vtiger_inventoryproductrel', 1, '7', 'quantity', 'Quantity', 0, 2, '', 100, 2, 89, 5, 'N~O', 1, 0, 'BAS', 0, '', 0),
(22, 537, 'listprice', 'vtiger_inventoryproductrel', 1, '71', 'listprice', 'List Price', 0, 2, '', 100, 3, 89, 5, 'N~O', 1, 0, 'BAS', 0, '', 0),
(22, 538, 'comment', 'vtiger_inventoryproductrel', 1, '19', 'comment', 'Item Comment', 0, 2, '', 100, 4, 89, 5, 'V~O', 1, 0, 'BAS', 0, '', 0),
(22, 539, 'discount_amount', 'vtiger_inventoryproductrel', 1, '71', 'discount_amount', 'Discount', 0, 2, '', 100, 5, 89, 5, 'N~O', 1, 0, 'BAS', 0, '', 0),
(22, 540, 'discount_percent', 'vtiger_inventoryproductrel', 1, '7', 'discount_percent', 'Item Discount Percent', 0, 2, '', 100, 6, 89, 5, 'V~O', 1, 0, 'BAS', 0, '', 0),
(22, 541, 'tax1', 'vtiger_inventoryproductrel', 1, '83', 'tax1', 'Tax1', 0, 2, '', 100, 7, 89, 5, 'V~O', 1, 0, 'BAS', 0, '', 0),
(22, 542, 'tax2', 'vtiger_inventoryproductrel', 1, '83', 'tax2', 'Tax2', 0, 2, '', 100, 8, 89, 5, 'V~O', 1, 0, 'BAS', 0, '', 0),
(22, 543, 'tax3', 'vtiger_inventoryproductrel', 1, '83', 'tax3', 'Tax3', 0, 2, '', 100, 9, 89, 5, 'V~O', 1, 0, 'BAS', 0, '', 0),
(21, 544, 'productid', 'vtiger_inventoryproductrel', 1, '10', 'productid', 'Item Name', 0, 2, '', 100, 1, 90, 5, 'V~O', 1, 0, 'BAS', 0, '', 0),
(21, 545, 'quantity', 'vtiger_inventoryproductrel', 1, '7', 'quantity', 'Quantity', 0, 2, '', 100, 2, 90, 5, 'N~O', 1, 0, 'BAS', 0, '', 0),
(21, 546, 'listprice', 'vtiger_inventoryproductrel', 1, '71', 'listprice', 'List Price', 0, 2, '', 100, 3, 90, 5, 'N~O', 1, 0, 'BAS', 0, '', 0),
(21, 547, 'comment', 'vtiger_inventoryproductrel', 1, '19', 'comment', 'Item Comment', 0, 2, '', 100, 4, 90, 5, 'V~O', 1, 0, 'BAS', 0, '', 0),
(21, 548, 'discount_amount', 'vtiger_inventoryproductrel', 1, '71', 'discount_amount', 'Discount', 0, 2, '', 100, 5, 90, 5, 'N~O', 1, 0, 'BAS', 0, '', 0),
(21, 549, 'discount_percent', 'vtiger_inventoryproductrel', 1, '7', 'discount_percent', 'Item Discount Percent', 0, 2, '', 100, 6, 90, 5, 'V~O', 1, 0, 'BAS', 0, '', 0),
(21, 550, 'tax1', 'vtiger_inventoryproductrel', 1, '83', 'tax1', 'Tax1', 0, 2, '', 100, 7, 90, 5, 'V~O', 1, 0, 'BAS', 0, '', 0),
(21, 551, 'tax2', 'vtiger_inventoryproductrel', 1, '83', 'tax2', 'Tax2', 0, 2, '', 100, 8, 90, 5, 'V~O', 1, 0, 'BAS', 0, '', 0),
(21, 552, 'tax3', 'vtiger_inventoryproductrel', 1, '83', 'tax3', 'Tax3', 0, 2, '', 100, 9, 90, 5, 'V~O', 1, 0, 'BAS', 0, '', 0),
(20, 553, 'productid', 'vtiger_inventoryproductrel', 1, '10', 'productid', 'Item Name', 0, 2, '', 100, 1, 91, 5, 'V~O', 1, 0, 'BAS', 0, '', 0),
(20, 554, 'quantity', 'vtiger_inventoryproductrel', 1, '7', 'quantity', 'Quantity', 0, 2, '', 100, 2, 91, 5, 'N~O', 1, 0, 'BAS', 0, '', 0),
(20, 555, 'listprice', 'vtiger_inventoryproductrel', 1, '71', 'listprice', 'List Price', 0, 2, '', 100, 3, 91, 5, 'N~O', 1, 0, 'BAS', 0, '', 0),
(20, 556, 'comment', 'vtiger_inventoryproductrel', 1, '19', 'comment', 'Item Comment', 0, 2, '', 100, 4, 91, 5, 'V~O', 1, 0, 'BAS', 0, '', 0),
(20, 557, 'discount_amount', 'vtiger_inventoryproductrel', 1, '71', 'discount_amount', 'Discount', 0, 2, '', 100, 5, 91, 5, 'N~O', 1, 0, 'BAS', 0, '', 0),
(20, 558, 'discount_percent', 'vtiger_inventoryproductrel', 1, '7', 'discount_percent', 'Item Discount Percent', 0, 2, '', 100, 6, 91, 5, 'V~O', 1, 0, 'BAS', 0, '', 0),
(20, 559, 'tax1', 'vtiger_inventoryproductrel', 1, '83', 'tax1', 'Tax1', 0, 2, '', 100, 7, 91, 5, 'V~O', 1, 0, 'BAS', 0, '', 0),
(20, 560, 'tax2', 'vtiger_inventoryproductrel', 1, '83', 'tax2', 'Tax2', 0, 2, '', 100, 8, 91, 5, 'V~O', 1, 0, 'BAS', 0, '', 0),
(20, 561, 'tax3', 'vtiger_inventoryproductrel', 1, '83', 'tax3', 'Tax3', 0, 2, '', 100, 9, 91, 5, 'V~O', 1, 0, 'BAS', 0, '', 0),
(29, 562, 'truncate_trailing_zeros', 'vtiger_users', 1, '56', 'truncate_trailing_zeros', 'Truncate Trailing Zeros', 1, 2, '0', 100, 7, 78, 1, 'V~O', 1, 0, 'BAS', 1, '<b> Truncate Trailing Zeros </b> <br/><br/>It truncated trailing 0s in any of Currency, Decimal and Percentage Field types<br/><br/><b>Ex:</b><br/>If value is 89.00000 then <br/>decimal and Percentage fields were shows 89<br/>currency field type - shows 89.00<br/>', 0),
(29, 563, 'dayoftheweek', 'vtiger_users', 1, '16', 'dayoftheweek', 'Starting Day of the week', 1, 2, 'Monday', 100, 1, 93, 1, 'V~O', 1, 0, 'BAS', 1, '', 0),
(29, 564, 'callduration', 'vtiger_users', 1, '16', 'callduration', 'Default Call Duration', 1, 2, '5', 100, 7, 93, 1, 'V~O', 1, 0, 'BAS', 1, '', 0),
(29, 565, 'othereventduration', 'vtiger_users', 1, '16', 'othereventduration', 'Other Event Duration', 1, 2, '5', 100, 8, 93, 1, 'V~O', 1, 0, 'BAS', 1, '', 0),
(23, 566, 'pre_tax_total', 'vtiger_invoice', 1, '72', 'pre_tax_total', 'Pre Tax Total', 1, 2, '', 100, 23, 67, 3, 'N~O', 1, 0, 'BAS', 1, '', 0),
(22, 567, 'pre_tax_total', 'vtiger_salesorder', 1, '72', 'pre_tax_total', 'Pre Tax Total', 1, 2, '', 100, 23, 61, 3, 'N~O', 1, 0, 'BAS', 1, '', 0),
(21, 568, 'pre_tax_total', 'vtiger_purchaseorder', 1, '72', 'pre_tax_total', 'Pre Tax Total', 1, 2, '', 100, 23, 55, 3, 'N~O', 1, 0, 'BAS', 1, '', 0),
(20, 569, 'pre_tax_total', 'vtiger_quotes', 1, '72', 'pre_tax_total', 'Pre Tax Total', 1, 2, '', 100, 23, 49, 3, 'N~O', 1, 0, 'BAS', 1, '', 0),
(29, 570, 'calendarsharedtype', 'vtiger_users', 1, '16', 'calendarsharedtype', 'Calendar Shared Type', 1, 2, 'Public', 100, 12, 93, 3, 'V~O', 1, 0, 'BAS', 1, '', 0),
(6, 571, 'isconvertedfromlead', 'vtiger_account', 1, '56', 'isconvertedfromlead', 'Is Converted From Lead', 1, 2, 'no', 100, 24, 9, 2, 'C~O', 1, 0, 'BAS', 1, '', 0),
(4, 572, 'isconvertedfromlead', 'vtiger_contactdetails', 1, '56', 'isconvertedfromlead', 'Is Converted From Lead', 1, 2, 'no', 100, 29, 4, 2, 'C~O', 1, 0, 'BAS', 1, '', 0),
(2, 573, 'isconvertedfromlead', 'vtiger_potential', 1, '56', 'isconvertedfromlead', 'Is Converted From Lead', 1, 2, 'no', 100, 19, 1, 2, 'C~O', 1, 0, 'BAS', 1, '', 0),
(29, 574, 'default_record_view', 'vtiger_users', 1, '16', 'default_record_view', 'Default Record View', 1, 2, 'Summary', 100, 18, 79, 1, 'V~O', 1, 0, 'BAS', 1, '', 0),
(23, 575, 'received', 'vtiger_invoice', 1, '72', 'received', 'Received', 1, 2, '0', 100, 24, 67, 3, 'N~O', 1, 0, 'BAS', 1, '', 0),
(23, 576, 'balance', 'vtiger_invoice', 1, '72', 'balance', 'Balance', 1, 2, '0', 100, 25, 67, 3, 'N~O', 1, 0, 'BAS', 1, '', 0),
(21, 577, 'paid', 'vtiger_purchaseorder', 1, '72', 'paid', 'Paid', 1, 2, '0', 100, 24, 55, 3, 'N~O', 1, 0, 'BAS', 1, '', 0),
(21, 578, 'balance', 'vtiger_purchaseorder', 1, '72', 'balance', 'Balance', 1, 2, '0', 100, 25, 55, 3, 'N~O', 1, 0, 'BAS', 1, '', 0),
(18, 579, 'smownerid', 'vtiger_crmentity', 1, '53', 'assigned_user_id', 'Assigned To', 1, 2, '', 100, 13, 42, 1, 'V~M', 1, 0, 'BAS', 1, '', 0),
(7, 580, 'emailoptout', 'vtiger_leaddetails', 1, '56', 'emailoptout', 'Email Opt Out', 1, 2, '', 100, 24, 13, 1, 'C~O', 1, 0, 'BAS', 1, '', 0),
(23, 581, 's_h_percent', 'vtiger_invoice', 1, '7', 'hdnS_H_Percent', 'S&H Percent', 0, 2, '', 100, 10, 88, 5, 'N~O', 0, 1, 'BAS', 0, '', 0),
(20, 582, 's_h_percent', 'vtiger_quotes', 1, '7', 'hdnS_H_Percent', 'S&H Percent', 0, 2, '', 100, 10, 91, 5, 'N~O', 0, 1, 'BAS', 0, '', 0),
(21, 583, 's_h_percent', 'vtiger_purchaseorder', 1, '7', 'hdnS_H_Percent', 'S&H Percent', 0, 2, '', 100, 10, 90, 5, 'N~O', 0, 1, 'BAS', 0, '', 0),
(22, 584, 's_h_percent', 'vtiger_salesorder', 1, '7', 'hdnS_H_Percent', 'S&H Percent', 0, 2, '', 100, 10, 89, 5, 'N~O', 0, 1, 'BAS', 0, '', 0),
(29, 585, 'leftpanelhide', 'vtiger_users', 1, '56', 'leftpanelhide', 'Left Panel Hide', 1, 2, '0', 100, 19, 79, 1, 'V~O', 1, 0, 'BAS', 1, '', 0),
(2, 586, 'contact_id', 'vtiger_potential', 1, '10', 'contact_id', 'Contact Name', 1, 2, '', 100, 4, 1, 1, 'V~O', 1, 0, 'BAS', 1, '', 1),
(13, 587, 'contact_id', 'vtiger_troubletickets', 1, '10', 'contact_id', 'Contact Name', 1, 2, '', 100, 3, 25, 1, 'V~O', 1, 0, 'BAS', 1, '', 1),
(29, 588, 'rowheight', 'vtiger_users', 1, '16', 'rowheight', 'Row Height', 1, 2, 'medium', 100, 20, 79, 1, 'V~O', 1, 0, 'BAS', 1, '', 0),
(13, 589, 'from_portal', 'vtiger_ticketcf', 1, '56', 'from_portal', 'From Portal', 1, 0, '', 100, 18, 25, 3, 'C~O', 1, 0, 'BAS', 1, '', 0),
(29, 590, 'defaulteventstatus', 'vtiger_users', 1, '15', 'defaulteventstatus', 'Default Event Status', 1, 2, '', 100, 9, 93, 1, 'V~O', 1, 0, 'BAS', 1, '', 0),
(29, 591, 'defaultactivitytype', 'vtiger_users', 1, '15', 'defaultactivitytype', 'Default Activity Type', 1, 2, '', 100, 10, 93, 1, 'V~O', 1, 0, 'BAS', 1, '', 0),
(29, 592, 'hidecompletedevents', 'vtiger_users', 1, '56', 'hidecompletedevents', 'LBL_HIDE_COMPLETED_EVENTS', 1, 2, '0', 100, 13, 93, 1, 'C~O', 1, 0, 'BAS', 1, '', 0),
(9, 598, 'smcreatorid', 'vtiger_crmentity', 1, '52', 'created_user_id', 'Created By', 1, 2, '', 100, 23, 19, 2, 'V~O', 3, 5, 'BAS', 0, '', 0),
(29, 610, 'is_owner', 'vtiger_users', 1, '1', 'is_owner', 'Account Owner', 0, 2, '0', 100, 12, 77, 5, 'V~O', 0, 1, 'BAS', 0, '', 0);

-- --------------------------------------------------------

--
-- Table structure for table `vtiger_fieldmodulerel`
--

CREATE TABLE IF NOT EXISTS `vtiger_fieldmodulerel` (
  `fieldid` int(11) NOT NULL,
  `module` varchar(100) COLLATE utf8_unicode_ci NOT NULL,
  `relmodule` varchar(100) COLLATE utf8_unicode_ci NOT NULL,
  `status` varchar(10) COLLATE utf8_unicode_ci DEFAULT NULL,
  `sequence` int(11) DEFAULT NULL
) ENGINE=InnoDB DEFAULT CHARSET=utf8 COLLATE=utf8_unicode_ci;

--
-- Dumping data for table `vtiger_fieldmodulerel`
--

INSERT INTO `vtiger_fieldmodulerel` (`fieldid`, `module`, `relmodule`, `status`, `sequence`) VALUES
(113, 'Potentials', 'Accounts', NULL, 0),
(526, 'Invoice', 'Products', NULL, NULL),
(526, 'Invoice', 'Services', NULL, NULL),
(535, 'SalesOrder', 'Products', NULL, NULL),
(535, 'SalesOrder', 'Services', NULL, NULL),
(544, 'PurchaseOrder', 'Products', NULL, NULL),
(544, 'PurchaseOrder', 'Services', NULL, NULL),
(553, 'Quotes', 'Products', NULL, NULL),
(553, 'Quotes', 'Services', NULL, NULL),
(586, 'Potentials', 'Contacts', NULL, NULL),
(157, 'HelpDesk', 'Accounts', NULL, NULL),
(587, 'HelpDesk', 'Contacts', NULL, NULL),
(237, 'Accounts', 'Calendar', NULL, NULL),
(237, 'Leads', 'Calendar', NULL, NULL),
(237, 'HelpDesk', 'Calendar', NULL, NULL),
(237, 'Campaigns', 'Calendar', NULL, NULL),
(237, 'Potentials', 'Calendar', NULL, NULL),
(237, 'PurchaseOrder', 'Calendar', NULL, NULL),
(237, 'SalesOrder', 'Calendar', NULL, NULL),
(237, 'Quotes', 'Calendar', NULL, NULL),
(237, 'Invoice', 'Calendar', NULL, NULL),
(238, 'Contacts', 'Calendar', NULL, NULL);

-- --------------------------------------------------------

--
-- Table structure for table `vtiger_field_seq`
--

CREATE TABLE IF NOT EXISTS `vtiger_field_seq` (
  `id` int(11) NOT NULL
) ENGINE=InnoDB DEFAULT CHARSET=utf8 COLLATE=utf8_unicode_ci;

--
-- Dumping data for table `vtiger_field_seq`
--

INSERT INTO `vtiger_field_seq` (`id`) VALUES
(610);

-- --------------------------------------------------------

--
-- Table structure for table `vtiger_freetagged_objects`
--

CREATE TABLE IF NOT EXISTS `vtiger_freetagged_objects` (
  `tag_id` int(20) NOT NULL DEFAULT '0',
  `tagger_id` int(20) NOT NULL DEFAULT '0',
  `object_id` int(20) NOT NULL DEFAULT '0',
  `tagged_on` timestamp NOT NULL DEFAULT CURRENT_TIMESTAMP ON UPDATE CURRENT_TIMESTAMP,
  `module` varchar(50) COLLATE utf8_unicode_ci NOT NULL DEFAULT '',
  PRIMARY KEY (`tag_id`,`tagger_id`,`object_id`),
  KEY `freetagged_objects_tag_id_tagger_id_object_id_idx` (`tag_id`,`tagger_id`,`object_id`)
) ENGINE=InnoDB DEFAULT CHARSET=utf8 COLLATE=utf8_unicode_ci;

-- --------------------------------------------------------

--
-- Table structure for table `vtiger_freetags`
--

CREATE TABLE IF NOT EXISTS `vtiger_freetags` (
  `id` int(19) NOT NULL,
  `tag` varchar(50) COLLATE utf8_unicode_ci NOT NULL DEFAULT '',
  `raw_tag` varchar(50) COLLATE utf8_unicode_ci NOT NULL DEFAULT '',
  PRIMARY KEY (`id`)
) ENGINE=InnoDB DEFAULT CHARSET=utf8 COLLATE=utf8_unicode_ci;

-- --------------------------------------------------------

--
-- Table structure for table `vtiger_freetags_seq`
--

CREATE TABLE IF NOT EXISTS `vtiger_freetags_seq` (
  `id` int(11) NOT NULL
) ENGINE=InnoDB DEFAULT CHARSET=utf8 COLLATE=utf8_unicode_ci;

--
-- Dumping data for table `vtiger_freetags_seq`
--

INSERT INTO `vtiger_freetags_seq` (`id`) VALUES
(1);

-- --------------------------------------------------------

--
-- Table structure for table `vtiger_glacct`
--

CREATE TABLE IF NOT EXISTS `vtiger_glacct` (
  `glacctid` int(19) NOT NULL AUTO_INCREMENT,
  `glacct` varchar(200) COLLATE utf8_unicode_ci NOT NULL,
  `presence` int(1) NOT NULL DEFAULT '1',
  `picklist_valueid` int(19) NOT NULL DEFAULT '0',
  `sortorderid` int(11) DEFAULT NULL,
  PRIMARY KEY (`glacctid`),
  UNIQUE KEY `glacct_glacct_idx` (`glacct`)
) ENGINE=InnoDB  DEFAULT CHARSET=utf8 COLLATE=utf8_unicode_ci AUTO_INCREMENT=10 ;

--
-- Dumping data for table `vtiger_glacct`
--

INSERT INTO `vtiger_glacct` (`glacctid`, `glacct`, `presence`, `picklist_valueid`, `sortorderid`) VALUES
(1, '300-Sales-Software', 1, 51, 0),
(2, '301-Sales-Hardware', 1, 52, 1),
(3, '302-Rental-Income', 1, 53, 2),
(4, '303-Interest-Income', 1, 54, 3),
(5, '304-Sales-Software-Support', 1, 55, 4),
(6, '305-Sales Other', 1, 56, 5),
(7, '306-Internet Sales', 1, 57, 6),
(8, '307-Service-Hardware Labor', 1, 58, 7),
(9, '308-Sales-Books', 1, 59, 8);

-- --------------------------------------------------------

--
-- Table structure for table `vtiger_glacct_seq`
--

CREATE TABLE IF NOT EXISTS `vtiger_glacct_seq` (
  `id` int(11) NOT NULL
) ENGINE=InnoDB DEFAULT CHARSET=utf8 COLLATE=utf8_unicode_ci;

--
-- Dumping data for table `vtiger_glacct_seq`
--

INSERT INTO `vtiger_glacct_seq` (`id`) VALUES
(9);

-- --------------------------------------------------------

--
-- Table structure for table `vtiger_group2grouprel`
--

CREATE TABLE IF NOT EXISTS `vtiger_group2grouprel` (
  `groupid` int(19) NOT NULL,
  `containsgroupid` int(19) NOT NULL,
  PRIMARY KEY (`groupid`,`containsgroupid`),
  KEY `containsgroupid` (`containsgroupid`)
) ENGINE=InnoDB DEFAULT CHARSET=utf8 COLLATE=utf8_unicode_ci;

-- --------------------------------------------------------

--
-- Table structure for table `vtiger_group2role`
--

CREATE TABLE IF NOT EXISTS `vtiger_group2role` (
  `groupid` int(19) NOT NULL,
  `roleid` varchar(255) COLLATE utf8_unicode_ci NOT NULL,
  PRIMARY KEY (`groupid`,`roleid`),
  KEY `roleid` (`roleid`)
) ENGINE=InnoDB DEFAULT CHARSET=utf8 COLLATE=utf8_unicode_ci;

--
-- Dumping data for table `vtiger_group2role`
--

INSERT INTO `vtiger_group2role` (`groupid`, `roleid`) VALUES
(3, 'H2'),
(4, 'H3'),
(2, 'H4');

-- --------------------------------------------------------

--
-- Table structure for table `vtiger_group2rs`
--

CREATE TABLE IF NOT EXISTS `vtiger_group2rs` (
  `groupid` int(19) NOT NULL,
  `roleandsubid` varchar(255) COLLATE utf8_unicode_ci NOT NULL,
  PRIMARY KEY (`groupid`,`roleandsubid`),
  KEY `roleandsubid` (`roleandsubid`)
) ENGINE=InnoDB DEFAULT CHARSET=utf8 COLLATE=utf8_unicode_ci;

--
-- Dumping data for table `vtiger_group2rs`
--

INSERT INTO `vtiger_group2rs` (`groupid`, `roleandsubid`) VALUES
(3, 'H3'),
(4, 'H3'),
(2, 'H5');

-- --------------------------------------------------------

--
-- Table structure for table `vtiger_groups`
--

CREATE TABLE IF NOT EXISTS `vtiger_groups` (
  `groupid` int(19) NOT NULL,
  `groupname` varchar(100) COLLATE utf8_unicode_ci DEFAULT NULL,
  `description` text COLLATE utf8_unicode_ci,
  PRIMARY KEY (`groupid`),
  UNIQUE KEY `groups_groupname_idx` (`groupname`)
) ENGINE=InnoDB DEFAULT CHARSET=utf8 COLLATE=utf8_unicode_ci;

--
-- Dumping data for table `vtiger_groups`
--

INSERT INTO `vtiger_groups` (`groupid`, `groupname`, `description`) VALUES
(2, 'Team Selling', 'Group Related to Sales'),
(3, 'Marketing Group', 'Group Related to Marketing Activities'),
(4, 'Support Group', 'Group Related to providing Support to Customers');

-- --------------------------------------------------------

--
-- Table structure for table `vtiger_homedashbd`
--

CREATE TABLE IF NOT EXISTS `vtiger_homedashbd` (
  `stuffid` int(19) NOT NULL DEFAULT '0',
  `dashbdname` varchar(100) COLLATE utf8_unicode_ci DEFAULT NULL,
  `dashbdtype` varchar(100) COLLATE utf8_unicode_ci DEFAULT NULL,
  PRIMARY KEY (`stuffid`),
  KEY `stuff_stuffid_idx` (`stuffid`)
) ENGINE=InnoDB DEFAULT CHARSET=utf8 COLLATE=utf8_unicode_ci;

-- --------------------------------------------------------

--
-- Table structure for table `vtiger_homedefault`
--

CREATE TABLE IF NOT EXISTS `vtiger_homedefault` (
  `stuffid` int(19) NOT NULL DEFAULT '0',
  `hometype` varchar(30) COLLATE utf8_unicode_ci NOT NULL,
  `maxentries` int(19) DEFAULT NULL,
  `setype` varchar(30) COLLATE utf8_unicode_ci DEFAULT NULL,
  PRIMARY KEY (`stuffid`),
  KEY `stuff_stuffid_idx` (`stuffid`)
) ENGINE=InnoDB DEFAULT CHARSET=utf8 COLLATE=utf8_unicode_ci;

-- --------------------------------------------------------

--
-- Table structure for table `vtiger_homemodule`
--

CREATE TABLE IF NOT EXISTS `vtiger_homemodule` (
  `stuffid` int(19) NOT NULL,
  `modulename` varchar(100) COLLATE utf8_unicode_ci DEFAULT NULL,
  `maxentries` int(19) NOT NULL,
  `customviewid` int(19) NOT NULL,
  `setype` varchar(30) COLLATE utf8_unicode_ci NOT NULL,
  PRIMARY KEY (`stuffid`),
  KEY `stuff_stuffid_idx` (`stuffid`)
) ENGINE=InnoDB DEFAULT CHARSET=utf8 COLLATE=utf8_unicode_ci;

-- --------------------------------------------------------

--
-- Table structure for table `vtiger_homemoduleflds`
--

CREATE TABLE IF NOT EXISTS `vtiger_homemoduleflds` (
  `stuffid` int(19) DEFAULT NULL,
  `fieldname` varchar(100) COLLATE utf8_unicode_ci DEFAULT NULL,
  KEY `stuff_stuffid_idx` (`stuffid`)
) ENGINE=InnoDB DEFAULT CHARSET=utf8 COLLATE=utf8_unicode_ci;

-- --------------------------------------------------------

--
-- Table structure for table `vtiger_homereportchart`
--

CREATE TABLE IF NOT EXISTS `vtiger_homereportchart` (
  `stuffid` int(11) NOT NULL,
  `reportid` int(19) DEFAULT NULL,
  `reportcharttype` varchar(100) COLLATE utf8_unicode_ci DEFAULT NULL,
  PRIMARY KEY (`stuffid`)
) ENGINE=InnoDB DEFAULT CHARSET=utf8 COLLATE=utf8_unicode_ci;

-- --------------------------------------------------------

--
-- Table structure for table `vtiger_homerss`
--

CREATE TABLE IF NOT EXISTS `vtiger_homerss` (
  `stuffid` int(19) NOT NULL DEFAULT '0',
  `url` varchar(100) COLLATE utf8_unicode_ci DEFAULT NULL,
  `maxentries` int(19) NOT NULL,
  PRIMARY KEY (`stuffid`),
  KEY `stuff_stuffid_idx` (`stuffid`)
) ENGINE=InnoDB DEFAULT CHARSET=utf8 COLLATE=utf8_unicode_ci;

-- --------------------------------------------------------

--
-- Table structure for table `vtiger_homestuff`
--

CREATE TABLE IF NOT EXISTS `vtiger_homestuff` (
  `stuffid` int(19) NOT NULL DEFAULT '0',
  `stuffsequence` int(19) NOT NULL DEFAULT '0',
  `stufftype` varchar(100) COLLATE utf8_unicode_ci DEFAULT NULL,
  `userid` int(19) NOT NULL,
  `visible` int(10) NOT NULL DEFAULT '0',
  `stufftitle` varchar(100) COLLATE utf8_unicode_ci DEFAULT NULL,
  PRIMARY KEY (`stuffid`),
  KEY `userid` (`userid`),
  KEY `stuff_stuffid_idx` (`stuffid`)
) ENGINE=InnoDB DEFAULT CHARSET=utf8 COLLATE=utf8_unicode_ci;

-- --------------------------------------------------------

--
-- Table structure for table `vtiger_homestuff_seq`
--

CREATE TABLE IF NOT EXISTS `vtiger_homestuff_seq` (
  `id` int(11) NOT NULL
) ENGINE=InnoDB DEFAULT CHARSET=utf8 COLLATE=utf8_unicode_ci;

--
-- Dumping data for table `vtiger_homestuff_seq`
--

INSERT INTO `vtiger_homestuff_seq` (`id`) VALUES
(1);

-- --------------------------------------------------------

--
-- Table structure for table `vtiger_home_layout`
--

CREATE TABLE IF NOT EXISTS `vtiger_home_layout` (
  `userid` int(19) NOT NULL,
  `layout` int(19) NOT NULL DEFAULT '4',
  PRIMARY KEY (`userid`)
) ENGINE=InnoDB DEFAULT CHARSET=utf8 COLLATE=utf8_unicode_ci;

-- --------------------------------------------------------

--
-- Table structure for table `vtiger_hour_format`
--

CREATE TABLE IF NOT EXISTS `vtiger_hour_format` (
  `hour_formatid` int(11) NOT NULL AUTO_INCREMENT,
  `hour_format` varchar(200) NOT NULL,
  `sortorderid` int(11) DEFAULT NULL,
  `presence` int(11) NOT NULL DEFAULT '1',
  PRIMARY KEY (`hour_formatid`)
) ENGINE=InnoDB  DEFAULT CHARSET=utf8 COLLATE=utf8_unicode_ci AUTO_INCREMENT=3 ;

--
-- Dumping data for table `vtiger_hour_format`
--

INSERT INTO `vtiger_hour_format` (`hour_formatid`, `hour_format`, `sortorderid`, `presence`) VALUES
(1, '12', 1, 1),
(2, '24', 2, 1);

-- --------------------------------------------------------

--
-- Table structure for table `vtiger_hour_format_seq`
--

CREATE TABLE IF NOT EXISTS `vtiger_hour_format_seq` (
  `id` int(11) NOT NULL
) ENGINE=InnoDB DEFAULT CHARSET=utf8 COLLATE=utf8_unicode_ci;

--
-- Dumping data for table `vtiger_hour_format_seq`
--

INSERT INTO `vtiger_hour_format_seq` (`id`) VALUES
(2);

-- --------------------------------------------------------

--
-- Table structure for table `vtiger_import_maps`
--

CREATE TABLE IF NOT EXISTS `vtiger_import_maps` (
  `id` int(19) NOT NULL AUTO_INCREMENT,
  `name` varchar(36) COLLATE utf8_unicode_ci NOT NULL,
  `module` varchar(36) COLLATE utf8_unicode_ci NOT NULL,
  `content` longblob,
  `has_header` int(1) NOT NULL DEFAULT '1',
  `deleted` int(1) NOT NULL DEFAULT '0',
  `date_entered` timestamp NOT NULL DEFAULT CURRENT_TIMESTAMP ON UPDATE CURRENT_TIMESTAMP,
  `date_modified` datetime DEFAULT NULL,
  `assigned_user_id` varchar(36) COLLATE utf8_unicode_ci DEFAULT NULL,
  `is_published` varchar(3) COLLATE utf8_unicode_ci NOT NULL DEFAULT 'no',
  PRIMARY KEY (`id`),
  KEY `import_maps_assigned_user_id_module_name_deleted_idx` (`assigned_user_id`,`module`,`name`,`deleted`)
) ENGINE=InnoDB DEFAULT CHARSET=utf8 COLLATE=utf8_unicode_ci AUTO_INCREMENT=1 ;

-- --------------------------------------------------------

--
-- Table structure for table `vtiger_industry`
--

CREATE TABLE IF NOT EXISTS `vtiger_industry` (
  `industryid` int(19) NOT NULL AUTO_INCREMENT,
  `industry` varchar(200) COLLATE utf8_unicode_ci NOT NULL,
  `presence` int(1) NOT NULL DEFAULT '1',
  `picklist_valueid` int(19) NOT NULL DEFAULT '0',
  `sortorderid` int(11) DEFAULT NULL,
  PRIMARY KEY (`industryid`),
  UNIQUE KEY `industry_industry_idx` (`industry`)
) ENGINE=InnoDB  DEFAULT CHARSET=utf8 COLLATE=utf8_unicode_ci AUTO_INCREMENT=33 ;

--
-- Dumping data for table `vtiger_industry`
--

INSERT INTO `vtiger_industry` (`industryid`, `industry`, `presence`, `picklist_valueid`, `sortorderid`) VALUES
(2, 'Apparel', 1, 61, 1),
(3, 'Banking', 1, 62, 2),
(4, 'Biotechnology', 1, 63, 3),
(5, 'Chemicals', 1, 64, 4),
(6, 'Communications', 1, 65, 5),
(7, 'Construction', 1, 66, 6),
(8, 'Consulting', 1, 67, 7),
(9, 'Education', 1, 68, 8),
(10, 'Electronics', 1, 69, 9),
(11, 'Energy', 1, 70, 10),
(12, 'Engineering', 1, 71, 11),
(13, 'Entertainment', 1, 72, 12),
(14, 'Environmental', 1, 73, 13),
(15, 'Finance', 1, 74, 14),
(16, 'Food & Beverage', 1, 75, 15),
(17, 'Government', 1, 76, 16),
(18, 'Healthcare', 1, 77, 17),
(19, 'Hospitality', 1, 78, 18),
(20, 'Insurance', 1, 79, 19),
(21, 'Machinery', 1, 80, 20),
(22, 'Manufacturing', 1, 81, 21),
(23, 'Media', 1, 82, 22),
(24, 'Not For Profit', 1, 83, 23),
(25, 'Recreation', 1, 84, 24),
(26, 'Retail', 1, 85, 25),
(27, 'Shipping', 1, 86, 26),
(28, 'Technology', 1, 87, 27),
(29, 'Telecommunications', 1, 88, 28),
(30, 'Transportation', 1, 89, 29),
(31, 'Utilities', 1, 90, 30),
(32, 'Other', 1, 91, 31);

-- --------------------------------------------------------

--
-- Table structure for table `vtiger_industry_seq`
--

CREATE TABLE IF NOT EXISTS `vtiger_industry_seq` (
  `id` int(11) NOT NULL
) ENGINE=InnoDB DEFAULT CHARSET=utf8 COLLATE=utf8_unicode_ci;

--
-- Dumping data for table `vtiger_industry_seq`
--

INSERT INTO `vtiger_industry_seq` (`id`) VALUES
(32);

-- --------------------------------------------------------

--
-- Table structure for table `vtiger_inventorynotification`
--

CREATE TABLE IF NOT EXISTS `vtiger_inventorynotification` (
  `notificationid` int(19) NOT NULL AUTO_INCREMENT,
  `notificationname` varchar(200) COLLATE utf8_unicode_ci DEFAULT NULL,
  `notificationsubject` varchar(200) COLLATE utf8_unicode_ci DEFAULT NULL,
  `notificationbody` text COLLATE utf8_unicode_ci,
  `label` varchar(50) COLLATE utf8_unicode_ci DEFAULT NULL,
  `status` varchar(30) COLLATE utf8_unicode_ci DEFAULT NULL,
  PRIMARY KEY (`notificationid`)
) ENGINE=InnoDB  DEFAULT CHARSET=utf8 COLLATE=utf8_unicode_ci AUTO_INCREMENT=4 ;

--
-- Dumping data for table `vtiger_inventorynotification`
--

INSERT INTO `vtiger_inventorynotification` (`notificationid`, `notificationname`, `notificationsubject`, `notificationbody`, `label`, `status`) VALUES
(1, 'InvoiceNotification', '{PRODUCTNAME} Stock Level is Low', 'Dear {HANDLER},\n\nThe current stock of {PRODUCTNAME} in our warehouse is {CURRENTSTOCK}. Kindly procure required number of units as the stock level is below reorder level {REORDERLEVELVALUE}.\n\nPlease treat this information as urgent as the invoice is already sent to the customer.\n\nSeverity: Critical\n\nThanks,\n{CURRENTUSER} ', 'InvoiceNotificationDescription', NULL),
(2, 'QuoteNotification', 'Quote given for {PRODUCTNAME}', 'Dear {HANDLER},\n\nQuote is generated for {QUOTEQUANTITY} units of {PRODUCTNAME}. The current stock of {PRODUCTNAME} in our warehouse is {CURRENTSTOCK}.\n\nSeverity: Minor\n\nThanks,\n{CURRENTUSER} ', 'QuoteNotificationDescription', NULL),
(3, 'SalesOrderNotification', 'Sales Order generated for {PRODUCTNAME}', 'Dear {HANDLER},\n\nSalesOrder is generated for {SOQUANTITY} units of {PRODUCTNAME}. The current stock of {PRODUCTNAME} in our warehouse is {CURRENTSTOCK}.\n\nPlease treat this information with priority as the sales order is already generated.\n\nSeverity: Major\n\nThanks,\n{CURRENTUSER} ', 'SalesOrderNotificationDescription', NULL);

-- --------------------------------------------------------

--
-- Table structure for table `vtiger_inventorynotification_seq`
--

CREATE TABLE IF NOT EXISTS `vtiger_inventorynotification_seq` (
  `id` int(11) NOT NULL
) ENGINE=InnoDB DEFAULT CHARSET=utf8 COLLATE=utf8_unicode_ci;

--
-- Dumping data for table `vtiger_inventorynotification_seq`
--

INSERT INTO `vtiger_inventorynotification_seq` (`id`) VALUES
(3);

-- --------------------------------------------------------

--
-- Table structure for table `vtiger_inventoryproductrel`
--

CREATE TABLE IF NOT EXISTS `vtiger_inventoryproductrel` (
  `id` int(19) DEFAULT NULL,
  `productid` int(19) DEFAULT NULL,
  `sequence_no` int(4) DEFAULT NULL,
  `quantity` decimal(25,3) DEFAULT NULL,
  `listprice` decimal(27,8) DEFAULT NULL,
  `discount_percent` decimal(7,3) DEFAULT NULL,
  `discount_amount` decimal(27,8) DEFAULT NULL,
  `comment` text COLLATE utf8_unicode_ci,
  `description` text COLLATE utf8_unicode_ci,
  `incrementondel` int(11) NOT NULL DEFAULT '0',
  `lineitem_id` int(11) NOT NULL AUTO_INCREMENT,
  `tax1` decimal(7,3) DEFAULT NULL,
  `tax2` decimal(7,3) DEFAULT NULL,
  `tax3` decimal(7,3) DEFAULT NULL,
  PRIMARY KEY (`lineitem_id`),
  KEY `inventoryproductrel_id_idx` (`id`),
  KEY `inventoryproductrel_productid_idx` (`productid`)
) ENGINE=InnoDB DEFAULT CHARSET=utf8 COLLATE=utf8_unicode_ci AUTO_INCREMENT=1 ;

-- --------------------------------------------------------

--
-- Table structure for table `vtiger_inventoryproductrel_seq`
--

CREATE TABLE IF NOT EXISTS `vtiger_inventoryproductrel_seq` (
  `id` int(11) NOT NULL
) ENGINE=InnoDB DEFAULT CHARSET=utf8 COLLATE=utf8_unicode_ci;

--
-- Dumping data for table `vtiger_inventoryproductrel_seq`
--

INSERT INTO `vtiger_inventoryproductrel_seq` (`id`) VALUES
(0);

-- --------------------------------------------------------

--
-- Table structure for table `vtiger_inventoryshippingrel`
--

CREATE TABLE IF NOT EXISTS `vtiger_inventoryshippingrel` (
  `id` int(19) DEFAULT NULL,
  `shtax1` decimal(7,3) DEFAULT NULL,
  `shtax2` decimal(7,3) DEFAULT NULL,
  `shtax3` decimal(7,3) DEFAULT NULL,
  KEY `inventoryishippingrel_id_idx` (`id`)
) ENGINE=InnoDB DEFAULT CHARSET=utf8 COLLATE=utf8_unicode_ci;

-- --------------------------------------------------------

--
-- Table structure for table `vtiger_inventorysubproductrel`
--

CREATE TABLE IF NOT EXISTS `vtiger_inventorysubproductrel` (
  `id` int(19) NOT NULL,
  `sequence_no` int(10) NOT NULL,
  `productid` int(19) NOT NULL
) ENGINE=InnoDB DEFAULT CHARSET=utf8 COLLATE=utf8_unicode_ci;

-- --------------------------------------------------------

--
-- Table structure for table `vtiger_inventorytaxinfo`
--

CREATE TABLE IF NOT EXISTS `vtiger_inventorytaxinfo` (
  `taxid` int(3) NOT NULL,
  `taxname` varchar(50) COLLATE utf8_unicode_ci DEFAULT NULL,
  `taxlabel` varchar(50) COLLATE utf8_unicode_ci DEFAULT NULL,
  `percentage` decimal(7,3) DEFAULT NULL,
  `deleted` int(1) DEFAULT NULL,
  PRIMARY KEY (`taxid`),
  KEY `inventorytaxinfo_taxname_idx` (`taxname`)
) ENGINE=InnoDB DEFAULT CHARSET=utf8 COLLATE=utf8_unicode_ci;

--
-- Dumping data for table `vtiger_inventorytaxinfo`
--

INSERT INTO `vtiger_inventorytaxinfo` (`taxid`, `taxname`, `taxlabel`, `percentage`, `deleted`) VALUES
(1, 'tax1', 'VAT', 19.000, 0),
(2, 'tax2', 'Sales', 0.000, 0),
(3, 'tax3', 'Service', 0.000, 0);

-- --------------------------------------------------------

--
-- Table structure for table `vtiger_inventorytaxinfo_seq`
--

CREATE TABLE IF NOT EXISTS `vtiger_inventorytaxinfo_seq` (
  `id` int(11) NOT NULL
) ENGINE=InnoDB DEFAULT CHARSET=utf8 COLLATE=utf8_unicode_ci;

--
-- Dumping data for table `vtiger_inventorytaxinfo_seq`
--

INSERT INTO `vtiger_inventorytaxinfo_seq` (`id`) VALUES
(3);

-- --------------------------------------------------------

--
-- Table structure for table `vtiger_inventory_tandc`
--

CREATE TABLE IF NOT EXISTS `vtiger_inventory_tandc` (
  `id` int(19) NOT NULL,
  `type` varchar(30) COLLATE utf8_unicode_ci NOT NULL,
  `tandc` text COLLATE utf8_unicode_ci,
  PRIMARY KEY (`id`)
) ENGINE=InnoDB DEFAULT CHARSET=utf8 COLLATE=utf8_unicode_ci;

--
-- Dumping data for table `vtiger_inventory_tandc`
--

INSERT INTO `vtiger_inventory_tandc` (`id`, `type`, `tandc`) VALUES
(1, 'Inventory', '');

-- --------------------------------------------------------

--
-- Table structure for table `vtiger_inventory_tandc_seq`
--

CREATE TABLE IF NOT EXISTS `vtiger_inventory_tandc_seq` (
  `id` int(11) NOT NULL
) ENGINE=InnoDB DEFAULT CHARSET=utf8 COLLATE=utf8_unicode_ci;

--
-- Dumping data for table `vtiger_inventory_tandc_seq`
--

INSERT INTO `vtiger_inventory_tandc_seq` (`id`) VALUES
(1);

-- --------------------------------------------------------

--
-- Table structure for table `vtiger_invitees`
--

CREATE TABLE IF NOT EXISTS `vtiger_invitees` (
  `activityid` int(19) NOT NULL,
  `inviteeid` int(19) NOT NULL,
  PRIMARY KEY (`activityid`,`inviteeid`)
) ENGINE=InnoDB DEFAULT CHARSET=utf8 COLLATE=utf8_unicode_ci;

-- --------------------------------------------------------

--
-- Table structure for table `vtiger_invoice`
--

CREATE TABLE IF NOT EXISTS `vtiger_invoice` (
  `invoiceid` int(19) NOT NULL DEFAULT '0',
  `subject` varchar(100) COLLATE utf8_unicode_ci DEFAULT NULL,
  `salesorderid` int(19) DEFAULT NULL,
  `customerno` varchar(100) COLLATE utf8_unicode_ci DEFAULT NULL,
  `contactid` int(19) DEFAULT NULL,
  `notes` varchar(100) COLLATE utf8_unicode_ci DEFAULT NULL,
  `invoicedate` date DEFAULT NULL,
  `duedate` date DEFAULT NULL,
  `invoiceterms` varchar(100) COLLATE utf8_unicode_ci DEFAULT NULL,
  `type` varchar(100) COLLATE utf8_unicode_ci DEFAULT NULL,
  `adjustment` decimal(25,8) DEFAULT NULL,
  `salescommission` decimal(25,3) DEFAULT NULL,
  `exciseduty` decimal(25,3) DEFAULT NULL,
  `subtotal` decimal(25,8) DEFAULT NULL,
  `total` decimal(25,8) DEFAULT NULL,
  `taxtype` varchar(25) COLLATE utf8_unicode_ci DEFAULT NULL,
  `discount_percent` decimal(25,3) DEFAULT NULL,
  `discount_amount` decimal(25,8) DEFAULT NULL,
  `s_h_amount` decimal(25,8) DEFAULT NULL,
  `shipping` varchar(100) COLLATE utf8_unicode_ci DEFAULT NULL,
  `accountid` int(19) DEFAULT NULL,
  `terms_conditions` text COLLATE utf8_unicode_ci,
  `purchaseorder` varchar(200) COLLATE utf8_unicode_ci DEFAULT NULL,
  `invoicestatus` varchar(200) COLLATE utf8_unicode_ci DEFAULT NULL,
  `invoice_no` varchar(100) COLLATE utf8_unicode_ci DEFAULT NULL,
  `currency_id` int(19) NOT NULL DEFAULT '1',
  `conversion_rate` decimal(10,3) NOT NULL DEFAULT '1.000',
  `pre_tax_total` decimal(25,8) DEFAULT NULL,
  `received` decimal(25,8) DEFAULT NULL,
  `balance` decimal(25,8) DEFAULT NULL,
  `s_h_percent` int(11) DEFAULT NULL,
  PRIMARY KEY (`invoiceid`),
  KEY `invoice_purchaseorderid_idx` (`invoiceid`)
) ENGINE=InnoDB DEFAULT CHARSET=utf8 COLLATE=utf8_unicode_ci;

-- --------------------------------------------------------

--
-- Table structure for table `vtiger_invoicebillads`
--

CREATE TABLE IF NOT EXISTS `vtiger_invoicebillads` (
  `invoicebilladdressid` int(19) NOT NULL DEFAULT '0',
  `bill_city` varchar(30) COLLATE utf8_unicode_ci DEFAULT NULL,
  `bill_code` varchar(30) COLLATE utf8_unicode_ci DEFAULT NULL,
  `bill_country` varchar(30) COLLATE utf8_unicode_ci DEFAULT NULL,
  `bill_state` varchar(30) COLLATE utf8_unicode_ci DEFAULT NULL,
  `bill_street` varchar(250) COLLATE utf8_unicode_ci DEFAULT NULL,
  `bill_pobox` varchar(30) COLLATE utf8_unicode_ci DEFAULT NULL,
  PRIMARY KEY (`invoicebilladdressid`)
) ENGINE=InnoDB DEFAULT CHARSET=utf8 COLLATE=utf8_unicode_ci;

-- --------------------------------------------------------

--
-- Table structure for table `vtiger_invoicecf`
--

CREATE TABLE IF NOT EXISTS `vtiger_invoicecf` (
  `invoiceid` int(19) NOT NULL DEFAULT '0',
  PRIMARY KEY (`invoiceid`)
) ENGINE=InnoDB DEFAULT CHARSET=utf8 COLLATE=utf8_unicode_ci;

-- --------------------------------------------------------

--
-- Table structure for table `vtiger_invoiceshipads`
--

CREATE TABLE IF NOT EXISTS `vtiger_invoiceshipads` (
  `invoiceshipaddressid` int(19) NOT NULL DEFAULT '0',
  `ship_city` varchar(30) COLLATE utf8_unicode_ci DEFAULT NULL,
  `ship_code` varchar(30) COLLATE utf8_unicode_ci DEFAULT NULL,
  `ship_country` varchar(30) COLLATE utf8_unicode_ci DEFAULT NULL,
  `ship_state` varchar(30) COLLATE utf8_unicode_ci DEFAULT NULL,
  `ship_street` varchar(250) COLLATE utf8_unicode_ci DEFAULT NULL,
  `ship_pobox` varchar(30) COLLATE utf8_unicode_ci DEFAULT NULL,
  PRIMARY KEY (`invoiceshipaddressid`)
) ENGINE=InnoDB DEFAULT CHARSET=utf8 COLLATE=utf8_unicode_ci;

-- --------------------------------------------------------

--
-- Table structure for table `vtiger_invoicestatus`
--

CREATE TABLE IF NOT EXISTS `vtiger_invoicestatus` (
  `invoicestatusid` int(19) NOT NULL AUTO_INCREMENT,
  `invoicestatus` varchar(200) COLLATE utf8_unicode_ci NOT NULL,
  `presence` int(1) NOT NULL DEFAULT '1',
  `picklist_valueid` int(19) NOT NULL DEFAULT '0',
  `sortorderid` int(11) DEFAULT NULL,
  PRIMARY KEY (`invoicestatusid`),
  UNIQUE KEY `invoicestatus_invoiestatus_idx` (`invoicestatus`)
) ENGINE=InnoDB  DEFAULT CHARSET=utf8 COLLATE=utf8_unicode_ci AUTO_INCREMENT=14 ;

--
-- Dumping data for table `vtiger_invoicestatus`
--

INSERT INTO `vtiger_invoicestatus` (`invoicestatusid`, `invoicestatus`, `presence`, `picklist_valueid`, `sortorderid`) VALUES
(1, 'AutoCreated', 0, 92, 0),
(2, 'Created', 0, 93, 1),
(3, 'Approved', 0, 94, 2),
(4, 'Sent', 0, 95, 3),
(5, 'Credit Invoice', 0, 96, 4),
(6, 'Paid', 0, 97, 5),
(7, 'Cancel', 1, 210, 1),
(9, 'Open', 1, 212, 2),
(10, 'In Progress', 1, 213, 3),
(11, 'Completed', 1, 214, 4),
(12, 'Deferred', 1, 215, 5),
(13, 'Cancelled', 1, 216, 6);

-- --------------------------------------------------------

--
-- Table structure for table `vtiger_invoicestatushistory`
--

CREATE TABLE IF NOT EXISTS `vtiger_invoicestatushistory` (
  `historyid` int(19) NOT NULL AUTO_INCREMENT,
  `invoiceid` int(19) NOT NULL,
  `accountname` varchar(100) COLLATE utf8_unicode_ci DEFAULT NULL,
  `total` decimal(10,0) DEFAULT NULL,
  `invoicestatus` varchar(200) COLLATE utf8_unicode_ci DEFAULT NULL,
  `lastmodified` datetime DEFAULT NULL,
  PRIMARY KEY (`historyid`),
  KEY `invoicestatushistory_invoiceid_idx` (`invoiceid`)
) ENGINE=InnoDB DEFAULT CHARSET=utf8 COLLATE=utf8_unicode_ci AUTO_INCREMENT=1 ;

-- --------------------------------------------------------

--
-- Table structure for table `vtiger_invoicestatus_seq`
--

CREATE TABLE IF NOT EXISTS `vtiger_invoicestatus_seq` (
  `id` int(11) NOT NULL
) ENGINE=InnoDB DEFAULT CHARSET=utf8 COLLATE=utf8_unicode_ci;

--
-- Dumping data for table `vtiger_invoicestatus_seq`
--

INSERT INTO `vtiger_invoicestatus_seq` (`id`) VALUES
(13);

-- --------------------------------------------------------

--
-- Table structure for table `vtiger_invoice_recurring_info`
--

CREATE TABLE IF NOT EXISTS `vtiger_invoice_recurring_info` (
  `salesorderid` int(11) NOT NULL DEFAULT '0',
  `recurring_frequency` varchar(200) COLLATE utf8_unicode_ci DEFAULT NULL,
  `start_period` date DEFAULT NULL,
  `end_period` date DEFAULT NULL,
  `last_recurring_date` date DEFAULT NULL,
  `payment_duration` varchar(200) COLLATE utf8_unicode_ci DEFAULT NULL,
  `invoice_status` varchar(200) COLLATE utf8_unicode_ci DEFAULT NULL,
  PRIMARY KEY (`salesorderid`)
) ENGINE=InnoDB DEFAULT CHARSET=utf8 COLLATE=utf8_unicode_ci;

-- --------------------------------------------------------

--
-- Table structure for table `vtiger_language`
--

CREATE TABLE IF NOT EXISTS `vtiger_language` (
  `id` int(11) NOT NULL AUTO_INCREMENT,
  `name` varchar(50) COLLATE utf8_unicode_ci DEFAULT NULL,
  `prefix` varchar(10) COLLATE utf8_unicode_ci DEFAULT NULL,
  `label` varchar(30) COLLATE utf8_unicode_ci DEFAULT NULL,
  `lastupdated` datetime DEFAULT NULL,
  `sequence` int(11) DEFAULT NULL,
  `isdefault` int(1) DEFAULT NULL,
  `active` int(1) DEFAULT NULL,
  PRIMARY KEY (`id`)
) ENGINE=InnoDB  DEFAULT CHARSET=utf8 COLLATE=utf8_unicode_ci AUTO_INCREMENT=2 ;

--
-- Dumping data for table `vtiger_language`
--

INSERT INTO `vtiger_language` (`id`, `name`, `prefix`, `label`, `lastupdated`, `sequence`, `isdefault`, `active`) VALUES
(1, 'English', 'en_us', 'US English', '2018-03-22 09:09:40', NULL, 1, 1);

-- --------------------------------------------------------

--
-- Table structure for table `vtiger_language_seq`
--

CREATE TABLE IF NOT EXISTS `vtiger_language_seq` (
  `id` int(11) NOT NULL
) ENGINE=InnoDB DEFAULT CHARSET=utf8 COLLATE=utf8_unicode_ci;

--
-- Dumping data for table `vtiger_language_seq`
--

INSERT INTO `vtiger_language_seq` (`id`) VALUES
(1);

-- --------------------------------------------------------

--
-- Table structure for table `vtiger_leadaddress`
--

CREATE TABLE IF NOT EXISTS `vtiger_leadaddress` (
  `leadaddressid` int(19) NOT NULL DEFAULT '0',
  `city` varchar(30) COLLATE utf8_unicode_ci DEFAULT NULL,
  `code` varchar(30) COLLATE utf8_unicode_ci DEFAULT NULL,
  `state` varchar(30) COLLATE utf8_unicode_ci DEFAULT NULL,
  `pobox` varchar(30) COLLATE utf8_unicode_ci DEFAULT NULL,
  `country` varchar(30) COLLATE utf8_unicode_ci DEFAULT NULL,
  `phone` varchar(50) COLLATE utf8_unicode_ci DEFAULT NULL,
  `mobile` varchar(50) COLLATE utf8_unicode_ci DEFAULT NULL,
  `fax` varchar(50) COLLATE utf8_unicode_ci DEFAULT NULL,
  `lane` varchar(250) COLLATE utf8_unicode_ci DEFAULT NULL,
  `leadaddresstype` varchar(30) COLLATE utf8_unicode_ci DEFAULT 'Billing',
  PRIMARY KEY (`leadaddressid`)
) ENGINE=InnoDB DEFAULT CHARSET=utf8 COLLATE=utf8_unicode_ci;

-- --------------------------------------------------------

--
-- Table structure for table `vtiger_leaddetails`
--

CREATE TABLE IF NOT EXISTS `vtiger_leaddetails` (
  `leadid` int(19) NOT NULL,
  `lead_no` varchar(100) COLLATE utf8_unicode_ci NOT NULL,
  `email` varchar(100) COLLATE utf8_unicode_ci DEFAULT NULL,
  `interest` varchar(50) COLLATE utf8_unicode_ci DEFAULT NULL,
  `firstname` varchar(40) COLLATE utf8_unicode_ci DEFAULT NULL,
  `salutation` varchar(200) COLLATE utf8_unicode_ci DEFAULT NULL,
  `lastname` varchar(80) COLLATE utf8_unicode_ci NOT NULL,
  `company` varchar(100) COLLATE utf8_unicode_ci NOT NULL,
  `annualrevenue` decimal(25,8) DEFAULT NULL,
  `industry` varchar(200) COLLATE utf8_unicode_ci DEFAULT NULL,
  `campaign` varchar(30) COLLATE utf8_unicode_ci DEFAULT NULL,
  `rating` varchar(200) COLLATE utf8_unicode_ci DEFAULT NULL,
  `leadstatus` varchar(50) COLLATE utf8_unicode_ci DEFAULT NULL,
  `leadsource` varchar(200) COLLATE utf8_unicode_ci DEFAULT NULL,
  `converted` int(1) DEFAULT '0',
  `designation` varchar(50) COLLATE utf8_unicode_ci DEFAULT 'SalesMan',
  `licencekeystatus` varchar(50) COLLATE utf8_unicode_ci DEFAULT NULL,
  `space` varchar(250) COLLATE utf8_unicode_ci DEFAULT NULL,
  `comments` text COLLATE utf8_unicode_ci,
  `priority` varchar(50) COLLATE utf8_unicode_ci DEFAULT NULL,
  `demorequest` varchar(50) COLLATE utf8_unicode_ci DEFAULT NULL,
  `partnercontact` varchar(50) COLLATE utf8_unicode_ci DEFAULT NULL,
  `productversion` varchar(20) COLLATE utf8_unicode_ci DEFAULT NULL,
  `product` varchar(50) COLLATE utf8_unicode_ci DEFAULT NULL,
  `maildate` date DEFAULT NULL,
  `nextstepdate` date DEFAULT NULL,
  `fundingsituation` varchar(50) COLLATE utf8_unicode_ci DEFAULT NULL,
  `purpose` varchar(50) COLLATE utf8_unicode_ci DEFAULT NULL,
  `evaluationstatus` varchar(50) COLLATE utf8_unicode_ci DEFAULT NULL,
  `transferdate` date DEFAULT NULL,
  `revenuetype` varchar(50) COLLATE utf8_unicode_ci DEFAULT NULL,
  `noofemployees` int(50) DEFAULT NULL,
  `secondaryemail` varchar(100) COLLATE utf8_unicode_ci DEFAULT NULL,
  `assignleadchk` int(1) DEFAULT '0',
  `emailoptout` varchar(3) COLLATE utf8_unicode_ci DEFAULT NULL,
  PRIMARY KEY (`leadid`),
  KEY `leaddetails_converted_leadstatus_idx` (`converted`,`leadstatus`),
  KEY `email_idx` (`email`)
) ENGINE=InnoDB DEFAULT CHARSET=utf8 COLLATE=utf8_unicode_ci;

-- --------------------------------------------------------

--
-- Table structure for table `vtiger_leadscf`
--

CREATE TABLE IF NOT EXISTS `vtiger_leadscf` (
  `leadid` int(19) NOT NULL DEFAULT '0',
  PRIMARY KEY (`leadid`)
) ENGINE=InnoDB DEFAULT CHARSET=utf8 COLLATE=utf8_unicode_ci;

-- --------------------------------------------------------

--
-- Table structure for table `vtiger_leadsource`
--

CREATE TABLE IF NOT EXISTS `vtiger_leadsource` (
  `leadsourceid` int(19) NOT NULL AUTO_INCREMENT,
  `leadsource` varchar(200) COLLATE utf8_unicode_ci NOT NULL,
  `presence` int(1) NOT NULL DEFAULT '1',
  `picklist_valueid` int(19) NOT NULL DEFAULT '0',
  `sortorderid` int(11) DEFAULT NULL,
  PRIMARY KEY (`leadsourceid`)
) ENGINE=InnoDB  DEFAULT CHARSET=utf8 COLLATE=utf8_unicode_ci AUTO_INCREMENT=14 ;

--
-- Dumping data for table `vtiger_leadsource`
--

INSERT INTO `vtiger_leadsource` (`leadsourceid`, `leadsource`, `presence`, `picklist_valueid`, `sortorderid`) VALUES
(2, 'Cold Call', 1, 99, 1),
(3, 'Existing Customer', 1, 100, 2),
(4, 'Self Generated', 1, 101, 3),
(5, 'Employee', 1, 102, 4),
(6, 'Partner', 1, 103, 5),
(7, 'Public Relations', 1, 104, 6),
(8, 'Direct Mail', 1, 105, 7),
(9, 'Conference', 1, 106, 8),
(10, 'Trade Show', 1, 107, 9),
(11, 'Web Site', 1, 108, 10),
(12, 'Word of mouth', 1, 109, 11),
(13, 'Other', 1, 110, 12);

-- --------------------------------------------------------

--
-- Table structure for table `vtiger_leadsource_seq`
--

CREATE TABLE IF NOT EXISTS `vtiger_leadsource_seq` (
  `id` int(11) NOT NULL
) ENGINE=InnoDB DEFAULT CHARSET=utf8 COLLATE=utf8_unicode_ci;

--
-- Dumping data for table `vtiger_leadsource_seq`
--

INSERT INTO `vtiger_leadsource_seq` (`id`) VALUES
(13);

-- --------------------------------------------------------

--
-- Table structure for table `vtiger_leadstage`
--

CREATE TABLE IF NOT EXISTS `vtiger_leadstage` (
  `leadstageid` int(19) NOT NULL AUTO_INCREMENT,
  `stage` varchar(200) COLLATE utf8_unicode_ci NOT NULL,
  `sortorderid` int(19) NOT NULL DEFAULT '0',
  `presence` int(1) NOT NULL DEFAULT '1',
  PRIMARY KEY (`leadstageid`),
  UNIQUE KEY `leadstage_stage_idx` (`stage`)
) ENGINE=InnoDB DEFAULT CHARSET=utf8 COLLATE=utf8_unicode_ci AUTO_INCREMENT=1 ;

-- --------------------------------------------------------

--
-- Table structure for table `vtiger_leadstatus`
--

CREATE TABLE IF NOT EXISTS `vtiger_leadstatus` (
  `leadstatusid` int(19) NOT NULL AUTO_INCREMENT,
  `leadstatus` varchar(200) COLLATE utf8_unicode_ci NOT NULL,
  `presence` int(1) NOT NULL DEFAULT '1',
  `picklist_valueid` int(19) NOT NULL DEFAULT '0',
  `sortorderid` int(11) DEFAULT NULL,
  PRIMARY KEY (`leadstatusid`)
) ENGINE=InnoDB  DEFAULT CHARSET=utf8 COLLATE=utf8_unicode_ci AUTO_INCREMENT=13 ;

--
-- Dumping data for table `vtiger_leadstatus`
--

INSERT INTO `vtiger_leadstatus` (`leadstatusid`, `leadstatus`, `presence`, `picklist_valueid`, `sortorderid`) VALUES
(2, 'Attempted to Contact', 1, 112, 1),
(3, 'Cold', 1, 113, 2),
(4, 'Contact in Future', 1, 114, 3),
(5, 'Contacted', 1, 115, 4),
(6, 'Hot', 1, 116, 5),
(7, 'Junk Lead', 1, 117, 6),
(8, 'Lost Lead', 1, 118, 7),
(9, 'Not Contacted', 1, 119, 8),
(10, 'Pre Qualified', 1, 120, 9),
(11, 'Qualified', 1, 121, 10),
(12, 'Warm', 1, 122, 11);

-- --------------------------------------------------------

--
-- Table structure for table `vtiger_leadstatus_seq`
--

CREATE TABLE IF NOT EXISTS `vtiger_leadstatus_seq` (
  `id` int(11) NOT NULL
) ENGINE=InnoDB DEFAULT CHARSET=utf8 COLLATE=utf8_unicode_ci;

--
-- Dumping data for table `vtiger_leadstatus_seq`
--

INSERT INTO `vtiger_leadstatus_seq` (`id`) VALUES
(12);

-- --------------------------------------------------------

--
-- Table structure for table `vtiger_leadsubdetails`
--

CREATE TABLE IF NOT EXISTS `vtiger_leadsubdetails` (
  `leadsubscriptionid` int(19) NOT NULL DEFAULT '0',
  `website` varchar(255) COLLATE utf8_unicode_ci DEFAULT NULL,
  `callornot` int(1) DEFAULT '0',
  `readornot` int(1) DEFAULT '0',
  `empct` int(10) DEFAULT '0',
  PRIMARY KEY (`leadsubscriptionid`)
) ENGINE=InnoDB DEFAULT CHARSET=utf8 COLLATE=utf8_unicode_ci;

-- --------------------------------------------------------

--
-- Table structure for table `vtiger_lead_view`
--

CREATE TABLE IF NOT EXISTS `vtiger_lead_view` (
  `lead_viewid` int(19) NOT NULL AUTO_INCREMENT,
  `lead_view` varchar(200) COLLATE utf8_unicode_ci NOT NULL,
  `sortorderid` int(19) NOT NULL DEFAULT '0',
  `presence` int(1) NOT NULL DEFAULT '1',
  PRIMARY KEY (`lead_viewid`)
) ENGINE=InnoDB  DEFAULT CHARSET=utf8 COLLATE=utf8_unicode_ci AUTO_INCREMENT=4 ;

--
-- Dumping data for table `vtiger_lead_view`
--

INSERT INTO `vtiger_lead_view` (`lead_viewid`, `lead_view`, `sortorderid`, `presence`) VALUES
(1, 'Today', 0, 1),
(2, 'Last 2 Days', 1, 1),
(3, 'Last Week', 2, 1);

-- --------------------------------------------------------

--
-- Table structure for table `vtiger_lead_view_seq`
--

CREATE TABLE IF NOT EXISTS `vtiger_lead_view_seq` (
  `id` int(11) NOT NULL
) ENGINE=InnoDB DEFAULT CHARSET=utf8 COLLATE=utf8_unicode_ci;

--
-- Dumping data for table `vtiger_lead_view_seq`
--

INSERT INTO `vtiger_lead_view_seq` (`id`) VALUES
(3);

-- --------------------------------------------------------

--
-- Table structure for table `vtiger_links`
--

CREATE TABLE IF NOT EXISTS `vtiger_links` (
  `linkid` int(11) NOT NULL,
  `tabid` int(11) DEFAULT NULL,
  `linktype` varchar(50) COLLATE utf8_unicode_ci DEFAULT NULL,
  `linklabel` varchar(50) COLLATE utf8_unicode_ci DEFAULT NULL,
  `linkurl` varchar(255) COLLATE utf8_unicode_ci DEFAULT NULL,
  `linkicon` varchar(100) COLLATE utf8_unicode_ci DEFAULT NULL,
  `sequence` int(11) DEFAULT NULL,
  `handler_path` varchar(128) COLLATE utf8_unicode_ci DEFAULT NULL,
  `handler_class` varchar(50) COLLATE utf8_unicode_ci DEFAULT NULL,
  `handler` varchar(50) COLLATE utf8_unicode_ci DEFAULT NULL,
  PRIMARY KEY (`linkid`),
  KEY `link_tabidtype_idx` (`tabid`,`linktype`)
) ENGINE=InnoDB DEFAULT CHARSET=utf8 COLLATE=utf8_unicode_ci;

--
-- Dumping data for table `vtiger_links`
--

INSERT INTO `vtiger_links` (`linkid`, `tabid`, `linktype`, `linklabel`, `linkurl`, `linkicon`, `sequence`, `handler_path`, `handler_class`, `handler`) VALUES
(1, 6, 'DETAILVIEWBASIC', 'LBL_ADD_NOTE', 'index.php?module=Documents&action=EditView&return_module=$MODULE$&return_action=DetailView&return_id=$RECORD$&parent_id=$RECORD$', 'themes/images/bookMark.gif', 0, 'modules/Documents/Documents.php', 'Documents', 'isLinkPermitted'),
(2, 6, 'DETAILVIEWBASIC', 'LBL_SHOW_ACCOUNT_HIERARCHY', 'index.php?module=Accounts&action=AccountHierarchy&accountid=$RECORD$', '', 0, NULL, NULL, NULL),
(3, 7, 'DETAILVIEWBASIC', 'LBL_ADD_NOTE', 'index.php?module=Documents&action=EditView&return_module=$MODULE$&return_action=DetailView&return_id=$RECORD$&parent_id=$RECORD$', 'themes/images/bookMark.gif', 0, 'modules/Documents/Documents.php', 'Documents', 'isLinkPermitted'),
(4, 7, 'DETAILVIEWBASIC', 'Export vCard', 'index.php?module=Leads&action=getvCard&src_module=Leads&src_record=$RECORD$', '', 0, NULL, NULL, NULL),
(5, 4, 'DETAILVIEWBASIC', 'LBL_ADD_NOTE', 'index.php?module=Documents&action=EditView&return_module=$MODULE$&return_action=DetailView&return_id=$RECORD$&parent_id=$RECORD$', 'themes/images/bookMark.gif', 0, 'modules/Documents/Documents.php', 'Documents', 'isLinkPermitted'),
(6, 4, 'DETAILVIEWBASIC', 'Export vCard', 'index.php?module=Contacts&action=getvCard&src_module=Contacts&src_record=$RECORD$', '', 0, NULL, NULL, NULL),
(7, 2, 'DASHBOARDWIDGET', 'History', 'index.php?module=Potentials&view=ShowWidget&name=History', '', 1, NULL, NULL, NULL),
(8, 2, 'DASHBOARDWIDGET', 'Upcoming Activities', 'index.php?module=Potentials&view=ShowWidget&name=CalendarActivities', '', 2, NULL, NULL, NULL),
(9, 2, 'DASHBOARDWIDGET', 'Funnel', 'index.php?module=Potentials&view=ShowWidget&name=GroupedBySalesStage', '', 3, NULL, NULL, NULL),
(10, 2, 'DASHBOARDWIDGET', 'Potentials by Stage', 'index.php?module=Potentials&view=ShowWidget&name=GroupedBySalesPerson', '', 4, NULL, NULL, NULL),
(11, 2, 'DASHBOARDWIDGET', 'Pipelined Amount', 'index.php?module=Potentials&view=ShowWidget&name=PipelinedAmountPerSalesPerson', '', 5, NULL, NULL, NULL),
(12, 2, 'DASHBOARDWIDGET', 'Total Revenue', 'index.php?module=Potentials&view=ShowWidget&name=TotalRevenuePerSalesPerson', '', 6, NULL, NULL, NULL),
(13, 2, 'DASHBOARDWIDGET', 'Top Potentials', 'index.php?module=Potentials&view=ShowWidget&name=TopPotentials', '', 7, NULL, NULL, NULL),
(14, 2, 'DASHBOARDWIDGET', 'Overdue Activities', 'index.php?module=Potentials&view=ShowWidget&name=OverdueActivities', '', 9, NULL, NULL, NULL),
(15, 6, 'DASHBOARDWIDGET', 'History', 'index.php?module=Accounts&view=ShowWidget&name=History', '', 1, NULL, NULL, NULL),
(16, 6, 'DASHBOARDWIDGET', 'Upcoming Activities', 'index.php?module=Accounts&view=ShowWidget&name=CalendarActivities', '', 2, NULL, NULL, NULL),
(17, 6, 'DASHBOARDWIDGET', 'Overdue Activities', 'index.php?module=Accounts&view=ShowWidget&name=OverdueActivities', '', 3, NULL, NULL, NULL),
(18, 4, 'DASHBOARDWIDGET', 'History', 'index.php?module=Contacts&view=ShowWidget&name=History', '', 1, NULL, NULL, NULL),
(19, 4, 'DASHBOARDWIDGET', 'Upcoming Activities', 'index.php?module=Contacts&view=ShowWidget&name=CalendarActivities', '', 2, NULL, NULL, NULL),
(20, 4, 'DASHBOARDWIDGET', 'Overdue Activities', 'index.php?module=Contacts&view=ShowWidget&name=OverdueActivities', '', 3, NULL, NULL, NULL),
(21, 7, 'DASHBOARDWIDGET', 'History', 'index.php?module=Leads&view=ShowWidget&name=History', '', 1, NULL, NULL, NULL),
(22, 7, 'DASHBOARDWIDGET', 'Upcoming Activities', 'index.php?module=Leads&view=ShowWidget&name=CalendarActivities', '', 2, NULL, NULL, NULL),
(23, 7, 'DASHBOARDWIDGET', 'Leads by Status', 'index.php?module=Leads&view=ShowWidget&name=LeadsByStatus', '', 4, NULL, NULL, NULL),
(24, 7, 'DASHBOARDWIDGET', 'Leads by Source', 'index.php?module=Leads&view=ShowWidget&name=LeadsBySource', '', 5, NULL, NULL, NULL),
(25, 7, 'DASHBOARDWIDGET', 'Leads by Industry', 'index.php?module=Leads&view=ShowWidget&name=LeadsByIndustry', '', 6, NULL, NULL, NULL),
(26, 7, 'DASHBOARDWIDGET', 'Overdue Activities', 'index.php?module=Leads&view=ShowWidget&name=OverdueActivities', '', 7, NULL, NULL, NULL),
(27, 13, 'DASHBOARDWIDGET', 'Tickets by Status', 'index.php?module=HelpDesk&view=ShowWidget&name=TicketsByStatus', '', 1, NULL, NULL, NULL),
(28, 13, 'DASHBOARDWIDGET', 'Open Tickets', 'index.php?module=HelpDesk&view=ShowWidget&name=OpenTickets', '', 2, NULL, NULL, NULL),
(29, 3, 'DASHBOARDWIDGET', 'History', 'index.php?module=Home&view=ShowWidget&name=History', '', 1, NULL, NULL, NULL),
(30, 3, 'DASHBOARDWIDGET', 'Upcoming Activities', 'index.php?module=Home&view=ShowWidget&name=CalendarActivities', '', 2, NULL, NULL, NULL),
(31, 3, 'DASHBOARDWIDGET', 'Funnel', 'index.php?module=Potentials&view=ShowWidget&name=GroupedBySalesStage', '', 3, NULL, NULL, NULL),
(32, 3, 'DASHBOARDWIDGET', 'Potentials by Stage', 'index.php?module=Potentials&view=ShowWidget&name=GroupedBySalesPerson', '', 4, NULL, NULL, NULL),
(33, 3, 'DASHBOARDWIDGET', 'Pipelined Amount', 'index.php?module=Potentials&view=ShowWidget&name=PipelinedAmountPerSalesPerson', '', 5, NULL, NULL, NULL),
(34, 3, 'DASHBOARDWIDGET', 'Total Revenue', 'index.php?module=Potentials&view=ShowWidget&name=TotalRevenuePerSalesPerson', '', 6, NULL, NULL, NULL),
(35, 3, 'DASHBOARDWIDGET', 'Top Potentials', 'index.php?module=Potentials&view=ShowWidget&name=TopPotentials', '', 7, NULL, NULL, NULL),
(36, 3, 'DASHBOARDWIDGET', 'Leads by Status', 'index.php?module=Leads&view=ShowWidget&name=LeadsByStatus', '', 10, NULL, NULL, NULL),
(37, 3, 'DASHBOARDWIDGET', 'Leads by Source', 'index.php?module=Leads&view=ShowWidget&name=LeadsBySource', '', 11, NULL, NULL, NULL),
(38, 3, 'DASHBOARDWIDGET', 'Leads by Industry', 'index.php?module=Leads&view=ShowWidget&name=LeadsByIndustry', '', 12, NULL, NULL, NULL),
(39, 3, 'DASHBOARDWIDGET', 'Overdue Activities', 'index.php?module=Home&view=ShowWidget&name=OverdueActivities', '', 13, NULL, NULL, NULL),
(40, 3, 'DASHBOARDWIDGET', 'Tickets by Status', 'index.php?module=HelpDesk&view=ShowWidget&name=TicketsByStatus', '', 13, NULL, NULL, NULL),
(41, 3, 'DASHBOARDWIDGET', 'Open Tickets', 'index.php?module=HelpDesk&view=ShowWidget&name=OpenTickets', '', 14, NULL, NULL, NULL),
(61, 3, 'DASHBOARDWIDGET', 'Key Metrics', 'index.php?module=Home&view=ShowWidget&name=KeyMetrics', '', 0, NULL, NULL, NULL),
(62, 3, 'DASHBOARDWIDGET', 'Mini List', 'index.php?module=Home&view=ShowWidget&name=MiniList', '', 0, NULL, NULL, NULL),
(63, 3, 'DASHBOARDWIDGET', 'Tag Cloud', 'index.php?module=Home&view=ShowWidget&name=TagCloud', '', 0, NULL, NULL, NULL),
(64, 2, 'DASHBOARDWIDGET', 'Funnel Amount', 'index.php?module=Potentials&view=ShowWidget&name=FunnelAmount', '', 10, NULL, NULL, NULL),
(65, 3, 'DASHBOARDWIDGET', 'Funnel Amount', 'index.php?module=Potentials&view=ShowWidget&name=FunnelAmount', '', 10, NULL, NULL, NULL),
(66, 3, 'DASHBOARDWIDGET', 'Notebook', 'index.php?module=Home&view=ShowWidget&name=Notebook', '', 0, NULL, NULL, NULL),
(67, 6, 'DETAILVIEWSIDEBARWIDGET', 'Google Map', 'module=Google&view=Map&mode=showMap&viewtype=detail', '', 0, NULL, NULL, NULL);

-- --------------------------------------------------------

--
-- Table structure for table `vtiger_links_seq`
--

CREATE TABLE IF NOT EXISTS `vtiger_links_seq` (
  `id` int(11) NOT NULL
) ENGINE=InnoDB DEFAULT CHARSET=utf8 COLLATE=utf8_unicode_ci;

--
-- Dumping data for table `vtiger_links_seq`
--

INSERT INTO `vtiger_links_seq` (`id`) VALUES
(67);

-- --------------------------------------------------------

--
-- Table structure for table `vtiger_loginhistory`
--

CREATE TABLE IF NOT EXISTS `vtiger_loginhistory` (
  `login_id` int(11) NOT NULL AUTO_INCREMENT,
  `user_name` varchar(255) COLLATE utf8_unicode_ci DEFAULT NULL,
  `user_ip` varchar(25) COLLATE utf8_unicode_ci NOT NULL,
  `logout_time` timestamp NOT NULL DEFAULT CURRENT_TIMESTAMP ON UPDATE CURRENT_TIMESTAMP,
  `login_time` timestamp NOT NULL DEFAULT '0000-00-00 00:00:00',
  `status` varchar(25) COLLATE utf8_unicode_ci DEFAULT NULL,
  PRIMARY KEY (`login_id`)
) ENGINE=InnoDB  DEFAULT CHARSET=utf8 COLLATE=utf8_unicode_ci AUTO_INCREMENT=3 ;

--
-- Dumping data for table `vtiger_loginhistory`
--

INSERT INTO `vtiger_loginhistory` (`login_id`, `user_name`, `user_ip`, `logout_time`, `login_time`, `status`) VALUES
(1, 'admin', '212.42.250.28', '0000-00-00 00:00:00', '2018-03-22 08:09:43', 'Signed in'),
(2, 'admin', '212.42.250.28', '0000-00-00 00:00:00', '2018-03-26 06:33:19', 'Signed in');

-- --------------------------------------------------------

--
-- Table structure for table `vtiger_mailer_queue`
--

CREATE TABLE IF NOT EXISTS `vtiger_mailer_queue` (
  `id` int(11) NOT NULL,
  `fromname` varchar(100) DEFAULT NULL,
  `fromemail` varchar(100) DEFAULT NULL,
  `mailer` varchar(10) DEFAULT NULL,
  `content_type` varchar(15) DEFAULT NULL,
  `subject` varchar(999) DEFAULT NULL,
  `body` text,
  `relcrmid` int(11) DEFAULT NULL,
  `failed` int(1) NOT NULL DEFAULT '0',
  `failreason` varchar(255) DEFAULT NULL,
  PRIMARY KEY (`id`)
) ENGINE=InnoDB DEFAULT CHARSET=utf8 COLLATE=utf8_unicode_ci;

-- --------------------------------------------------------

--
-- Table structure for table `vtiger_mailer_queueattachments`
--

CREATE TABLE IF NOT EXISTS `vtiger_mailer_queueattachments` (
  `id` int(11) DEFAULT NULL,
  `path` text,
  `name` varchar(100) DEFAULT NULL,
  `encoding` varchar(50) DEFAULT NULL,
  `type` varchar(100) DEFAULT NULL
) ENGINE=InnoDB DEFAULT CHARSET=utf8 COLLATE=utf8_unicode_ci;

-- --------------------------------------------------------

--
-- Table structure for table `vtiger_mailer_queueinfo`
--

CREATE TABLE IF NOT EXISTS `vtiger_mailer_queueinfo` (
  `id` int(11) DEFAULT NULL,
  `name` varchar(100) DEFAULT NULL,
  `email` varchar(100) DEFAULT NULL,
  `type` varchar(7) DEFAULT NULL
) ENGINE=InnoDB DEFAULT CHARSET=utf8 COLLATE=utf8_unicode_ci;

-- --------------------------------------------------------

--
-- Table structure for table `vtiger_mailscanner`
--

CREATE TABLE IF NOT EXISTS `vtiger_mailscanner` (
  `scannerid` int(11) NOT NULL AUTO_INCREMENT,
  `scannername` varchar(30) COLLATE utf8_unicode_ci DEFAULT NULL,
  `server` varchar(100) COLLATE utf8_unicode_ci DEFAULT NULL,
  `protocol` varchar(10) COLLATE utf8_unicode_ci DEFAULT NULL,
  `username` varchar(255) COLLATE utf8_unicode_ci DEFAULT NULL,
  `password` varchar(255) COLLATE utf8_unicode_ci DEFAULT NULL,
  `ssltype` varchar(10) COLLATE utf8_unicode_ci DEFAULT NULL,
  `sslmethod` varchar(30) COLLATE utf8_unicode_ci DEFAULT NULL,
  `connecturl` varchar(255) COLLATE utf8_unicode_ci DEFAULT NULL,
  `searchfor` varchar(10) COLLATE utf8_unicode_ci DEFAULT NULL,
  `markas` varchar(10) COLLATE utf8_unicode_ci DEFAULT NULL,
  `isvalid` int(1) DEFAULT NULL,
  `time_zone` varchar(10) COLLATE utf8_unicode_ci DEFAULT NULL,
  PRIMARY KEY (`scannerid`)
) ENGINE=InnoDB DEFAULT CHARSET=utf8 COLLATE=utf8_unicode_ci AUTO_INCREMENT=1 ;

-- --------------------------------------------------------

--
-- Table structure for table `vtiger_mailscanner_actions`
--

CREATE TABLE IF NOT EXISTS `vtiger_mailscanner_actions` (
  `actionid` int(11) NOT NULL AUTO_INCREMENT,
  `scannerid` int(11) DEFAULT NULL,
  `actiontype` varchar(10) COLLATE utf8_unicode_ci DEFAULT NULL,
  `module` varchar(30) COLLATE utf8_unicode_ci DEFAULT NULL,
  `lookup` varchar(30) COLLATE utf8_unicode_ci DEFAULT NULL,
  `sequence` int(11) DEFAULT NULL,
  PRIMARY KEY (`actionid`)
) ENGINE=InnoDB DEFAULT CHARSET=utf8 COLLATE=utf8_unicode_ci AUTO_INCREMENT=1 ;

-- --------------------------------------------------------

--
-- Table structure for table `vtiger_mailscanner_folders`
--

CREATE TABLE IF NOT EXISTS `vtiger_mailscanner_folders` (
  `folderid` int(11) NOT NULL AUTO_INCREMENT,
  `scannerid` int(11) DEFAULT NULL,
  `foldername` varchar(255) COLLATE utf8_unicode_ci DEFAULT NULL,
  `lastscan` varchar(30) COLLATE utf8_unicode_ci DEFAULT NULL,
  `rescan` int(1) DEFAULT NULL,
  `enabled` int(1) DEFAULT NULL,
  PRIMARY KEY (`folderid`),
  KEY `folderid_idx` (`folderid`)
) ENGINE=InnoDB DEFAULT CHARSET=utf8 COLLATE=utf8_unicode_ci AUTO_INCREMENT=1 ;

-- --------------------------------------------------------

--
-- Table structure for table `vtiger_mailscanner_ids`
--

CREATE TABLE IF NOT EXISTS `vtiger_mailscanner_ids` (
  `id` int(11) NOT NULL AUTO_INCREMENT,
  `scannerid` int(11) DEFAULT NULL,
  `messageid` varchar(512) COLLATE utf8_unicode_ci DEFAULT NULL,
  `crmid` int(11) DEFAULT NULL,
  PRIMARY KEY (`id`),
  KEY `scanner_message_ids_idx` (`scannerid`,`messageid`(255))
) ENGINE=InnoDB DEFAULT CHARSET=utf8 COLLATE=utf8_unicode_ci;

-- --------------------------------------------------------

--
-- Table structure for table `vtiger_mailscanner_ruleactions`
--

CREATE TABLE IF NOT EXISTS `vtiger_mailscanner_ruleactions` (
  `ruleid` int(11) DEFAULT NULL,
  `actionid` int(11) DEFAULT NULL
) ENGINE=InnoDB DEFAULT CHARSET=utf8 COLLATE=utf8_unicode_ci;

-- --------------------------------------------------------

--
-- Table structure for table `vtiger_mailscanner_rules`
--

CREATE TABLE IF NOT EXISTS `vtiger_mailscanner_rules` (
  `ruleid` int(11) NOT NULL AUTO_INCREMENT,
  `scannerid` int(11) DEFAULT NULL,
  `fromaddress` varchar(255) COLLATE utf8_unicode_ci DEFAULT NULL,
  `toaddress` varchar(255) COLLATE utf8_unicode_ci DEFAULT NULL,
  `subjectop` varchar(20) COLLATE utf8_unicode_ci DEFAULT NULL,
  `subject` varchar(255) COLLATE utf8_unicode_ci DEFAULT NULL,
  `bodyop` varchar(20) COLLATE utf8_unicode_ci DEFAULT NULL,
  `body` varchar(255) COLLATE utf8_unicode_ci DEFAULT NULL,
  `matchusing` varchar(5) COLLATE utf8_unicode_ci DEFAULT NULL,
  `sequence` int(11) DEFAULT NULL,
  `assigned_to` int(10) DEFAULT NULL,
  `cc` varchar(255) COLLATE utf8_unicode_ci DEFAULT NULL,
  `bcc` varchar(255) COLLATE utf8_unicode_ci DEFAULT NULL,
  `folderid` int(11) DEFAULT NULL,
  PRIMARY KEY (`ruleid`)
) ENGINE=InnoDB DEFAULT CHARSET=utf8 COLLATE=utf8_unicode_ci AUTO_INCREMENT=1 ;

-- --------------------------------------------------------

--
-- Table structure for table `vtiger_mail_accounts`
--

CREATE TABLE IF NOT EXISTS `vtiger_mail_accounts` (
  `account_id` int(11) NOT NULL,
  `user_id` int(11) NOT NULL,
  `display_name` varchar(50) COLLATE utf8_unicode_ci DEFAULT NULL,
  `mail_id` varchar(50) COLLATE utf8_unicode_ci DEFAULT NULL,
  `account_name` varchar(50) COLLATE utf8_unicode_ci DEFAULT NULL,
  `mail_protocol` varchar(20) COLLATE utf8_unicode_ci DEFAULT NULL,
  `mail_username` varchar(50) COLLATE utf8_unicode_ci NOT NULL,
  `mail_password` varchar(250) COLLATE utf8_unicode_ci NOT NULL,
  `mail_servername` varchar(50) COLLATE utf8_unicode_ci DEFAULT NULL,
  `box_refresh` int(10) DEFAULT NULL,
  `mails_per_page` int(10) DEFAULT NULL,
  `ssltype` varchar(50) COLLATE utf8_unicode_ci DEFAULT NULL,
  `sslmeth` varchar(50) COLLATE utf8_unicode_ci DEFAULT NULL,
  `int_mailer` int(1) DEFAULT '0',
  `status` varchar(10) COLLATE utf8_unicode_ci DEFAULT NULL,
  `set_default` int(2) DEFAULT NULL,
  `sent_folder` varchar(50) COLLATE utf8_unicode_ci DEFAULT NULL,
  PRIMARY KEY (`account_id`)
) ENGINE=InnoDB DEFAULT CHARSET=utf8 COLLATE=utf8_unicode_ci;

-- --------------------------------------------------------

--
-- Table structure for table `vtiger_manufacturer`
--

CREATE TABLE IF NOT EXISTS `vtiger_manufacturer` (
  `manufacturerid` int(19) NOT NULL AUTO_INCREMENT,
  `manufacturer` varchar(200) COLLATE utf8_unicode_ci NOT NULL,
  `presence` int(1) NOT NULL DEFAULT '1',
  `picklist_valueid` int(19) NOT NULL DEFAULT '0',
  `sortorderid` int(11) DEFAULT NULL,
  PRIMARY KEY (`manufacturerid`),
  UNIQUE KEY `manufacturer_manufacturer_idx` (`manufacturer`)
) ENGINE=InnoDB  DEFAULT CHARSET=utf8 COLLATE=utf8_unicode_ci AUTO_INCREMENT=5 ;

--
-- Dumping data for table `vtiger_manufacturer`
--

INSERT INTO `vtiger_manufacturer` (`manufacturerid`, `manufacturer`, `presence`, `picklist_valueid`, `sortorderid`) VALUES
(2, 'Muster AG', 1, 124, 1),
(3, 'Sample Inc.', 1, 125, 2),
(4, 'Beispiel GmbH', 1, 126, 3);

-- --------------------------------------------------------

--
-- Table structure for table `vtiger_manufacturer_seq`
--

CREATE TABLE IF NOT EXISTS `vtiger_manufacturer_seq` (
  `id` int(11) NOT NULL
) ENGINE=InnoDB DEFAULT CHARSET=utf8 COLLATE=utf8_unicode_ci;

--
-- Dumping data for table `vtiger_manufacturer_seq`
--

INSERT INTO `vtiger_manufacturer_seq` (`id`) VALUES
(4);

-- --------------------------------------------------------

--
-- Table structure for table `vtiger_modentity_num`
--

CREATE TABLE IF NOT EXISTS `vtiger_modentity_num` (
  `num_id` int(19) NOT NULL,
  `semodule` varchar(50) COLLATE utf8_unicode_ci NOT NULL,
  `prefix` varchar(50) COLLATE utf8_unicode_ci NOT NULL DEFAULT '',
  `start_id` varchar(50) COLLATE utf8_unicode_ci NOT NULL,
  `cur_id` varchar(50) COLLATE utf8_unicode_ci NOT NULL,
  `active` varchar(2) COLLATE utf8_unicode_ci NOT NULL,
  PRIMARY KEY (`num_id`),
  UNIQUE KEY `num_idx` (`num_id`),
  KEY `semodule_active_idx` (`semodule`,`active`)
) ENGINE=InnoDB DEFAULT CHARSET=utf8 COLLATE=utf8_unicode_ci;

--
-- Dumping data for table `vtiger_modentity_num`
--

INSERT INTO `vtiger_modentity_num` (`num_id`, `semodule`, `prefix`, `start_id`, `cur_id`, `active`) VALUES
(1, 'Leads', 'LEA', '1', '1', '1'),
(2, 'Accounts', 'ACC', '1', '1', '1'),
(3, 'Campaigns', 'CAM', '1', '1', '1'),
(4, 'Contacts', 'CON', '1', '1', '1'),
(5, 'Potentials', 'POT', '1', '1', '1'),
(6, 'HelpDesk', 'TT', '1', '1', '1'),
(7, 'Quotes', 'QUO', '1', '1', '1'),
(8, 'SalesOrder', 'SO', '1', '1', '1'),
(9, 'PurchaseOrder', 'PO', '1', '1', '1'),
(10, 'Invoice', 'INV', '1', '1', '1'),
(11, 'Products', 'PRO', '1', '1', '1'),
(12, 'Vendors', 'VEN', '1', '1', '1'),
(13, 'PriceBooks', 'PB', '1', '1', '1'),
(14, 'Faq', 'FAQ', '1', '1', '1'),
(15, 'Documents', 'DOC', '1', '1', '1');

-- --------------------------------------------------------

--
-- Table structure for table `vtiger_modentity_num_seq`
--

CREATE TABLE IF NOT EXISTS `vtiger_modentity_num_seq` (
  `id` int(11) NOT NULL
) ENGINE=InnoDB DEFAULT CHARSET=utf8 COLLATE=utf8_unicode_ci;

--
-- Dumping data for table `vtiger_modentity_num_seq`
--

INSERT INTO `vtiger_modentity_num_seq` (`id`) VALUES
(15);

-- --------------------------------------------------------

--
-- Table structure for table `vtiger_module_dashboard_widgets`
--

CREATE TABLE IF NOT EXISTS `vtiger_module_dashboard_widgets` (
  `id` int(19) NOT NULL AUTO_INCREMENT,
  `linkid` int(19) DEFAULT NULL,
  `userid` int(19) DEFAULT NULL,
  `filterid` int(19) DEFAULT NULL,
  `title` varchar(100) COLLATE utf8_unicode_ci DEFAULT NULL,
  `data` text COLLATE utf8_unicode_ci,
  `position` varchar(50) COLLATE utf8_unicode_ci DEFAULT NULL,
  PRIMARY KEY (`id`)
) ENGINE=InnoDB DEFAULT CHARSET=utf8 COLLATE=utf8_unicode_ci AUTO_INCREMENT=1 ;

-- --------------------------------------------------------

--
-- Table structure for table `vtiger_notebook_contents`
--

CREATE TABLE IF NOT EXISTS `vtiger_notebook_contents` (
  `userid` int(19) NOT NULL,
  `notebookid` int(19) NOT NULL,
  `contents` text COLLATE utf8_unicode_ci
) ENGINE=InnoDB DEFAULT CHARSET=utf8 COLLATE=utf8_unicode_ci;

-- --------------------------------------------------------

--
-- Table structure for table `vtiger_notes`
--

CREATE TABLE IF NOT EXISTS `vtiger_notes` (
  `notesid` int(19) NOT NULL DEFAULT '0',
  `note_no` varchar(100) COLLATE utf8_unicode_ci NOT NULL,
  `title` varchar(50) COLLATE utf8_unicode_ci NOT NULL,
  `filename` varchar(200) COLLATE utf8_unicode_ci DEFAULT NULL,
  `notecontent` mediumtext COLLATE utf8_unicode_ci,
  `folderid` int(19) NOT NULL DEFAULT '1',
  `filetype` varchar(50) COLLATE utf8_unicode_ci DEFAULT NULL,
  `filelocationtype` varchar(5) COLLATE utf8_unicode_ci DEFAULT NULL,
  `filedownloadcount` int(19) DEFAULT NULL,
  `filestatus` int(19) DEFAULT NULL,
  `filesize` int(19) NOT NULL DEFAULT '0',
  `fileversion` varchar(50) COLLATE utf8_unicode_ci DEFAULT NULL,
  PRIMARY KEY (`notesid`),
  KEY `notes_title_idx` (`title`),
  KEY `notes_notesid_idx` (`notesid`)
) ENGINE=InnoDB DEFAULT CHARSET=utf8 COLLATE=utf8_unicode_ci;

-- --------------------------------------------------------

--
-- Table structure for table `vtiger_notescf`
--

CREATE TABLE IF NOT EXISTS `vtiger_notescf` (
  `notesid` int(19) NOT NULL DEFAULT '0',
  PRIMARY KEY (`notesid`)
) ENGINE=InnoDB DEFAULT CHARSET=utf8 COLLATE=utf8_unicode_ci;

-- --------------------------------------------------------

--
-- Table structure for table `vtiger_notificationscheduler`
--

CREATE TABLE IF NOT EXISTS `vtiger_notificationscheduler` (
  `schedulednotificationid` int(19) NOT NULL AUTO_INCREMENT,
  `schedulednotificationname` varchar(200) COLLATE utf8_unicode_ci DEFAULT NULL,
  `active` int(1) DEFAULT NULL,
  `notificationsubject` varchar(200) COLLATE utf8_unicode_ci DEFAULT NULL,
  `notificationbody` text COLLATE utf8_unicode_ci,
  `label` varchar(50) COLLATE utf8_unicode_ci DEFAULT NULL,
  `type` varchar(10) COLLATE utf8_unicode_ci DEFAULT NULL,
  PRIMARY KEY (`schedulednotificationid`),
  UNIQUE KEY `notificationscheduler_schedulednotificationname_idx` (`schedulednotificationname`)
) ENGINE=InnoDB  DEFAULT CHARSET=utf8 COLLATE=utf8_unicode_ci AUTO_INCREMENT=9 ;

--
-- Dumping data for table `vtiger_notificationscheduler`
--

INSERT INTO `vtiger_notificationscheduler` (`schedulednotificationid`, `schedulednotificationname`, `active`, `notificationsubject`, `notificationbody`, `label`, `type`) VALUES
(1, 'LBL_TASK_NOTIFICATION_DESCRITPION', 1, 'Task Delay Notification', 'Tasks delayed beyond 24 hrs ', 'LBL_TASK_NOTIFICATION', NULL),
(2, 'LBL_BIG_DEAL_DESCRIPTION', 1, 'Big Deal notification', 'Success! A big deal has been won! ', 'LBL_BIG_DEAL', NULL),
(3, 'LBL_TICKETS_DESCRIPTION', 1, 'Pending Tickets notification', 'Ticket pending please ', 'LBL_PENDING_TICKETS', NULL),
(4, 'LBL_MANY_TICKETS_DESCRIPTION', 1, 'Too many tickets Notification', 'Too many tickets pending against this entity ', 'LBL_MANY_TICKETS', NULL),
(5, 'LBL_START_DESCRIPTION', 1, 'Support Start Notification', '10', 'LBL_START_NOTIFICATION', 'select'),
(6, 'LBL_SUPPORT_DESCRIPTION', 1, 'Support ending please', '11', 'LBL_SUPPORT_NOTICIATION', 'select'),
(7, 'LBL_SUPPORT_DESCRIPTION_MONTH', 1, 'Support ending please', '12', 'LBL_SUPPORT_NOTICIATION_MONTH', 'select'),
(8, 'LBL_ACTIVITY_REMINDER_DESCRIPTION', 1, 'Activity Reminder Notification', 'This is a reminder notification for the Activity', 'LBL_ACTIVITY_NOTIFICATION', NULL);

-- --------------------------------------------------------

--
-- Table structure for table `vtiger_notificationscheduler_seq`
--

CREATE TABLE IF NOT EXISTS `vtiger_notificationscheduler_seq` (
  `id` int(11) NOT NULL
) ENGINE=InnoDB DEFAULT CHARSET=utf8 COLLATE=utf8_unicode_ci;

--
-- Dumping data for table `vtiger_notificationscheduler_seq`
--

INSERT INTO `vtiger_notificationscheduler_seq` (`id`) VALUES
(8);

-- --------------------------------------------------------

--
-- Table structure for table `vtiger_no_of_currency_decimals`
--

CREATE TABLE IF NOT EXISTS `vtiger_no_of_currency_decimals` (
  `no_of_currency_decimalsid` int(11) NOT NULL AUTO_INCREMENT,
  `no_of_currency_decimals` varchar(200) NOT NULL,
  `sortorderid` int(11) DEFAULT NULL,
  `presence` int(11) NOT NULL DEFAULT '1',
  PRIMARY KEY (`no_of_currency_decimalsid`)
) ENGINE=InnoDB  DEFAULT CHARSET=utf8 COLLATE=utf8_unicode_ci AUTO_INCREMENT=8 ;

--
-- Dumping data for table `vtiger_no_of_currency_decimals`
--

INSERT INTO `vtiger_no_of_currency_decimals` (`no_of_currency_decimalsid`, `no_of_currency_decimals`, `sortorderid`, `presence`) VALUES
(2, '2', 2, 1),
(3, '3', 3, 1),
(4, '4', 4, 1),
(5, '5', 5, 1),
(6, '0', 0, 1),
(7, '1', 1, 1);

-- --------------------------------------------------------

--
-- Table structure for table `vtiger_no_of_currency_decimals_seq`
--

CREATE TABLE IF NOT EXISTS `vtiger_no_of_currency_decimals_seq` (
  `id` int(11) NOT NULL
) ENGINE=InnoDB DEFAULT CHARSET=utf8 COLLATE=utf8_unicode_ci;

--
-- Dumping data for table `vtiger_no_of_currency_decimals_seq`
--

INSERT INTO `vtiger_no_of_currency_decimals_seq` (`id`) VALUES
(7);

-- --------------------------------------------------------

--
-- Table structure for table `vtiger_opportunitystage`
--

CREATE TABLE IF NOT EXISTS `vtiger_opportunitystage` (
  `potstageid` int(19) NOT NULL AUTO_INCREMENT,
  `stage` varchar(200) COLLATE utf8_unicode_ci NOT NULL,
  `sortorderid` int(19) NOT NULL DEFAULT '0',
  `presence` int(1) NOT NULL DEFAULT '1',
  `probability` decimal(3,2) DEFAULT '0.00',
  PRIMARY KEY (`potstageid`),
  UNIQUE KEY `opportunitystage_stage_idx` (`stage`)
) ENGINE=InnoDB DEFAULT CHARSET=utf8 COLLATE=utf8_unicode_ci AUTO_INCREMENT=1 ;

-- --------------------------------------------------------

--
-- Table structure for table `vtiger_opportunity_type`
--

CREATE TABLE IF NOT EXISTS `vtiger_opportunity_type` (
  `opptypeid` int(19) NOT NULL AUTO_INCREMENT,
  `opportunity_type` varchar(200) COLLATE utf8_unicode_ci NOT NULL,
  `presence` int(1) NOT NULL DEFAULT '1',
  `picklist_valueid` int(19) NOT NULL DEFAULT '0',
  `sortorderid` int(11) DEFAULT NULL,
  PRIMARY KEY (`opptypeid`),
  UNIQUE KEY `opportunity_type_opportunity_type_idx` (`opportunity_type`)
) ENGINE=InnoDB  DEFAULT CHARSET=utf8 COLLATE=utf8_unicode_ci AUTO_INCREMENT=4 ;

--
-- Dumping data for table `vtiger_opportunity_type`
--

INSERT INTO `vtiger_opportunity_type` (`opptypeid`, `opportunity_type`, `presence`, `picklist_valueid`, `sortorderid`) VALUES
(2, 'Existing Business', 1, 128, 1),
(3, 'New Business', 1, 129, 2);

-- --------------------------------------------------------

--
-- Table structure for table `vtiger_opportunity_type_seq`
--

CREATE TABLE IF NOT EXISTS `vtiger_opportunity_type_seq` (
  `id` int(11) NOT NULL
) ENGINE=InnoDB DEFAULT CHARSET=utf8 COLLATE=utf8_unicode_ci;

--
-- Dumping data for table `vtiger_opportunity_type_seq`
--

INSERT INTO `vtiger_opportunity_type_seq` (`id`) VALUES
(3);

-- --------------------------------------------------------

--
-- Table structure for table `vtiger_organizationdetails`
--

CREATE TABLE IF NOT EXISTS `vtiger_organizationdetails` (
  `organization_id` int(11) NOT NULL,
  `organizationname` varchar(60) COLLATE utf8_unicode_ci DEFAULT NULL,
  `address` varchar(150) COLLATE utf8_unicode_ci DEFAULT NULL,
  `city` varchar(100) COLLATE utf8_unicode_ci DEFAULT NULL,
  `state` varchar(100) COLLATE utf8_unicode_ci DEFAULT NULL,
  `country` varchar(100) COLLATE utf8_unicode_ci DEFAULT NULL,
  `code` varchar(30) COLLATE utf8_unicode_ci DEFAULT NULL,
  `phone` varchar(30) COLLATE utf8_unicode_ci DEFAULT NULL,
  `fax` varchar(30) COLLATE utf8_unicode_ci DEFAULT NULL,
  `website` varchar(100) COLLATE utf8_unicode_ci DEFAULT NULL,
  `logoname` varchar(50) COLLATE utf8_unicode_ci DEFAULT NULL,
  `logo` text COLLATE utf8_unicode_ci,
  `vatid` varchar(100) COLLATE utf8_unicode_ci DEFAULT NULL,
  `management` varchar(100) COLLATE utf8_unicode_ci DEFAULT NULL,
  `irsname` varchar(100) COLLATE utf8_unicode_ci DEFAULT NULL,
  `tax_id` varchar(100) COLLATE utf8_unicode_ci DEFAULT NULL,
  `bankname` varchar(100) COLLATE utf8_unicode_ci DEFAULT NULL,
  `bankstreet` varchar(100) COLLATE utf8_unicode_ci DEFAULT NULL,
  `bankcity` varchar(100) COLLATE utf8_unicode_ci DEFAULT NULL,
  `bankzip` varchar(10) COLLATE utf8_unicode_ci DEFAULT NULL,
  `bankcountry` varchar(100) COLLATE utf8_unicode_ci DEFAULT NULL,
  `bankaccount` varchar(50) COLLATE utf8_unicode_ci DEFAULT NULL,
  `bankrouting` varchar(50) COLLATE utf8_unicode_ci DEFAULT NULL,
  `bankswift` varchar(50) COLLATE utf8_unicode_ci DEFAULT NULL,
  `bankiban` varchar(50) COLLATE utf8_unicode_ci DEFAULT NULL,
  PRIMARY KEY (`organization_id`)
) ENGINE=InnoDB DEFAULT CHARSET=utf8 COLLATE=utf8_unicode_ci;

--
-- Dumping data for table `vtiger_organizationdetails`
--

INSERT INTO `vtiger_organizationdetails` (`organization_id`, `organizationname`, `address`, `city`, `state`, `country`, `code`, `phone`, `fax`, `website`, `logoname`, `logo`, `vatid`, `management`, `irsname`, `tax_id`, `bankname`, `bankstreet`, `bankcity`, `bankzip`, `bankcountry`, `bankaccount`, `bankrouting`, `bankswift`, `bankiban`) VALUES
(1, 'crm-now', 'Stromstr. 5', 'Berlin', 'Berlin', 'Deutschland', '10555', '+49 (0)30 39001800', '+49 (0)30 4519037', 'www.crm-now.de', 'crm-now-logo.jpg', NULL, '1234-5678-9012', NULL, NULL, NULL, NULL, NULL, NULL, NULL, NULL, NULL, NULL, NULL, NULL);

-- --------------------------------------------------------

--
-- Table structure for table `vtiger_organizationdetails_seq`
--

CREATE TABLE IF NOT EXISTS `vtiger_organizationdetails_seq` (
  `id` int(11) NOT NULL
) ENGINE=InnoDB DEFAULT CHARSET=utf8 COLLATE=utf8_unicode_ci;

--
-- Dumping data for table `vtiger_organizationdetails_seq`
--

INSERT INTO `vtiger_organizationdetails_seq` (`id`) VALUES
(1);

-- --------------------------------------------------------

--
-- Table structure for table `vtiger_org_share_action2tab`
--

CREATE TABLE IF NOT EXISTS `vtiger_org_share_action2tab` (
  `share_action_id` int(19) NOT NULL,
  `tabid` int(19) NOT NULL,
  PRIMARY KEY (`share_action_id`,`tabid`),
  KEY `tabid` (`tabid`)
) ENGINE=InnoDB DEFAULT CHARSET=utf8 COLLATE=utf8_unicode_ci;

--
-- Dumping data for table `vtiger_org_share_action2tab`
--

INSERT INTO `vtiger_org_share_action2tab` (`share_action_id`, `tabid`) VALUES
(0, 2),
(1, 2),
(2, 2),
(3, 2),
(0, 4),
(1, 4),
(2, 4),
(3, 4),
(0, 6),
(1, 6),
(2, 6),
(3, 6),
(0, 7),
(1, 7),
(2, 7),
(3, 7),
(0, 8),
(1, 8),
(2, 8),
(3, 8),
(0, 9),
(1, 9),
(2, 9),
(3, 9),
(0, 10),
(1, 10),
(2, 10),
(3, 10),
(0, 13),
(1, 13),
(2, 13),
(3, 13),
(0, 14),
(1, 14),
(2, 14),
(3, 14),
(0, 16),
(1, 16),
(2, 16),
(3, 16),
(0, 18),
(1, 18),
(2, 18),
(3, 18),
(0, 20),
(1, 20),
(2, 20),
(3, 20),
(0, 21),
(1, 21),
(2, 21),
(3, 21),
(0, 22),
(1, 22),
(2, 22),
(3, 22),
(0, 23),
(1, 23),
(2, 23),
(3, 23),
(0, 26),
(1, 26),
(2, 26),
(3, 26);

-- --------------------------------------------------------

--
-- Table structure for table `vtiger_org_share_action_mapping`
--

CREATE TABLE IF NOT EXISTS `vtiger_org_share_action_mapping` (
  `share_action_id` int(19) NOT NULL,
  `share_action_name` varchar(200) COLLATE utf8_unicode_ci DEFAULT NULL,
  PRIMARY KEY (`share_action_id`)
) ENGINE=InnoDB DEFAULT CHARSET=utf8 COLLATE=utf8_unicode_ci;

--
-- Dumping data for table `vtiger_org_share_action_mapping`
--

INSERT INTO `vtiger_org_share_action_mapping` (`share_action_id`, `share_action_name`) VALUES
(0, 'Public: Read Only'),
(1, 'Public: Read, Create/Edit'),
(2, 'Public: Read, Create/Edit, Delete'),
(3, 'Private'),
(4, 'Hide Details'),
(5, 'Hide Details and Add Events'),
(6, 'Show Details'),
(7, 'Show Details and Add Events');

-- --------------------------------------------------------

--
-- Table structure for table `vtiger_othereventduration`
--

CREATE TABLE IF NOT EXISTS `vtiger_othereventduration` (
  `othereventdurationid` int(11) NOT NULL AUTO_INCREMENT,
  `othereventduration` varchar(200) NOT NULL,
  `sortorderid` int(11) DEFAULT NULL,
  `presence` int(11) NOT NULL DEFAULT '1',
  PRIMARY KEY (`othereventdurationid`)
) ENGINE=InnoDB  DEFAULT CHARSET=utf8 COLLATE=utf8_unicode_ci AUTO_INCREMENT=6 ;

--
-- Dumping data for table `vtiger_othereventduration`
--

INSERT INTO `vtiger_othereventduration` (`othereventdurationid`, `othereventduration`, `sortorderid`, `presence`) VALUES
(1, '5', 1, 1),
(2, '10', 2, 1),
(3, '30', 3, 1),
(4, '60', 4, 1),
(5, '120', 5, 1);

-- --------------------------------------------------------

--
-- Table structure for table `vtiger_othereventduration_seq`
--

CREATE TABLE IF NOT EXISTS `vtiger_othereventduration_seq` (
  `id` int(11) NOT NULL
) ENGINE=InnoDB DEFAULT CHARSET=utf8 COLLATE=utf8_unicode_ci;

--
-- Dumping data for table `vtiger_othereventduration_seq`
--

INSERT INTO `vtiger_othereventduration_seq` (`id`) VALUES
(5);

-- --------------------------------------------------------

--
-- Table structure for table `vtiger_parenttab`
--

CREATE TABLE IF NOT EXISTS `vtiger_parenttab` (
  `parenttabid` int(19) NOT NULL,
  `parenttab_label` varchar(100) COLLATE utf8_unicode_ci NOT NULL,
  `sequence` int(10) NOT NULL,
  `visible` int(2) NOT NULL DEFAULT '0',
  PRIMARY KEY (`parenttabid`),
  KEY `parenttab_parenttabid_parenttabl_label_visible_idx` (`parenttabid`,`parenttab_label`,`visible`)
) ENGINE=InnoDB DEFAULT CHARSET=utf8 COLLATE=utf8_unicode_ci;

--
-- Dumping data for table `vtiger_parenttab`
--

INSERT INTO `vtiger_parenttab` (`parenttabid`, `parenttab_label`, `sequence`, `visible`) VALUES
(1, 'My Home Page', 1, 0),
(2, 'Marketing', 2, 0),
(3, 'Sales', 3, 0),
(4, 'Support', 4, 0),
(5, 'Analytics', 5, 0),
(6, 'Inventory', 6, 0),
(7, 'Tools', 7, 0),
(8, 'Settings', 8, 0);

-- --------------------------------------------------------

--
-- Table structure for table `vtiger_parenttabrel`
--

CREATE TABLE IF NOT EXISTS `vtiger_parenttabrel` (
  `parenttabid` int(19) NOT NULL,
  `tabid` int(19) NOT NULL,
  `sequence` int(3) NOT NULL,
  KEY `parenttabid` (`parenttabid`),
  KEY `parenttabrel_tabid_parenttabid_idx` (`tabid`,`parenttabid`)
) ENGINE=InnoDB DEFAULT CHARSET=utf8 COLLATE=utf8_unicode_ci;

--
-- Dumping data for table `vtiger_parenttabrel`
--

INSERT INTO `vtiger_parenttabrel` (`parenttabid`, `tabid`, `sequence`) VALUES
(1, 9, 2),
(1, 28, 4),
(1, 3, 1),
(3, 7, 1),
(3, 6, 2),
(3, 4, 3),
(3, 2, 4),
(3, 20, 5),
(3, 22, 6),
(3, 23, 7),
(3, 19, 8),
(3, 8, 9),
(4, 13, 1),
(4, 15, 2),
(4, 6, 3),
(4, 4, 4),
(4, 8, 5),
(5, 1, 2),
(5, 25, 1),
(6, 14, 1),
(6, 18, 2),
(6, 19, 3),
(6, 21, 4),
(6, 22, 5),
(6, 20, 6),
(6, 23, 7),
(7, 24, 1),
(7, 27, 2),
(7, 8, 3),
(2, 26, 1),
(2, 6, 2),
(2, 4, 3),
(2, 28, 4),
(4, 28, 7),
(2, 7, 5),
(2, 9, 6),
(4, 9, 8),
(2, 8, 8),
(3, 9, 11);

-- --------------------------------------------------------

--
-- Table structure for table `vtiger_payment_duration`
--

CREATE TABLE IF NOT EXISTS `vtiger_payment_duration` (
  `payment_duration_id` int(11) DEFAULT NULL,
  `payment_duration` varchar(200) COLLATE utf8_unicode_ci DEFAULT NULL,
  `sortorderid` int(11) DEFAULT NULL,
  `presence` int(11) DEFAULT NULL
) ENGINE=InnoDB DEFAULT CHARSET=utf8 COLLATE=utf8_unicode_ci;

--
-- Dumping data for table `vtiger_payment_duration`
--

INSERT INTO `vtiger_payment_duration` (`payment_duration_id`, `payment_duration`, `sortorderid`, `presence`) VALUES
(1, 'Net 30 days', 0, 1),
(2, 'Net 45 days', 1, 1),
(3, 'Net 60 days', 2, 1);

-- --------------------------------------------------------

--
-- Table structure for table `vtiger_payment_duration_seq`
--

CREATE TABLE IF NOT EXISTS `vtiger_payment_duration_seq` (
  `id` int(11) NOT NULL
) ENGINE=InnoDB DEFAULT CHARSET=utf8 COLLATE=utf8_unicode_ci;

--
-- Dumping data for table `vtiger_payment_duration_seq`
--

INSERT INTO `vtiger_payment_duration_seq` (`id`) VALUES
(3);

-- --------------------------------------------------------

--
-- Table structure for table `vtiger_picklist`
--

CREATE TABLE IF NOT EXISTS `vtiger_picklist` (
  `picklistid` int(11) NOT NULL AUTO_INCREMENT,
  `name` varchar(200) COLLATE utf8_unicode_ci NOT NULL,
  PRIMARY KEY (`picklistid`),
  UNIQUE KEY `picklist_name_idx` (`name`)
) ENGINE=InnoDB  DEFAULT CHARSET=utf8 COLLATE=utf8_unicode_ci AUTO_INCREMENT=33 ;

--
-- Dumping data for table `vtiger_picklist`
--

INSERT INTO `vtiger_picklist` (`picklistid`, `name`) VALUES
(1, 'accounttype'),
(2, 'activitytype'),
(3, 'campaignstatus'),
(4, 'campaigntype'),
(5, 'carrier'),
(32, 'defaultactivitytype'),
(31, 'defaulteventstatus'),
(6, 'eventstatus'),
(7, 'expectedresponse'),
(8, 'faqcategories'),
(9, 'faqstatus'),
(10, 'glacct'),
(11, 'industry'),
(12, 'invoicestatus'),
(13, 'leadsource'),
(14, 'leadstatus'),
(15, 'manufacturer'),
(16, 'opportunity_type'),
(17, 'postatus'),
(18, 'productcategory'),
(19, 'quotestage'),
(20, 'rating'),
(21, 'sales_stage'),
(22, 'salutationtype'),
(23, 'sostatus'),
(24, 'taskpriority'),
(25, 'taskstatus'),
(26, 'ticketcategories'),
(27, 'ticketpriorities'),
(28, 'ticketseverities'),
(29, 'ticketstatus'),
(30, 'usageunit');

-- --------------------------------------------------------

--
-- Table structure for table `vtiger_picklistvalues_seq`
--

CREATE TABLE IF NOT EXISTS `vtiger_picklistvalues_seq` (
  `id` int(11) NOT NULL
) ENGINE=InnoDB DEFAULT CHARSET=utf8 COLLATE=utf8_unicode_ci;

--
-- Dumping data for table `vtiger_picklistvalues_seq`
--

INSERT INTO `vtiger_picklistvalues_seq` (`id`) VALUES
(224);

-- --------------------------------------------------------

--
-- Table structure for table `vtiger_picklist_dependency`
--

CREATE TABLE IF NOT EXISTS `vtiger_picklist_dependency` (
  `id` int(11) NOT NULL,
  `tabid` int(19) NOT NULL,
  `sourcefield` varchar(255) COLLATE utf8_unicode_ci DEFAULT NULL,
  `targetfield` varchar(255) COLLATE utf8_unicode_ci DEFAULT NULL,
  `sourcevalue` varchar(100) COLLATE utf8_unicode_ci DEFAULT NULL,
  `targetvalues` text COLLATE utf8_unicode_ci,
  `criteria` text COLLATE utf8_unicode_ci,
  PRIMARY KEY (`id`)
) ENGINE=InnoDB DEFAULT CHARSET=utf8 COLLATE=utf8_unicode_ci;

-- --------------------------------------------------------

--
-- Table structure for table `vtiger_picklist_seq`
--

CREATE TABLE IF NOT EXISTS `vtiger_picklist_seq` (
  `id` int(11) NOT NULL
) ENGINE=InnoDB DEFAULT CHARSET=utf8 COLLATE=utf8_unicode_ci;

--
-- Dumping data for table `vtiger_picklist_seq`
--

INSERT INTO `vtiger_picklist_seq` (`id`) VALUES
(32);

-- --------------------------------------------------------

--
-- Table structure for table `vtiger_pobillads`
--

CREATE TABLE IF NOT EXISTS `vtiger_pobillads` (
  `pobilladdressid` int(19) NOT NULL DEFAULT '0',
  `bill_city` varchar(30) COLLATE utf8_unicode_ci DEFAULT NULL,
  `bill_code` varchar(30) COLLATE utf8_unicode_ci DEFAULT NULL,
  `bill_country` varchar(30) COLLATE utf8_unicode_ci DEFAULT NULL,
  `bill_state` varchar(30) COLLATE utf8_unicode_ci DEFAULT NULL,
  `bill_street` varchar(250) COLLATE utf8_unicode_ci DEFAULT NULL,
  `bill_pobox` varchar(30) COLLATE utf8_unicode_ci DEFAULT NULL,
  PRIMARY KEY (`pobilladdressid`)
) ENGINE=InnoDB DEFAULT CHARSET=utf8 COLLATE=utf8_unicode_ci;

-- --------------------------------------------------------

--
-- Table structure for table `vtiger_portal`
--

CREATE TABLE IF NOT EXISTS `vtiger_portal` (
  `portalid` int(19) NOT NULL,
  `portalname` varchar(200) COLLATE utf8_unicode_ci NOT NULL,
  `portalurl` varchar(255) COLLATE utf8_unicode_ci NOT NULL,
  `sequence` int(3) NOT NULL,
  `setdefault` int(3) NOT NULL DEFAULT '0',
  `createdtime` datetime DEFAULT NULL,
  PRIMARY KEY (`portalid`),
  KEY `portal_portalname_idx` (`portalname`)
) ENGINE=InnoDB DEFAULT CHARSET=utf8 COLLATE=utf8_unicode_ci;

-- --------------------------------------------------------

--
-- Table structure for table `vtiger_portalinfo`
--

CREATE TABLE IF NOT EXISTS `vtiger_portalinfo` (
  `id` int(11) NOT NULL,
  `user_name` varchar(100) COLLATE utf8_unicode_ci DEFAULT NULL,
  `user_password` varchar(255) COLLATE utf8_unicode_ci DEFAULT NULL,
  `type` varchar(5) COLLATE utf8_unicode_ci DEFAULT NULL,
  `cryptmode` varchar(20) COLLATE utf8_unicode_ci DEFAULT NULL,
  `last_login_time` datetime DEFAULT NULL,
  `login_time` datetime DEFAULT NULL,
  `logout_time` datetime DEFAULT NULL,
  `isactive` int(1) DEFAULT NULL,
  PRIMARY KEY (`id`)
) ENGINE=InnoDB DEFAULT CHARSET=utf8 COLLATE=utf8_unicode_ci;

-- --------------------------------------------------------

--
-- Table structure for table `vtiger_poshipads`
--

CREATE TABLE IF NOT EXISTS `vtiger_poshipads` (
  `poshipaddressid` int(19) NOT NULL DEFAULT '0',
  `ship_city` varchar(30) COLLATE utf8_unicode_ci DEFAULT NULL,
  `ship_code` varchar(30) COLLATE utf8_unicode_ci DEFAULT NULL,
  `ship_country` varchar(30) COLLATE utf8_unicode_ci DEFAULT NULL,
  `ship_state` varchar(30) COLLATE utf8_unicode_ci DEFAULT NULL,
  `ship_street` varchar(250) COLLATE utf8_unicode_ci DEFAULT NULL,
  `ship_pobox` varchar(30) COLLATE utf8_unicode_ci DEFAULT NULL,
  PRIMARY KEY (`poshipaddressid`)
) ENGINE=InnoDB DEFAULT CHARSET=utf8 COLLATE=utf8_unicode_ci;

-- --------------------------------------------------------

--
-- Table structure for table `vtiger_postatus`
--

CREATE TABLE IF NOT EXISTS `vtiger_postatus` (
  `postatusid` int(19) NOT NULL AUTO_INCREMENT,
  `postatus` varchar(200) COLLATE utf8_unicode_ci NOT NULL,
  `presence` int(1) NOT NULL DEFAULT '1',
  `picklist_valueid` int(19) NOT NULL DEFAULT '0',
  `sortorderid` int(11) DEFAULT NULL,
  PRIMARY KEY (`postatusid`),
  UNIQUE KEY `postatus_postatus_idx` (`postatus`)
) ENGINE=InnoDB  DEFAULT CHARSET=utf8 COLLATE=utf8_unicode_ci AUTO_INCREMENT=6 ;

--
-- Dumping data for table `vtiger_postatus`
--

INSERT INTO `vtiger_postatus` (`postatusid`, `postatus`, `presence`, `picklist_valueid`, `sortorderid`) VALUES
(1, 'Created', 0, 130, 0),
(2, 'Approved', 0, 131, 1),
(3, 'Delivered', 0, 132, 2),
(4, 'Cancelled', 0, 133, 3),
(5, 'Received Shipment', 0, 134, 4);

-- --------------------------------------------------------

--
-- Table structure for table `vtiger_postatushistory`
--

CREATE TABLE IF NOT EXISTS `vtiger_postatushistory` (
  `historyid` int(19) NOT NULL AUTO_INCREMENT,
  `purchaseorderid` int(19) NOT NULL,
  `vendorname` varchar(100) COLLATE utf8_unicode_ci DEFAULT NULL,
  `total` decimal(10,0) DEFAULT NULL,
  `postatus` varchar(200) COLLATE utf8_unicode_ci DEFAULT NULL,
  `lastmodified` datetime DEFAULT NULL,
  PRIMARY KEY (`historyid`),
  KEY `postatushistory_purchaseorderid_idx` (`purchaseorderid`)
) ENGINE=InnoDB DEFAULT CHARSET=utf8 COLLATE=utf8_unicode_ci AUTO_INCREMENT=1 ;

-- --------------------------------------------------------

--
-- Table structure for table `vtiger_postatus_seq`
--

CREATE TABLE IF NOT EXISTS `vtiger_postatus_seq` (
  `id` int(11) NOT NULL
) ENGINE=InnoDB DEFAULT CHARSET=utf8 COLLATE=utf8_unicode_ci;

--
-- Dumping data for table `vtiger_postatus_seq`
--

INSERT INTO `vtiger_postatus_seq` (`id`) VALUES
(5);

-- --------------------------------------------------------

--
-- Table structure for table `vtiger_potential`
--

CREATE TABLE IF NOT EXISTS `vtiger_potential` (
  `potentialid` int(19) NOT NULL DEFAULT '0',
  `potential_no` varchar(100) COLLATE utf8_unicode_ci NOT NULL,
  `related_to` int(19) DEFAULT NULL,
  `potentialname` varchar(120) COLLATE utf8_unicode_ci NOT NULL,
  `amount` decimal(25,8) DEFAULT NULL,
  `currency` varchar(20) COLLATE utf8_unicode_ci DEFAULT NULL,
  `closingdate` date DEFAULT NULL,
  `typeofrevenue` varchar(50) COLLATE utf8_unicode_ci DEFAULT NULL,
  `nextstep` varchar(100) COLLATE utf8_unicode_ci DEFAULT NULL,
  `private` int(1) DEFAULT '0',
  `probability` decimal(7,3) DEFAULT '0.000',
  `campaignid` int(19) DEFAULT NULL,
  `sales_stage` varchar(200) COLLATE utf8_unicode_ci DEFAULT NULL,
  `potentialtype` varchar(200) COLLATE utf8_unicode_ci DEFAULT NULL,
  `leadsource` varchar(200) COLLATE utf8_unicode_ci DEFAULT NULL,
  `productid` int(50) DEFAULT NULL,
  `productversion` varchar(50) COLLATE utf8_unicode_ci DEFAULT NULL,
  `quotationref` varchar(50) COLLATE utf8_unicode_ci DEFAULT NULL,
  `partnercontact` varchar(50) COLLATE utf8_unicode_ci DEFAULT NULL,
  `remarks` varchar(50) COLLATE utf8_unicode_ci DEFAULT NULL,
  `runtimefee` int(19) DEFAULT '0',
  `followupdate` date DEFAULT NULL,
  `evaluationstatus` varchar(50) COLLATE utf8_unicode_ci DEFAULT NULL,
  `description` text COLLATE utf8_unicode_ci,
  `forecastcategory` int(19) DEFAULT '0',
  `outcomeanalysis` int(19) DEFAULT '0',
  `forecast_amount` decimal(25,8) DEFAULT NULL,
  `isconvertedfromlead` varchar(3) COLLATE utf8_unicode_ci DEFAULT '0',
  `contact_id` int(19) DEFAULT NULL,
  PRIMARY KEY (`potentialid`),
  KEY `potential_relatedto_idx` (`related_to`),
  KEY `potentail_sales_stage_idx` (`sales_stage`),
  KEY `potentail_sales_stage_amount_idx` (`amount`,`sales_stage`)
) ENGINE=InnoDB DEFAULT CHARSET=utf8 COLLATE=utf8_unicode_ci;

-- --------------------------------------------------------

--
-- Table structure for table `vtiger_potentialscf`
--

CREATE TABLE IF NOT EXISTS `vtiger_potentialscf` (
  `potentialid` int(19) NOT NULL DEFAULT '0',
  PRIMARY KEY (`potentialid`)
) ENGINE=InnoDB DEFAULT CHARSET=utf8 COLLATE=utf8_unicode_ci;

-- --------------------------------------------------------

--
-- Table structure for table `vtiger_potstagehistory`
--

CREATE TABLE IF NOT EXISTS `vtiger_potstagehistory` (
  `historyid` int(19) NOT NULL AUTO_INCREMENT,
  `potentialid` int(19) NOT NULL,
  `amount` decimal(10,0) DEFAULT NULL,
  `stage` varchar(100) COLLATE utf8_unicode_ci DEFAULT NULL,
  `probability` decimal(7,3) DEFAULT NULL,
  `expectedrevenue` decimal(10,0) DEFAULT NULL,
  `closedate` date DEFAULT NULL,
  `lastmodified` datetime DEFAULT NULL,
  PRIMARY KEY (`historyid`),
  KEY `potstagehistory_potentialid_idx` (`potentialid`)
) ENGINE=InnoDB DEFAULT CHARSET=utf8 COLLATE=utf8_unicode_ci AUTO_INCREMENT=1 ;

-- --------------------------------------------------------

--
-- Table structure for table `vtiger_pricebook`
--

CREATE TABLE IF NOT EXISTS `vtiger_pricebook` (
  `pricebookid` int(19) NOT NULL DEFAULT '0',
  `pricebook_no` varchar(100) COLLATE utf8_unicode_ci NOT NULL,
  `bookname` varchar(100) COLLATE utf8_unicode_ci DEFAULT NULL,
  `active` int(1) DEFAULT NULL,
  `currency_id` int(19) NOT NULL DEFAULT '1',
  PRIMARY KEY (`pricebookid`)
) ENGINE=InnoDB DEFAULT CHARSET=utf8 COLLATE=utf8_unicode_ci;

-- --------------------------------------------------------

--
-- Table structure for table `vtiger_pricebookcf`
--

CREATE TABLE IF NOT EXISTS `vtiger_pricebookcf` (
  `pricebookid` int(19) NOT NULL DEFAULT '0',
  PRIMARY KEY (`pricebookid`)
) ENGINE=InnoDB DEFAULT CHARSET=utf8 COLLATE=utf8_unicode_ci;

-- --------------------------------------------------------

--
-- Table structure for table `vtiger_pricebookproductrel`
--

CREATE TABLE IF NOT EXISTS `vtiger_pricebookproductrel` (
  `pricebookid` int(19) NOT NULL,
  `productid` int(19) NOT NULL,
  `listprice` decimal(27,8) DEFAULT NULL,
  `usedcurrency` int(11) NOT NULL DEFAULT '1',
  PRIMARY KEY (`pricebookid`,`productid`),
  KEY `pricebookproductrel_pricebookid_idx` (`pricebookid`),
  KEY `pricebookproductrel_productid_idx` (`productid`)
) ENGINE=InnoDB DEFAULT CHARSET=utf8 COLLATE=utf8_unicode_ci;

-- --------------------------------------------------------

--
-- Table structure for table `vtiger_priority`
--

CREATE TABLE IF NOT EXISTS `vtiger_priority` (
  `priorityid` int(19) NOT NULL AUTO_INCREMENT,
  `priority` varchar(200) COLLATE utf8_unicode_ci NOT NULL,
  `sortorderid` int(19) NOT NULL DEFAULT '0',
  `presence` int(1) NOT NULL DEFAULT '1',
  PRIMARY KEY (`priorityid`),
  UNIQUE KEY `priority_priority_idx` (`priority`)
) ENGINE=InnoDB DEFAULT CHARSET=utf8 COLLATE=utf8_unicode_ci AUTO_INCREMENT=1 ;

-- --------------------------------------------------------

--
-- Table structure for table `vtiger_productcategory`
--

CREATE TABLE IF NOT EXISTS `vtiger_productcategory` (
  `productcategoryid` int(19) NOT NULL AUTO_INCREMENT,
  `productcategory` varchar(200) COLLATE utf8_unicode_ci NOT NULL,
  `presence` int(1) NOT NULL DEFAULT '1',
  `picklist_valueid` int(19) NOT NULL DEFAULT '0',
  `sortorderid` int(11) DEFAULT NULL,
  PRIMARY KEY (`productcategoryid`),
  UNIQUE KEY `productcategory_productcategory_idx` (`productcategory`)
) ENGINE=InnoDB  DEFAULT CHARSET=utf8 COLLATE=utf8_unicode_ci AUTO_INCREMENT=5 ;

--
-- Dumping data for table `vtiger_productcategory`
--

INSERT INTO `vtiger_productcategory` (`productcategoryid`, `productcategory`, `presence`, `picklist_valueid`, `sortorderid`) VALUES
(2, 'Hardware', 1, 136, 1),
(3, 'Software', 1, 137, 2),
(4, 'CRM Applications', 1, 138, 3);

-- --------------------------------------------------------

--
-- Table structure for table `vtiger_productcategory_seq`
--

CREATE TABLE IF NOT EXISTS `vtiger_productcategory_seq` (
  `id` int(11) NOT NULL
) ENGINE=InnoDB DEFAULT CHARSET=utf8 COLLATE=utf8_unicode_ci;

--
-- Dumping data for table `vtiger_productcategory_seq`
--

INSERT INTO `vtiger_productcategory_seq` (`id`) VALUES
(4);

-- --------------------------------------------------------

--
-- Table structure for table `vtiger_productcf`
--

CREATE TABLE IF NOT EXISTS `vtiger_productcf` (
  `productid` int(19) NOT NULL DEFAULT '0',
  PRIMARY KEY (`productid`)
) ENGINE=InnoDB DEFAULT CHARSET=utf8 COLLATE=utf8_unicode_ci;

-- --------------------------------------------------------

--
-- Table structure for table `vtiger_productcurrencyrel`
--

CREATE TABLE IF NOT EXISTS `vtiger_productcurrencyrel` (
  `productid` int(11) NOT NULL,
  `currencyid` int(11) NOT NULL,
  `converted_price` decimal(28,8) DEFAULT NULL,
  `actual_price` decimal(28,8) DEFAULT NULL
) ENGINE=InnoDB DEFAULT CHARSET=utf8 COLLATE=utf8_unicode_ci;

-- --------------------------------------------------------

--
-- Table structure for table `vtiger_products`
--

CREATE TABLE IF NOT EXISTS `vtiger_products` (
  `productid` int(11) NOT NULL,
  `product_no` varchar(100) COLLATE utf8_unicode_ci NOT NULL,
  `productname` varchar(100) COLLATE utf8_unicode_ci DEFAULT NULL,
  `productcode` varchar(40) COLLATE utf8_unicode_ci DEFAULT NULL,
  `productcategory` varchar(200) COLLATE utf8_unicode_ci DEFAULT NULL,
  `manufacturer` varchar(200) COLLATE utf8_unicode_ci DEFAULT NULL,
  `qty_per_unit` decimal(11,2) DEFAULT '0.00',
  `unit_price` decimal(25,8) DEFAULT NULL,
  `weight` decimal(11,3) DEFAULT NULL,
  `pack_size` int(11) DEFAULT NULL,
  `sales_start_date` date DEFAULT NULL,
  `sales_end_date` date DEFAULT NULL,
  `start_date` date DEFAULT NULL,
  `expiry_date` date DEFAULT NULL,
  `cost_factor` int(11) DEFAULT NULL,
  `commissionrate` decimal(7,3) DEFAULT NULL,
  `commissionmethod` varchar(50) COLLATE utf8_unicode_ci DEFAULT NULL,
  `discontinued` int(1) NOT NULL DEFAULT '0',
  `usageunit` varchar(200) COLLATE utf8_unicode_ci DEFAULT NULL,
  `reorderlevel` int(11) DEFAULT NULL,
  `website` varchar(100) COLLATE utf8_unicode_ci DEFAULT NULL,
  `taxclass` varchar(200) COLLATE utf8_unicode_ci DEFAULT NULL,
  `mfr_part_no` varchar(200) COLLATE utf8_unicode_ci DEFAULT NULL,
  `vendor_part_no` varchar(200) COLLATE utf8_unicode_ci DEFAULT NULL,
  `serialno` varchar(200) COLLATE utf8_unicode_ci DEFAULT NULL,
  `qtyinstock` decimal(25,3) DEFAULT NULL,
  `productsheet` varchar(200) COLLATE utf8_unicode_ci DEFAULT NULL,
  `qtyindemand` int(11) DEFAULT NULL,
  `glacct` varchar(200) COLLATE utf8_unicode_ci DEFAULT NULL,
  `vendor_id` int(11) DEFAULT NULL,
  `imagename` text COLLATE utf8_unicode_ci,
  `currency_id` int(19) NOT NULL DEFAULT '1',
  PRIMARY KEY (`productid`)
) ENGINE=InnoDB DEFAULT CHARSET=utf8 COLLATE=utf8_unicode_ci;

-- --------------------------------------------------------

--
-- Table structure for table `vtiger_producttaxrel`
--

CREATE TABLE IF NOT EXISTS `vtiger_producttaxrel` (
  `productid` int(11) NOT NULL,
  `taxid` int(3) NOT NULL,
  `taxpercentage` decimal(7,3) DEFAULT NULL,
  KEY `producttaxrel_productid_idx` (`productid`),
  KEY `producttaxrel_taxid_idx` (`taxid`)
) ENGINE=InnoDB DEFAULT CHARSET=utf8 COLLATE=utf8_unicode_ci;

-- --------------------------------------------------------

--
-- Table structure for table `vtiger_profile`
--

CREATE TABLE IF NOT EXISTS `vtiger_profile` (
  `profileid` int(10) NOT NULL AUTO_INCREMENT,
  `profilename` varchar(50) COLLATE utf8_unicode_ci NOT NULL,
  `description` text COLLATE utf8_unicode_ci,
  `directly_related_to_role` int(1) DEFAULT '0',
  PRIMARY KEY (`profileid`)
) ENGINE=InnoDB  DEFAULT CHARSET=utf8 COLLATE=utf8_unicode_ci AUTO_INCREMENT=5 ;

--
-- Dumping data for table `vtiger_profile`
--

INSERT INTO `vtiger_profile` (`profileid`, `profilename`, `description`, `directly_related_to_role`) VALUES
(1, 'Administrator', 'Admin Profile', 0),
(2, 'Sales Profile', 'Profile Related to Sales', 0),
(3, 'Support Profile', 'Profile Related to Support', 0),
(4, 'Guest Profile', 'Guest Profile for Test Users', 0);

-- --------------------------------------------------------

--
-- Table structure for table `vtiger_profile2field`
--

CREATE TABLE IF NOT EXISTS `vtiger_profile2field` (
  `profileid` int(11) NOT NULL,
  `tabid` int(10) DEFAULT NULL,
  `fieldid` int(19) NOT NULL,
  `visible` int(19) DEFAULT NULL,
  `readonly` int(19) DEFAULT NULL,
  PRIMARY KEY (`profileid`,`fieldid`),
  KEY `profile2field_profileid_tabid_fieldname_idx` (`profileid`,`tabid`),
  KEY `profile2field_tabid_profileid_idx` (`tabid`,`profileid`),
  KEY `profile2field_visible_profileid_idx` (`visible`,`profileid`)
) ENGINE=InnoDB DEFAULT CHARSET=utf8 COLLATE=utf8_unicode_ci;

--
-- Dumping data for table `vtiger_profile2field`
--

INSERT INTO `vtiger_profile2field` (`profileid`, `tabid`, `fieldid`, `visible`, `readonly`) VALUES
(1, 6, 1, 0, 0),
(1, 6, 2, 0, 0),
(1, 6, 3, 0, 0),
(1, 6, 4, 0, 0),
(1, 6, 5, 0, 0),
(1, 6, 6, 0, 0),
(1, 6, 7, 0, 0),
(1, 6, 8, 0, 0),
(1, 6, 9, 0, 0),
(1, 6, 10, 0, 0),
(1, 6, 11, 0, 0),
(1, 6, 12, 0, 0),
(1, 6, 13, 0, 0),
(1, 6, 14, 0, 0),
(1, 6, 15, 0, 0),
(1, 6, 16, 0, 0),
(1, 6, 17, 0, 0),
(1, 6, 18, 0, 0),
(1, 6, 19, 0, 0),
(1, 6, 20, 0, 0),
(1, 6, 21, 0, 0),
(1, 6, 22, 0, 0),
(1, 6, 23, 0, 0),
(1, 6, 24, 0, 0),
(1, 6, 25, 0, 0),
(1, 6, 26, 0, 0),
(1, 6, 27, 0, 0),
(1, 6, 28, 0, 0),
(1, 6, 29, 0, 0),
(1, 6, 30, 0, 0),
(1, 6, 31, 0, 0),
(1, 6, 32, 0, 0),
(1, 6, 33, 0, 0),
(1, 6, 34, 0, 0),
(1, 6, 35, 0, 0),
(1, 6, 36, 0, 0),
(1, 7, 37, 0, 0),
(1, 7, 38, 0, 0),
(1, 7, 39, 0, 0),
(1, 7, 40, 0, 0),
(1, 7, 41, 0, 0),
(1, 7, 42, 0, 0),
(1, 7, 43, 0, 0),
(1, 7, 44, 0, 0),
(1, 7, 45, 0, 0),
(1, 7, 46, 0, 0),
(1, 7, 47, 0, 0),
(1, 7, 48, 0, 0),
(1, 7, 49, 0, 0),
(1, 7, 50, 0, 0),
(1, 7, 51, 0, 0),
(1, 7, 52, 0, 0),
(1, 7, 53, 0, 0),
(1, 7, 54, 0, 0),
(1, 7, 55, 0, 0),
(1, 7, 56, 0, 0),
(1, 7, 57, 0, 0),
(1, 7, 58, 0, 0),
(1, 7, 59, 0, 0),
(1, 7, 60, 0, 0),
(1, 7, 61, 0, 0),
(1, 7, 62, 0, 0),
(1, 7, 63, 0, 0),
(1, 7, 64, 0, 0),
(1, 7, 65, 0, 0),
(1, 4, 66, 0, 0),
(1, 4, 67, 0, 0),
(1, 4, 68, 0, 0),
(1, 4, 69, 0, 0),
(1, 4, 70, 0, 0),
(1, 4, 71, 0, 0),
(1, 4, 72, 0, 0),
(1, 4, 73, 0, 0),
(1, 4, 74, 0, 0),
(1, 4, 75, 0, 0),
(1, 4, 76, 0, 0),
(1, 4, 77, 0, 0),
(1, 4, 78, 0, 0),
(1, 4, 79, 0, 0),
(1, 4, 80, 0, 0),
(1, 4, 81, 0, 0),
(1, 4, 82, 0, 0),
(1, 4, 83, 0, 0),
(1, 4, 84, 0, 0),
(1, 4, 85, 0, 0),
(1, 4, 86, 0, 0),
(1, 4, 87, 0, 0),
(1, 4, 88, 0, 0),
(1, 4, 89, 0, 0),
(1, 4, 90, 0, 0),
(1, 4, 91, 0, 0),
(1, 4, 92, 0, 0),
(1, 4, 93, 0, 0),
(1, 4, 94, 0, 0),
(1, 4, 95, 0, 0),
(1, 4, 96, 0, 0),
(1, 4, 97, 0, 0),
(1, 4, 98, 0, 0),
(1, 4, 99, 0, 0),
(1, 4, 100, 0, 0),
(1, 4, 101, 0, 0),
(1, 4, 102, 0, 0),
(1, 4, 103, 0, 0),
(1, 4, 104, 0, 0),
(1, 4, 105, 0, 0),
(1, 4, 106, 0, 0),
(1, 4, 107, 0, 0),
(1, 4, 108, 0, 0),
(1, 4, 109, 0, 0),
(1, 2, 110, 0, 0),
(1, 2, 111, 0, 0),
(1, 2, 112, 0, 0),
(1, 2, 113, 0, 0),
(1, 2, 114, 0, 0),
(1, 2, 115, 0, 0),
(1, 2, 116, 0, 0),
(1, 2, 117, 0, 0),
(1, 2, 118, 0, 0),
(1, 2, 119, 0, 0),
(1, 2, 120, 0, 0),
(1, 2, 121, 0, 0),
(1, 2, 122, 0, 0),
(1, 2, 123, 0, 0),
(1, 2, 124, 0, 0),
(1, 2, 125, 0, 0),
(1, 26, 126, 0, 0),
(1, 26, 127, 0, 0),
(1, 26, 128, 0, 0),
(1, 26, 129, 0, 0),
(1, 26, 130, 0, 0),
(1, 26, 131, 0, 0),
(1, 26, 132, 0, 0),
(1, 26, 133, 0, 0),
(1, 26, 134, 0, 0),
(1, 26, 135, 0, 0),
(1, 26, 136, 0, 0),
(1, 26, 137, 0, 0),
(1, 26, 138, 0, 0),
(1, 26, 139, 0, 0),
(1, 26, 140, 0, 0),
(1, 26, 141, 0, 0),
(1, 26, 142, 0, 0),
(1, 26, 143, 0, 0),
(1, 26, 144, 0, 0),
(1, 26, 145, 0, 0),
(1, 26, 146, 0, 0),
(1, 26, 147, 0, 0),
(1, 26, 148, 0, 0),
(1, 26, 149, 0, 0),
(1, 26, 150, 0, 0),
(1, 4, 151, 0, 0),
(1, 6, 152, 0, 0),
(1, 7, 153, 0, 0),
(1, 26, 154, 0, 0),
(1, 13, 155, 0, 0),
(1, 13, 156, 0, 0),
(1, 13, 157, 0, 0),
(1, 13, 158, 0, 0),
(1, 13, 159, 0, 0),
(1, 13, 160, 0, 0),
(1, 13, 161, 0, 0),
(1, 13, 162, 0, 0),
(1, 13, 163, 0, 0),
(1, 13, 164, 0, 0),
(1, 13, 165, 0, 0),
(1, 13, 166, 0, 0),
(1, 13, 167, 0, 0),
(1, 13, 168, 0, 0),
(1, 13, 169, 0, 0),
(1, 13, 170, 0, 0),
(1, 13, 171, 0, 0),
(1, 13, 172, 0, 0),
(1, 14, 173, 0, 0),
(1, 14, 174, 0, 0),
(1, 14, 175, 0, 0),
(1, 14, 176, 0, 0),
(1, 14, 177, 0, 0),
(1, 14, 178, 0, 0),
(1, 14, 179, 0, 0),
(1, 14, 180, 0, 0),
(1, 14, 181, 0, 0),
(1, 14, 182, 0, 0),
(1, 14, 183, 0, 0),
(1, 14, 184, 0, 0),
(1, 14, 185, 0, 0),
(1, 14, 186, 0, 0),
(1, 14, 187, 0, 0),
(1, 14, 188, 0, 0),
(1, 14, 189, 0, 0),
(1, 14, 190, 0, 0),
(1, 14, 191, 0, 0),
(1, 14, 192, 0, 0),
(1, 14, 193, 0, 0),
(1, 14, 194, 0, 0),
(1, 14, 195, 0, 0),
(1, 14, 196, 0, 0),
(1, 14, 197, 0, 0),
(1, 14, 198, 0, 0),
(1, 14, 199, 0, 0),
(1, 14, 200, 0, 0),
(1, 14, 201, 0, 0),
(1, 14, 202, 0, 0),
(1, 14, 203, 0, 0),
(1, 8, 204, 0, 0),
(1, 8, 205, 0, 0),
(1, 8, 206, 0, 0),
(1, 8, 207, 0, 0),
(1, 8, 208, 0, 0),
(1, 8, 209, 0, 0),
(1, 8, 210, 0, 0),
(1, 8, 211, 0, 0),
(1, 8, 212, 0, 0),
(1, 8, 213, 0, 0),
(1, 8, 214, 0, 0),
(1, 8, 215, 0, 0),
(1, 8, 216, 0, 0),
(1, 8, 217, 0, 0),
(1, 8, 218, 0, 0),
(1, 10, 219, 0, 0),
(1, 10, 220, 0, 0),
(1, 10, 221, 0, 0),
(1, 10, 222, 0, 0),
(1, 10, 223, 0, 0),
(1, 10, 224, 0, 0),
(1, 10, 225, 0, 0),
(1, 10, 226, 0, 0),
(1, 10, 227, 0, 0),
(1, 10, 228, 0, 0),
(1, 10, 229, 0, 0),
(1, 10, 230, 0, 0),
(1, 9, 231, 0, 0),
(1, 9, 232, 0, 0),
(1, 9, 233, 0, 0),
(1, 9, 234, 0, 0),
(1, 9, 235, 0, 0),
(1, 9, 236, 0, 0),
(1, 9, 237, 0, 0),
(1, 9, 238, 0, 0),
(1, 9, 239, 0, 0),
(1, 9, 240, 0, 0),
(1, 9, 241, 0, 0),
(1, 9, 242, 0, 0),
(1, 9, 243, 0, 0),
(1, 9, 244, 0, 0),
(1, 9, 245, 0, 0),
(1, 9, 246, 0, 0),
(1, 9, 247, 0, 0),
(1, 9, 248, 0, 0),
(1, 9, 249, 0, 0),
(1, 9, 250, 0, 0),
(1, 9, 251, 0, 0),
(1, 9, 252, 0, 0),
(1, 9, 253, 0, 0),
(1, 9, 254, 0, 0),
(1, 16, 255, 0, 0),
(1, 16, 256, 0, 0),
(1, 16, 257, 0, 0),
(1, 16, 258, 0, 0),
(1, 16, 259, 0, 0),
(1, 16, 260, 0, 0),
(1, 16, 261, 0, 0),
(1, 16, 262, 0, 0),
(1, 16, 263, 0, 0),
(1, 16, 264, 0, 0),
(1, 16, 265, 0, 0),
(1, 16, 266, 0, 0),
(1, 16, 267, 0, 0),
(1, 16, 268, 0, 0),
(1, 16, 269, 0, 0),
(1, 16, 270, 0, 0),
(1, 16, 271, 0, 0),
(1, 16, 272, 0, 0),
(1, 16, 273, 0, 0),
(1, 16, 274, 0, 0),
(1, 16, 275, 0, 0),
(1, 16, 276, 0, 0),
(1, 16, 277, 0, 0),
(1, 15, 278, 0, 0),
(1, 15, 279, 0, 0),
(1, 15, 280, 0, 0),
(1, 15, 281, 0, 0),
(1, 15, 282, 0, 0),
(1, 15, 283, 0, 0),
(1, 15, 284, 0, 0),
(1, 15, 285, 0, 0),
(1, 15, 286, 0, 0),
(1, 15, 287, 0, 0),
(1, 18, 288, 0, 0),
(1, 18, 289, 0, 0),
(1, 18, 290, 0, 0),
(1, 18, 291, 0, 0),
(1, 18, 292, 0, 0),
(1, 18, 293, 0, 0),
(1, 18, 294, 0, 0),
(1, 18, 295, 0, 0),
(1, 18, 296, 0, 0),
(1, 18, 297, 0, 0),
(1, 18, 298, 0, 0),
(1, 18, 299, 0, 0),
(1, 18, 300, 0, 0),
(1, 18, 301, 0, 0),
(1, 18, 302, 0, 0),
(1, 18, 303, 0, 0),
(1, 18, 304, 0, 0),
(1, 19, 305, 0, 0),
(1, 19, 306, 0, 0),
(1, 19, 307, 0, 0),
(1, 19, 308, 0, 0),
(1, 19, 309, 0, 0),
(1, 19, 310, 0, 0),
(1, 19, 311, 0, 0),
(1, 19, 312, 0, 0),
(1, 20, 313, 0, 0),
(1, 20, 314, 0, 0),
(1, 20, 315, 0, 0),
(1, 20, 316, 0, 0),
(1, 20, 317, 0, 0),
(1, 20, 318, 0, 0),
(1, 20, 319, 0, 0),
(1, 20, 320, 0, 0),
(1, 20, 321, 0, 0),
(1, 20, 322, 0, 0),
(1, 20, 323, 0, 0),
(1, 20, 324, 0, 0),
(1, 20, 325, 0, 0),
(1, 20, 326, 0, 0),
(1, 20, 327, 0, 0),
(1, 20, 328, 0, 0),
(1, 20, 329, 0, 0),
(1, 20, 330, 0, 0),
(1, 20, 331, 0, 0),
(1, 20, 332, 0, 0),
(1, 20, 333, 0, 0),
(1, 20, 334, 0, 0),
(1, 20, 335, 0, 0),
(1, 20, 336, 0, 0),
(1, 20, 337, 0, 0),
(1, 20, 338, 0, 0),
(1, 20, 339, 0, 0),
(1, 20, 340, 0, 0),
(1, 20, 341, 0, 0),
(1, 20, 342, 0, 0),
(1, 20, 343, 0, 0),
(1, 20, 344, 0, 0),
(1, 20, 345, 0, 0),
(1, 20, 346, 0, 0),
(1, 20, 347, 0, 0),
(1, 20, 348, 0, 0),
(1, 20, 349, 0, 0),
(1, 21, 350, 0, 0),
(1, 21, 351, 0, 0),
(1, 21, 352, 0, 0),
(1, 21, 353, 0, 0),
(1, 21, 354, 0, 0),
(1, 21, 355, 0, 0),
(1, 21, 356, 0, 0),
(1, 21, 357, 0, 0),
(1, 21, 358, 0, 0),
(1, 21, 359, 0, 0),
(1, 21, 360, 0, 0),
(1, 21, 361, 0, 0),
(1, 21, 362, 0, 0),
(1, 21, 363, 0, 0),
(1, 21, 364, 0, 0),
(1, 21, 365, 0, 0),
(1, 21, 366, 0, 0),
(1, 21, 367, 0, 0),
(1, 21, 368, 0, 0),
(1, 21, 369, 0, 0),
(1, 21, 370, 0, 0),
(1, 21, 371, 0, 0),
(1, 21, 372, 0, 0),
(1, 21, 373, 0, 0),
(1, 21, 374, 0, 0),
(1, 21, 375, 0, 0),
(1, 21, 376, 0, 0),
(1, 21, 377, 0, 0),
(1, 21, 378, 0, 0),
(1, 21, 379, 0, 0),
(1, 21, 380, 0, 0),
(1, 21, 381, 0, 0),
(1, 21, 382, 0, 0),
(1, 21, 383, 0, 0),
(1, 21, 384, 0, 0),
(1, 21, 385, 0, 0),
(1, 21, 386, 0, 0),
(1, 21, 387, 0, 0),
(1, 22, 388, 0, 0),
(1, 22, 389, 0, 0),
(1, 22, 390, 0, 0),
(1, 22, 391, 0, 0),
(1, 22, 392, 0, 0),
(1, 22, 393, 0, 0),
(1, 22, 394, 0, 0),
(1, 22, 395, 0, 0),
(1, 22, 396, 0, 0),
(1, 22, 397, 0, 0),
(1, 22, 398, 0, 0),
(1, 22, 399, 0, 0),
(1, 22, 400, 0, 0),
(1, 22, 401, 0, 0),
(1, 22, 402, 0, 0),
(1, 22, 403, 0, 0),
(1, 22, 404, 0, 0),
(1, 22, 405, 0, 0),
(1, 22, 406, 0, 0),
(1, 22, 407, 0, 0),
(1, 22, 408, 0, 0),
(1, 22, 409, 0, 0),
(1, 22, 410, 0, 0),
(1, 22, 411, 0, 0),
(1, 22, 412, 0, 0),
(1, 22, 413, 0, 0),
(1, 22, 414, 0, 0),
(1, 22, 415, 0, 0),
(1, 22, 416, 0, 0),
(1, 22, 417, 0, 0),
(1, 22, 418, 0, 0),
(1, 22, 419, 0, 0),
(1, 22, 420, 0, 0),
(1, 22, 421, 0, 0),
(1, 22, 422, 0, 0),
(1, 22, 423, 0, 0),
(1, 22, 424, 0, 0),
(1, 22, 425, 0, 0),
(1, 22, 426, 0, 0),
(1, 22, 427, 0, 0),
(1, 22, 428, 0, 0),
(1, 22, 429, 0, 0),
(1, 22, 430, 0, 0),
(1, 22, 431, 0, 0),
(1, 22, 432, 0, 0),
(1, 22, 433, 0, 0),
(1, 22, 434, 0, 0),
(1, 23, 435, 0, 0),
(1, 23, 436, 0, 0),
(1, 23, 437, 0, 0),
(1, 23, 438, 0, 0),
(1, 23, 439, 0, 0),
(1, 23, 440, 0, 0),
(1, 23, 441, 0, 0),
(1, 23, 442, 0, 0),
(1, 23, 443, 0, 0),
(1, 23, 444, 0, 0),
(1, 23, 445, 0, 0),
(1, 23, 446, 0, 0),
(1, 23, 447, 0, 0),
(1, 23, 448, 0, 0),
(1, 23, 449, 0, 0),
(1, 23, 450, 0, 0),
(1, 23, 451, 0, 0),
(1, 23, 452, 0, 0),
(1, 23, 453, 0, 0),
(1, 23, 454, 0, 0),
(1, 23, 455, 0, 0),
(1, 23, 456, 0, 0),
(1, 23, 457, 0, 0),
(1, 23, 458, 0, 0),
(1, 23, 459, 0, 0),
(1, 23, 460, 0, 0),
(1, 23, 461, 0, 0),
(1, 23, 462, 0, 0),
(1, 23, 463, 0, 0),
(1, 23, 464, 0, 0),
(1, 23, 465, 0, 0),
(1, 23, 466, 0, 0),
(1, 23, 467, 0, 0),
(1, 23, 468, 0, 0),
(1, 23, 469, 0, 0),
(1, 23, 470, 0, 0),
(1, 23, 471, 0, 0),
(1, 23, 472, 0, 0),
(1, 23, 473, 0, 0),
(1, 29, 474, 0, 0),
(1, 29, 478, 0, 0),
(1, 29, 479, 0, 0),
(1, 29, 481, 0, 0),
(1, 29, 488, 0, 0),
(1, 29, 489, 0, 0),
(1, 29, 490, 0, 0),
(1, 29, 491, 0, 0),
(1, 29, 493, 0, 0),
(1, 29, 494, 0, 0),
(1, 29, 495, 0, 0),
(1, 29, 496, 0, 0),
(1, 29, 497, 0, 0),
(1, 29, 502, 0, 0),
(1, 29, 503, 0, 0),
(1, 29, 504, 0, 0),
(1, 29, 505, 0, 0),
(1, 29, 513, 0, 0),
(1, 10, 518, 0, 0),
(1, 10, 519, 0, 0),
(1, 10, 520, 0, 0),
(1, 10, 521, 0, 0),
(1, 10, 522, 0, 0),
(1, 10, 523, 0, 0),
(1, 2, 524, 0, 0),
(1, 29, 525, 0, 0),
(1, 23, 526, 0, 0),
(1, 23, 527, 0, 0),
(1, 23, 528, 0, 0),
(1, 23, 529, 0, 0),
(1, 23, 530, 0, 0),
(1, 23, 531, 0, 0),
(1, 23, 532, 0, 0),
(1, 23, 533, 0, 0),
(1, 23, 534, 0, 0),
(1, 22, 535, 0, 0),
(1, 22, 536, 0, 0),
(1, 22, 537, 0, 0),
(1, 22, 538, 0, 0),
(1, 22, 539, 0, 0),
(1, 22, 540, 0, 0),
(1, 22, 541, 0, 0),
(1, 22, 542, 0, 0),
(1, 22, 543, 0, 0),
(1, 21, 544, 0, 0),
(1, 21, 545, 0, 0),
(1, 21, 546, 0, 0),
(1, 21, 547, 0, 0),
(1, 21, 548, 0, 0),
(1, 21, 549, 0, 0),
(1, 21, 550, 0, 0),
(1, 21, 551, 0, 0),
(1, 21, 552, 0, 0),
(1, 20, 553, 0, 0),
(1, 20, 554, 0, 0),
(1, 20, 555, 0, 0),
(1, 20, 556, 0, 0),
(1, 20, 557, 0, 0),
(1, 20, 558, 0, 0),
(1, 20, 559, 0, 0),
(1, 20, 560, 0, 0),
(1, 20, 561, 0, 0),
(1, 29, 562, 0, 0),
(1, 29, 563, 0, 0),
(1, 29, 564, 0, 0),
(1, 29, 565, 0, 0),
(1, 23, 566, 0, 0),
(1, 22, 567, 0, 0),
(1, 21, 568, 0, 0),
(1, 20, 569, 0, 0),
(1, 29, 570, 0, 0),
(1, 6, 571, 0, 0),
(1, 4, 572, 0, 0),
(1, 2, 573, 0, 0),
(1, 29, 574, 0, 0),
(1, 23, 575, 0, 0),
(1, 23, 576, 0, 0),
(1, 21, 577, 0, 0),
(1, 21, 578, 0, 0),
(1, 18, 579, 0, 0),
(1, 7, 580, 0, 0),
(1, 23, 581, 0, 0),
(1, 20, 582, 0, 0),
(1, 21, 583, 0, 0),
(1, 22, 584, 0, 0),
(1, 29, 585, 0, 0),
(1, 2, 586, 0, 0),
(1, 13, 587, 0, 0),
(1, 29, 588, 0, 0),
(1, 13, 589, 0, 0),
(1, 29, 590, 0, 0),
(1, 29, 591, 0, 0),
(1, 29, 592, 0, 0),
(1, 9, 598, 0, 0),
(1, 29, 610, 0, 0),
(2, 6, 1, 0, 0),
(2, 6, 2, 0, 0),
(2, 6, 3, 0, 0),
(2, 6, 4, 0, 0),
(2, 6, 5, 0, 0),
(2, 6, 6, 0, 0),
(2, 6, 7, 0, 0),
(2, 6, 8, 0, 0),
(2, 6, 9, 0, 0),
(2, 6, 10, 0, 0),
(2, 6, 11, 0, 0),
(2, 6, 12, 0, 0),
(2, 6, 13, 0, 0),
(2, 6, 14, 0, 0),
(2, 6, 15, 0, 0),
(2, 6, 16, 0, 0),
(2, 6, 17, 0, 0),
(2, 6, 18, 0, 0),
(2, 6, 19, 0, 0),
(2, 6, 20, 0, 0),
(2, 6, 21, 0, 0),
(2, 6, 22, 0, 0),
(2, 6, 23, 0, 0),
(2, 6, 24, 0, 0),
(2, 6, 25, 0, 0),
(2, 6, 26, 0, 0),
(2, 6, 27, 0, 0),
(2, 6, 28, 0, 0),
(2, 6, 29, 0, 0),
(2, 6, 30, 0, 0),
(2, 6, 31, 0, 0),
(2, 6, 32, 0, 0),
(2, 6, 33, 0, 0),
(2, 6, 34, 0, 0),
(2, 6, 35, 0, 0),
(2, 6, 36, 0, 0),
(2, 7, 37, 0, 0),
(2, 7, 38, 0, 0),
(2, 7, 39, 0, 0),
(2, 7, 40, 0, 0),
(2, 7, 41, 0, 0),
(2, 7, 42, 0, 0),
(2, 7, 43, 0, 0),
(2, 7, 44, 0, 0),
(2, 7, 45, 0, 0),
(2, 7, 46, 0, 0),
(2, 7, 47, 0, 0),
(2, 7, 48, 0, 0),
(2, 7, 49, 0, 0),
(2, 7, 50, 0, 0),
(2, 7, 51, 0, 0),
(2, 7, 52, 0, 0),
(2, 7, 53, 0, 0),
(2, 7, 54, 0, 0),
(2, 7, 55, 0, 0),
(2, 7, 56, 0, 0),
(2, 7, 57, 0, 0),
(2, 7, 58, 0, 0),
(2, 7, 59, 0, 0),
(2, 7, 60, 0, 0),
(2, 7, 61, 0, 0),
(2, 7, 62, 0, 0),
(2, 7, 63, 0, 0),
(2, 7, 64, 0, 0),
(2, 7, 65, 0, 0),
(2, 4, 66, 0, 0),
(2, 4, 67, 0, 0),
(2, 4, 68, 0, 0),
(2, 4, 69, 0, 0),
(2, 4, 70, 0, 0),
(2, 4, 71, 0, 0),
(2, 4, 72, 0, 0),
(2, 4, 73, 0, 0),
(2, 4, 74, 0, 0),
(2, 4, 75, 0, 0),
(2, 4, 76, 0, 0),
(2, 4, 77, 0, 0),
(2, 4, 78, 0, 0),
(2, 4, 79, 0, 0),
(2, 4, 80, 0, 0),
(2, 4, 81, 0, 0),
(2, 4, 82, 0, 0),
(2, 4, 83, 0, 0),
(2, 4, 84, 0, 0),
(2, 4, 85, 0, 0),
(2, 4, 86, 0, 0),
(2, 4, 87, 0, 0),
(2, 4, 88, 0, 0),
(2, 4, 89, 0, 0),
(2, 4, 90, 0, 0),
(2, 4, 91, 0, 0),
(2, 4, 92, 0, 0),
(2, 4, 93, 0, 0),
(2, 4, 94, 0, 0),
(2, 4, 95, 0, 0),
(2, 4, 96, 0, 0),
(2, 4, 97, 0, 0),
(2, 4, 98, 0, 0),
(2, 4, 99, 0, 0),
(2, 4, 100, 0, 0),
(2, 4, 101, 0, 0),
(2, 4, 102, 0, 0),
(2, 4, 103, 0, 0),
(2, 4, 104, 0, 0),
(2, 4, 105, 0, 0),
(2, 4, 106, 0, 0),
(2, 4, 107, 0, 0),
(2, 4, 108, 0, 0),
(2, 4, 109, 0, 0),
(2, 2, 110, 0, 0),
(2, 2, 111, 0, 0),
(2, 2, 112, 0, 0),
(2, 2, 113, 0, 0),
(2, 2, 114, 0, 0),
(2, 2, 115, 0, 0),
(2, 2, 116, 0, 0),
(2, 2, 117, 0, 0),
(2, 2, 118, 0, 0),
(2, 2, 119, 0, 0),
(2, 2, 120, 0, 0),
(2, 2, 121, 0, 0),
(2, 2, 122, 0, 0),
(2, 2, 123, 0, 0),
(2, 2, 124, 0, 0),
(2, 2, 125, 0, 0),
(2, 26, 126, 0, 0),
(2, 26, 127, 0, 0),
(2, 26, 128, 0, 0),
(2, 26, 129, 0, 0),
(2, 26, 130, 0, 0),
(2, 26, 131, 0, 0),
(2, 26, 132, 0, 0),
(2, 26, 133, 0, 0),
(2, 26, 134, 0, 0),
(2, 26, 135, 0, 0),
(2, 26, 136, 0, 0),
(2, 26, 137, 0, 0),
(2, 26, 138, 0, 0),
(2, 26, 139, 0, 0),
(2, 26, 140, 0, 0),
(2, 26, 141, 0, 0),
(2, 26, 142, 0, 0),
(2, 26, 143, 0, 0),
(2, 26, 144, 0, 0),
(2, 26, 145, 0, 0),
(2, 26, 146, 0, 0),
(2, 26, 147, 0, 0),
(2, 26, 148, 0, 0),
(2, 26, 149, 0, 0),
(2, 26, 150, 0, 0),
(2, 4, 151, 0, 0),
(2, 6, 152, 0, 0),
(2, 7, 153, 0, 0),
(2, 26, 154, 0, 0),
(2, 13, 155, 0, 0),
(2, 13, 156, 0, 0),
(2, 13, 157, 0, 0),
(2, 13, 158, 0, 0),
(2, 13, 159, 0, 0),
(2, 13, 160, 0, 0),
(2, 13, 161, 0, 0),
(2, 13, 162, 0, 0),
(2, 13, 163, 0, 0),
(2, 13, 164, 0, 0),
(2, 13, 165, 0, 0),
(2, 13, 166, 0, 0),
(2, 13, 167, 0, 0),
(2, 13, 168, 0, 0),
(2, 13, 169, 0, 0),
(2, 13, 170, 0, 0),
(2, 13, 171, 0, 0),
(2, 13, 172, 0, 0),
(2, 14, 173, 0, 0),
(2, 14, 174, 0, 0),
(2, 14, 175, 0, 0),
(2, 14, 176, 0, 0),
(2, 14, 177, 0, 0),
(2, 14, 178, 0, 0),
(2, 14, 179, 0, 0),
(2, 14, 180, 0, 0),
(2, 14, 181, 0, 0),
(2, 14, 182, 0, 0),
(2, 14, 183, 0, 0),
(2, 14, 184, 0, 0),
(2, 14, 185, 0, 0),
(2, 14, 186, 0, 0),
(2, 14, 187, 0, 0),
(2, 14, 188, 0, 0),
(2, 14, 189, 0, 0),
(2, 14, 190, 0, 0),
(2, 14, 191, 0, 0),
(2, 14, 192, 0, 0),
(2, 14, 193, 0, 0),
(2, 14, 194, 0, 0),
(2, 14, 195, 0, 0),
(2, 14, 196, 0, 0),
(2, 14, 197, 0, 0),
(2, 14, 198, 0, 0),
(2, 14, 199, 0, 0),
(2, 14, 200, 0, 0),
(2, 14, 201, 0, 0),
(2, 14, 202, 0, 0),
(2, 14, 203, 0, 0),
(2, 8, 204, 0, 0),
(2, 8, 205, 0, 0),
(2, 8, 206, 0, 0),
(2, 8, 207, 0, 0),
(2, 8, 208, 0, 0),
(2, 8, 209, 0, 0),
(2, 8, 210, 0, 0),
(2, 8, 211, 0, 0),
(2, 8, 212, 0, 0),
(2, 8, 213, 0, 0),
(2, 8, 214, 0, 0),
(2, 8, 215, 0, 0),
(2, 8, 216, 0, 0),
(2, 8, 217, 0, 0),
(2, 8, 218, 0, 0),
(2, 10, 219, 0, 0),
(2, 10, 220, 0, 0),
(2, 10, 221, 0, 0),
(2, 10, 222, 0, 0),
(2, 10, 223, 0, 0),
(2, 10, 224, 0, 0),
(2, 10, 225, 0, 0),
(2, 10, 226, 0, 0),
(2, 10, 227, 0, 0),
(2, 10, 228, 0, 0),
(2, 10, 229, 0, 0),
(2, 10, 230, 0, 0),
(2, 9, 231, 0, 0),
(2, 9, 232, 0, 0),
(2, 9, 233, 0, 0),
(2, 9, 234, 0, 0),
(2, 9, 235, 0, 0),
(2, 9, 236, 0, 0),
(2, 9, 237, 0, 0),
(2, 9, 238, 0, 0),
(2, 9, 239, 0, 0),
(2, 9, 240, 0, 0),
(2, 9, 241, 0, 0),
(2, 9, 242, 0, 0),
(2, 9, 243, 0, 0),
(2, 9, 244, 0, 0),
(2, 9, 245, 0, 0),
(2, 9, 246, 0, 0),
(2, 9, 247, 0, 0),
(2, 9, 248, 0, 0),
(2, 9, 249, 0, 0),
(2, 9, 250, 0, 0),
(2, 9, 251, 0, 0),
(2, 9, 252, 0, 0),
(2, 9, 253, 0, 0),
(2, 9, 254, 0, 0),
(2, 16, 255, 0, 0),
(2, 16, 256, 0, 0),
(2, 16, 257, 0, 0),
(2, 16, 258, 0, 0),
(2, 16, 259, 0, 0),
(2, 16, 260, 0, 0),
(2, 16, 261, 0, 0),
(2, 16, 262, 0, 0),
(2, 16, 263, 0, 0),
(2, 16, 264, 0, 0),
(2, 16, 265, 0, 0),
(2, 16, 266, 0, 0),
(2, 16, 267, 0, 0),
(2, 16, 268, 0, 0),
(2, 16, 269, 0, 0),
(2, 16, 270, 0, 0),
(2, 16, 271, 0, 0),
(2, 16, 272, 0, 0),
(2, 16, 273, 0, 0),
(2, 16, 274, 0, 0),
(2, 16, 275, 0, 0),
(2, 16, 276, 0, 0),
(2, 16, 277, 0, 0),
(2, 15, 278, 0, 0),
(2, 15, 279, 0, 0),
(2, 15, 280, 0, 0),
(2, 15, 281, 0, 0),
(2, 15, 282, 0, 0),
(2, 15, 283, 0, 0),
(2, 15, 284, 0, 0),
(2, 15, 285, 0, 0),
(2, 15, 286, 0, 0),
(2, 15, 287, 0, 0),
(2, 18, 288, 0, 0),
(2, 18, 289, 0, 0),
(2, 18, 290, 0, 0),
(2, 18, 291, 0, 0),
(2, 18, 292, 0, 0),
(2, 18, 293, 0, 0),
(2, 18, 294, 0, 0),
(2, 18, 295, 0, 0),
(2, 18, 296, 0, 0),
(2, 18, 297, 0, 0),
(2, 18, 298, 0, 0),
(2, 18, 299, 0, 0),
(2, 18, 300, 0, 0),
(2, 18, 301, 0, 0),
(2, 18, 302, 0, 0),
(2, 18, 303, 0, 0),
(2, 18, 304, 0, 0),
(2, 19, 305, 0, 0),
(2, 19, 306, 0, 0),
(2, 19, 307, 0, 0),
(2, 19, 308, 0, 0),
(2, 19, 309, 0, 0),
(2, 19, 310, 0, 0),
(2, 19, 311, 0, 0),
(2, 19, 312, 0, 0),
(2, 20, 313, 0, 0),
(2, 20, 314, 0, 0),
(2, 20, 315, 0, 0),
(2, 20, 316, 0, 0),
(2, 20, 317, 0, 0),
(2, 20, 318, 0, 0),
(2, 20, 319, 0, 0),
(2, 20, 320, 0, 0),
(2, 20, 321, 0, 0),
(2, 20, 322, 0, 0),
(2, 20, 323, 0, 0),
(2, 20, 324, 0, 0),
(2, 20, 325, 0, 0),
(2, 20, 326, 0, 0),
(2, 20, 327, 0, 0),
(2, 20, 328, 0, 0),
(2, 20, 329, 0, 0),
(2, 20, 330, 0, 0),
(2, 20, 331, 0, 0),
(2, 20, 332, 0, 0),
(2, 20, 333, 0, 0),
(2, 20, 334, 0, 0),
(2, 20, 335, 0, 0),
(2, 20, 336, 0, 0),
(2, 20, 337, 0, 0),
(2, 20, 338, 0, 0),
(2, 20, 339, 0, 0),
(2, 20, 340, 0, 0),
(2, 20, 341, 0, 0),
(2, 20, 342, 0, 0),
(2, 20, 343, 0, 0),
(2, 20, 344, 0, 0),
(2, 20, 345, 0, 0),
(2, 20, 346, 0, 0),
(2, 20, 347, 0, 0),
(2, 20, 348, 0, 0),
(2, 20, 349, 0, 0),
(2, 21, 350, 0, 0),
(2, 21, 351, 0, 0),
(2, 21, 352, 0, 0),
(2, 21, 353, 0, 0),
(2, 21, 354, 0, 0),
(2, 21, 355, 0, 0),
(2, 21, 356, 0, 0),
(2, 21, 357, 0, 0),
(2, 21, 358, 0, 0),
(2, 21, 359, 0, 0),
(2, 21, 360, 0, 0),
(2, 21, 361, 0, 0),
(2, 21, 362, 0, 0),
(2, 21, 363, 0, 0),
(2, 21, 364, 0, 0),
(2, 21, 365, 0, 0),
(2, 21, 366, 0, 0),
(2, 21, 367, 0, 0),
(2, 21, 368, 0, 0),
(2, 21, 369, 0, 0),
(2, 21, 370, 0, 0),
(2, 21, 371, 0, 0),
(2, 21, 372, 0, 0),
(2, 21, 373, 0, 0),
(2, 21, 374, 0, 0),
(2, 21, 375, 0, 0),
(2, 21, 376, 0, 0),
(2, 21, 377, 0, 0),
(2, 21, 378, 0, 0),
(2, 21, 379, 0, 0),
(2, 21, 380, 0, 0),
(2, 21, 381, 0, 0),
(2, 21, 382, 0, 0),
(2, 21, 383, 0, 0),
(2, 21, 384, 0, 0),
(2, 21, 385, 0, 0),
(2, 21, 386, 0, 0),
(2, 21, 387, 0, 0),
(2, 22, 388, 0, 0),
(2, 22, 389, 0, 0),
(2, 22, 390, 0, 0),
(2, 22, 391, 0, 0),
(2, 22, 392, 0, 0),
(2, 22, 393, 0, 0),
(2, 22, 394, 0, 0),
(2, 22, 395, 0, 0),
(2, 22, 396, 0, 0),
(2, 22, 397, 0, 0),
(2, 22, 398, 0, 0),
(2, 22, 399, 0, 0),
(2, 22, 400, 0, 0),
(2, 22, 401, 0, 0),
(2, 22, 402, 0, 0),
(2, 22, 403, 0, 0),
(2, 22, 404, 0, 0),
(2, 22, 405, 0, 0),
(2, 22, 406, 0, 0),
(2, 22, 407, 0, 0),
(2, 22, 408, 0, 0),
(2, 22, 409, 0, 0),
(2, 22, 410, 0, 0),
(2, 22, 411, 0, 0),
(2, 22, 412, 0, 0),
(2, 22, 413, 0, 0),
(2, 22, 414, 0, 0),
(2, 22, 415, 0, 0),
(2, 22, 416, 0, 0),
(2, 22, 417, 0, 0),
(2, 22, 418, 0, 0),
(2, 22, 419, 0, 0),
(2, 22, 420, 0, 0),
(2, 22, 421, 0, 0),
(2, 22, 422, 0, 0),
(2, 22, 423, 0, 0),
(2, 22, 424, 0, 0),
(2, 22, 425, 0, 0),
(2, 22, 426, 0, 0),
(2, 22, 427, 0, 0),
(2, 22, 428, 0, 0),
(2, 22, 429, 0, 0),
(2, 22, 430, 0, 0),
(2, 22, 431, 0, 0),
(2, 22, 432, 0, 0),
(2, 22, 433, 0, 0),
(2, 22, 434, 0, 0),
(2, 23, 435, 0, 0),
(2, 23, 436, 0, 0),
(2, 23, 437, 0, 0),
(2, 23, 438, 0, 0),
(2, 23, 439, 0, 0),
(2, 23, 440, 0, 0),
(2, 23, 441, 0, 0),
(2, 23, 442, 0, 0),
(2, 23, 443, 0, 0),
(2, 23, 444, 0, 0),
(2, 23, 445, 0, 0),
(2, 23, 446, 0, 0),
(2, 23, 447, 0, 0),
(2, 23, 448, 0, 0),
(2, 23, 449, 0, 0),
(2, 23, 450, 0, 0),
(2, 23, 451, 0, 0),
(2, 23, 452, 0, 0),
(2, 23, 453, 0, 0),
(2, 23, 454, 0, 0),
(2, 23, 455, 0, 0),
(2, 23, 456, 0, 0),
(2, 23, 457, 0, 0),
(2, 23, 458, 0, 0),
(2, 23, 459, 0, 0),
(2, 23, 460, 0, 0),
(2, 23, 461, 0, 0),
(2, 23, 462, 0, 0),
(2, 23, 463, 0, 0),
(2, 23, 464, 0, 0),
(2, 23, 465, 0, 0),
(2, 23, 466, 0, 0),
(2, 23, 467, 0, 0),
(2, 23, 468, 0, 0),
(2, 23, 469, 0, 0),
(2, 23, 470, 0, 0),
(2, 23, 471, 0, 0),
(2, 23, 472, 0, 0),
(2, 23, 473, 0, 0),
(2, 29, 474, 0, 0),
(2, 29, 478, 0, 0),
(2, 29, 479, 0, 0),
(2, 29, 481, 0, 0),
(2, 29, 488, 0, 0),
(2, 29, 489, 0, 0),
(2, 29, 490, 0, 0),
(2, 29, 491, 0, 0),
(2, 29, 493, 0, 0),
(2, 29, 494, 0, 0),
(2, 29, 495, 0, 0),
(2, 29, 496, 0, 0),
(2, 29, 497, 0, 0),
(2, 29, 502, 0, 0),
(2, 29, 503, 0, 0),
(2, 29, 504, 0, 0),
(2, 29, 505, 0, 0),
(2, 29, 513, 0, 0),
(2, 10, 518, 0, 0),
(2, 10, 519, 0, 0),
(2, 10, 520, 0, 0),
(2, 10, 521, 0, 0),
(2, 10, 522, 0, 0),
(2, 10, 523, 0, 0),
(2, 2, 524, 0, 0),
(2, 29, 525, 0, 0),
(2, 23, 526, 0, 0),
(2, 23, 527, 0, 0),
(2, 23, 528, 0, 0),
(2, 23, 529, 0, 0),
(2, 23, 530, 0, 0),
(2, 23, 531, 0, 0),
(2, 23, 532, 0, 0),
(2, 23, 533, 0, 0),
(2, 23, 534, 0, 0),
(2, 22, 535, 0, 0),
(2, 22, 536, 0, 0),
(2, 22, 537, 0, 0),
(2, 22, 538, 0, 0),
(2, 22, 539, 0, 0),
(2, 22, 540, 0, 0),
(2, 22, 541, 0, 0),
(2, 22, 542, 0, 0),
(2, 22, 543, 0, 0),
(2, 21, 544, 0, 0),
(2, 21, 545, 0, 0),
(2, 21, 546, 0, 0),
(2, 21, 547, 0, 0),
(2, 21, 548, 0, 0),
(2, 21, 549, 0, 0),
(2, 21, 550, 0, 0),
(2, 21, 551, 0, 0),
(2, 21, 552, 0, 0),
(2, 20, 553, 0, 0),
(2, 20, 554, 0, 0),
(2, 20, 555, 0, 0),
(2, 20, 556, 0, 0),
(2, 20, 557, 0, 0),
(2, 20, 558, 0, 0),
(2, 20, 559, 0, 0),
(2, 20, 560, 0, 0),
(2, 20, 561, 0, 0),
(2, 29, 562, 0, 0),
(2, 29, 563, 0, 0),
(2, 29, 564, 0, 0),
(2, 29, 565, 0, 0),
(2, 23, 566, 0, 0),
(2, 22, 567, 0, 0),
(2, 21, 568, 0, 0),
(2, 20, 569, 0, 0),
(2, 29, 570, 0, 0),
(2, 6, 571, 0, 0),
(2, 4, 572, 0, 0),
(2, 2, 573, 0, 0),
(2, 29, 574, 0, 0),
(2, 23, 575, 0, 0),
(2, 23, 576, 0, 0),
(2, 21, 577, 0, 0),
(2, 21, 578, 0, 0),
(2, 18, 579, 0, 0),
(2, 7, 580, 0, 0),
(2, 23, 581, 0, 0),
(2, 20, 582, 0, 0),
(2, 21, 583, 0, 0),
(2, 22, 584, 0, 0),
(2, 29, 585, 0, 0),
(2, 2, 586, 0, 0),
(2, 13, 587, 0, 0),
(2, 29, 588, 0, 0),
(2, 13, 589, 0, 0),
(2, 29, 590, 0, 0),
(2, 29, 591, 0, 0),
(2, 29, 592, 0, 0),
(2, 9, 598, 0, 0),
(2, 29, 610, 0, 0),
(3, 6, 1, 0, 0),
(3, 6, 2, 0, 0),
(3, 6, 3, 0, 0),
(3, 6, 4, 0, 0),
(3, 6, 5, 0, 0),
(3, 6, 6, 0, 0),
(3, 6, 7, 0, 0),
(3, 6, 8, 0, 0),
(3, 6, 9, 0, 0),
(3, 6, 10, 0, 0),
(3, 6, 11, 0, 0),
(3, 6, 12, 0, 0),
(3, 6, 13, 0, 0),
(3, 6, 14, 0, 0),
(3, 6, 15, 0, 0),
(3, 6, 16, 0, 0),
(3, 6, 17, 0, 0),
(3, 6, 18, 0, 0),
(3, 6, 19, 0, 0),
(3, 6, 20, 0, 0),
(3, 6, 21, 0, 0),
(3, 6, 22, 0, 0),
(3, 6, 23, 0, 0),
(3, 6, 24, 0, 0),
(3, 6, 25, 0, 0),
(3, 6, 26, 0, 0),
(3, 6, 27, 0, 0),
(3, 6, 28, 0, 0),
(3, 6, 29, 0, 0),
(3, 6, 30, 0, 0),
(3, 6, 31, 0, 0),
(3, 6, 32, 0, 0),
(3, 6, 33, 0, 0),
(3, 6, 34, 0, 0),
(3, 6, 35, 0, 0),
(3, 6, 36, 0, 0),
(3, 7, 37, 0, 0),
(3, 7, 38, 0, 0),
(3, 7, 39, 0, 0),
(3, 7, 40, 0, 0),
(3, 7, 41, 0, 0),
(3, 7, 42, 0, 0),
(3, 7, 43, 0, 0),
(3, 7, 44, 0, 0),
(3, 7, 45, 0, 0),
(3, 7, 46, 0, 0),
(3, 7, 47, 0, 0),
(3, 7, 48, 0, 0),
(3, 7, 49, 0, 0),
(3, 7, 50, 0, 0),
(3, 7, 51, 0, 0),
(3, 7, 52, 0, 0),
(3, 7, 53, 0, 0),
(3, 7, 54, 0, 0),
(3, 7, 55, 0, 0),
(3, 7, 56, 0, 0),
(3, 7, 57, 0, 0),
(3, 7, 58, 0, 0),
(3, 7, 59, 0, 0),
(3, 7, 60, 0, 0),
(3, 7, 61, 0, 0),
(3, 7, 62, 0, 0),
(3, 7, 63, 0, 0),
(3, 7, 64, 0, 0),
(3, 7, 65, 0, 0),
(3, 4, 66, 0, 0),
(3, 4, 67, 0, 0),
(3, 4, 68, 0, 0),
(3, 4, 69, 0, 0),
(3, 4, 70, 0, 0),
(3, 4, 71, 0, 0),
(3, 4, 72, 0, 0),
(3, 4, 73, 0, 0),
(3, 4, 74, 0, 0),
(3, 4, 75, 0, 0),
(3, 4, 76, 0, 0),
(3, 4, 77, 0, 0),
(3, 4, 78, 0, 0),
(3, 4, 79, 0, 0),
(3, 4, 80, 0, 0),
(3, 4, 81, 0, 0),
(3, 4, 82, 0, 0),
(3, 4, 83, 0, 0),
(3, 4, 84, 0, 0),
(3, 4, 85, 0, 0),
(3, 4, 86, 0, 0),
(3, 4, 87, 0, 0),
(3, 4, 88, 0, 0),
(3, 4, 89, 0, 0),
(3, 4, 90, 0, 0),
(3, 4, 91, 0, 0),
(3, 4, 92, 0, 0),
(3, 4, 93, 0, 0),
(3, 4, 94, 0, 0),
(3, 4, 95, 0, 0),
(3, 4, 96, 0, 0),
(3, 4, 97, 0, 0),
(3, 4, 98, 0, 0),
(3, 4, 99, 0, 0),
(3, 4, 100, 0, 0),
(3, 4, 101, 0, 0),
(3, 4, 102, 0, 0),
(3, 4, 103, 0, 0),
(3, 4, 104, 0, 0),
(3, 4, 105, 0, 0),
(3, 4, 106, 0, 0),
(3, 4, 107, 0, 0),
(3, 4, 108, 0, 0),
(3, 4, 109, 0, 0),
(3, 2, 110, 0, 0),
(3, 2, 111, 0, 0),
(3, 2, 112, 0, 0),
(3, 2, 113, 0, 0),
(3, 2, 114, 0, 0),
(3, 2, 115, 0, 0),
(3, 2, 116, 0, 0),
(3, 2, 117, 0, 0),
(3, 2, 118, 0, 0),
(3, 2, 119, 0, 0),
(3, 2, 120, 0, 0),
(3, 2, 121, 0, 0),
(3, 2, 122, 0, 0),
(3, 2, 123, 0, 0),
(3, 2, 124, 0, 0),
(3, 2, 125, 0, 0),
(3, 26, 126, 0, 0),
(3, 26, 127, 0, 0),
(3, 26, 128, 0, 0),
(3, 26, 129, 0, 0),
(3, 26, 130, 0, 0),
(3, 26, 131, 0, 0),
(3, 26, 132, 0, 0),
(3, 26, 133, 0, 0),
(3, 26, 134, 0, 0),
(3, 26, 135, 0, 0),
(3, 26, 136, 0, 0),
(3, 26, 137, 0, 0),
(3, 26, 138, 0, 0),
(3, 26, 139, 0, 0),
(3, 26, 140, 0, 0),
(3, 26, 141, 0, 0),
(3, 26, 142, 0, 0),
(3, 26, 143, 0, 0),
(3, 26, 144, 0, 0),
(3, 26, 145, 0, 0),
(3, 26, 146, 0, 0),
(3, 26, 147, 0, 0),
(3, 26, 148, 0, 0),
(3, 26, 149, 0, 0),
(3, 26, 150, 0, 0),
(3, 4, 151, 0, 0),
(3, 6, 152, 0, 0),
(3, 7, 153, 0, 0),
(3, 26, 154, 0, 0),
(3, 13, 155, 0, 0),
(3, 13, 156, 0, 0),
(3, 13, 157, 0, 0),
(3, 13, 158, 0, 0),
(3, 13, 159, 0, 0),
(3, 13, 160, 0, 0),
(3, 13, 161, 0, 0),
(3, 13, 162, 0, 0),
(3, 13, 163, 0, 0),
(3, 13, 164, 0, 0),
(3, 13, 165, 0, 0),
(3, 13, 166, 0, 0),
(3, 13, 167, 0, 0),
(3, 13, 168, 0, 0),
(3, 13, 169, 0, 0),
(3, 13, 170, 0, 0),
(3, 13, 171, 0, 0),
(3, 13, 172, 0, 0),
(3, 14, 173, 0, 0),
(3, 14, 174, 0, 0),
(3, 14, 175, 0, 0),
(3, 14, 176, 0, 0),
(3, 14, 177, 0, 0),
(3, 14, 178, 0, 0),
(3, 14, 179, 0, 0),
(3, 14, 180, 0, 0),
(3, 14, 181, 0, 0),
(3, 14, 182, 0, 0),
(3, 14, 183, 0, 0),
(3, 14, 184, 0, 0),
(3, 14, 185, 0, 0),
(3, 14, 186, 0, 0),
(3, 14, 187, 0, 0),
(3, 14, 188, 0, 0),
(3, 14, 189, 0, 0),
(3, 14, 190, 0, 0),
(3, 14, 191, 0, 0),
(3, 14, 192, 0, 0),
(3, 14, 193, 0, 0),
(3, 14, 194, 0, 0),
(3, 14, 195, 0, 0),
(3, 14, 196, 0, 0),
(3, 14, 197, 0, 0),
(3, 14, 198, 0, 0),
(3, 14, 199, 0, 0),
(3, 14, 200, 0, 0),
(3, 14, 201, 0, 0),
(3, 14, 202, 0, 0),
(3, 14, 203, 0, 0),
(3, 8, 204, 0, 0),
(3, 8, 205, 0, 0),
(3, 8, 206, 0, 0),
(3, 8, 207, 0, 0),
(3, 8, 208, 0, 0),
(3, 8, 209, 0, 0),
(3, 8, 210, 0, 0),
(3, 8, 211, 0, 0),
(3, 8, 212, 0, 0),
(3, 8, 213, 0, 0),
(3, 8, 214, 0, 0),
(3, 8, 215, 0, 0),
(3, 8, 216, 0, 0),
(3, 8, 217, 0, 0),
(3, 8, 218, 0, 0),
(3, 10, 219, 0, 0),
(3, 10, 220, 0, 0),
(3, 10, 221, 0, 0),
(3, 10, 222, 0, 0),
(3, 10, 223, 0, 0),
(3, 10, 224, 0, 0),
(3, 10, 225, 0, 0),
(3, 10, 226, 0, 0),
(3, 10, 227, 0, 0),
(3, 10, 228, 0, 0),
(3, 10, 229, 0, 0),
(3, 10, 230, 0, 0),
(3, 9, 231, 0, 0),
(3, 9, 232, 0, 0),
(3, 9, 233, 0, 0),
(3, 9, 234, 0, 0),
(3, 9, 235, 0, 0),
(3, 9, 236, 0, 0),
(3, 9, 237, 0, 0),
(3, 9, 238, 0, 0),
(3, 9, 239, 0, 0),
(3, 9, 240, 0, 0),
(3, 9, 241, 0, 0),
(3, 9, 242, 0, 0),
(3, 9, 243, 0, 0),
(3, 9, 244, 0, 0),
(3, 9, 245, 0, 0),
(3, 9, 246, 0, 0),
(3, 9, 247, 0, 0),
(3, 9, 248, 0, 0),
(3, 9, 249, 0, 0),
(3, 9, 250, 0, 0),
(3, 9, 251, 0, 0),
(3, 9, 252, 0, 0),
(3, 9, 253, 0, 0),
(3, 9, 254, 0, 0),
(3, 16, 255, 0, 0),
(3, 16, 256, 0, 0),
(3, 16, 257, 0, 0),
(3, 16, 258, 0, 0),
(3, 16, 259, 0, 0),
(3, 16, 260, 0, 0),
(3, 16, 261, 0, 0),
(3, 16, 262, 0, 0),
(3, 16, 263, 0, 0),
(3, 16, 264, 0, 0),
(3, 16, 265, 0, 0),
(3, 16, 266, 0, 0),
(3, 16, 267, 0, 0),
(3, 16, 268, 0, 0),
(3, 16, 269, 0, 0),
(3, 16, 270, 0, 0),
(3, 16, 271, 0, 0),
(3, 16, 272, 0, 0),
(3, 16, 273, 0, 0),
(3, 16, 274, 0, 0),
(3, 16, 275, 0, 0),
(3, 16, 276, 0, 0),
(3, 16, 277, 0, 0),
(3, 15, 278, 0, 0),
(3, 15, 279, 0, 0),
(3, 15, 280, 0, 0),
(3, 15, 281, 0, 0),
(3, 15, 282, 0, 0),
(3, 15, 283, 0, 0),
(3, 15, 284, 0, 0),
(3, 15, 285, 0, 0),
(3, 15, 286, 0, 0),
(3, 15, 287, 0, 0),
(3, 18, 288, 0, 0),
(3, 18, 289, 0, 0),
(3, 18, 290, 0, 0),
(3, 18, 291, 0, 0),
(3, 18, 292, 0, 0),
(3, 18, 293, 0, 0),
(3, 18, 294, 0, 0),
(3, 18, 295, 0, 0),
(3, 18, 296, 0, 0),
(3, 18, 297, 0, 0),
(3, 18, 298, 0, 0),
(3, 18, 299, 0, 0),
(3, 18, 300, 0, 0),
(3, 18, 301, 0, 0),
(3, 18, 302, 0, 0),
(3, 18, 303, 0, 0),
(3, 18, 304, 0, 0),
(3, 19, 305, 0, 0),
(3, 19, 306, 0, 0),
(3, 19, 307, 0, 0),
(3, 19, 308, 0, 0),
(3, 19, 309, 0, 0),
(3, 19, 310, 0, 0),
(3, 19, 311, 0, 0),
(3, 19, 312, 0, 0),
(3, 20, 313, 0, 0),
(3, 20, 314, 0, 0),
(3, 20, 315, 0, 0),
(3, 20, 316, 0, 0),
(3, 20, 317, 0, 0),
(3, 20, 318, 0, 0),
(3, 20, 319, 0, 0),
(3, 20, 320, 0, 0),
(3, 20, 321, 0, 0),
(3, 20, 322, 0, 0),
(3, 20, 323, 0, 0),
(3, 20, 324, 0, 0),
(3, 20, 325, 0, 0),
(3, 20, 326, 0, 0),
(3, 20, 327, 0, 0),
(3, 20, 328, 0, 0),
(3, 20, 329, 0, 0),
(3, 20, 330, 0, 0),
(3, 20, 331, 0, 0),
(3, 20, 332, 0, 0),
(3, 20, 333, 0, 0),
(3, 20, 334, 0, 0),
(3, 20, 335, 0, 0),
(3, 20, 336, 0, 0),
(3, 20, 337, 0, 0),
(3, 20, 338, 0, 0),
(3, 20, 339, 0, 0),
(3, 20, 340, 0, 0),
(3, 20, 341, 0, 0),
(3, 20, 342, 0, 0),
(3, 20, 343, 0, 0),
(3, 20, 344, 0, 0),
(3, 20, 345, 0, 0),
(3, 20, 346, 0, 0),
(3, 20, 347, 0, 0),
(3, 20, 348, 0, 0),
(3, 20, 349, 0, 0),
(3, 21, 350, 0, 0),
(3, 21, 351, 0, 0),
(3, 21, 352, 0, 0),
(3, 21, 353, 0, 0),
(3, 21, 354, 0, 0),
(3, 21, 355, 0, 0),
(3, 21, 356, 0, 0),
(3, 21, 357, 0, 0),
(3, 21, 358, 0, 0),
(3, 21, 359, 0, 0),
(3, 21, 360, 0, 0),
(3, 21, 361, 0, 0),
(3, 21, 362, 0, 0),
(3, 21, 363, 0, 0),
(3, 21, 364, 0, 0),
(3, 21, 365, 0, 0),
(3, 21, 366, 0, 0),
(3, 21, 367, 0, 0),
(3, 21, 368, 0, 0),
(3, 21, 369, 0, 0),
(3, 21, 370, 0, 0),
(3, 21, 371, 0, 0),
(3, 21, 372, 0, 0),
(3, 21, 373, 0, 0),
(3, 21, 374, 0, 0),
(3, 21, 375, 0, 0),
(3, 21, 376, 0, 0),
(3, 21, 377, 0, 0),
(3, 21, 378, 0, 0),
(3, 21, 379, 0, 0),
(3, 21, 380, 0, 0),
(3, 21, 381, 0, 0),
(3, 21, 382, 0, 0),
(3, 21, 383, 0, 0),
(3, 21, 384, 0, 0),
(3, 21, 385, 0, 0),
(3, 21, 386, 0, 0),
(3, 21, 387, 0, 0),
(3, 22, 388, 0, 0),
(3, 22, 389, 0, 0),
(3, 22, 390, 0, 0),
(3, 22, 391, 0, 0),
(3, 22, 392, 0, 0),
(3, 22, 393, 0, 0),
(3, 22, 394, 0, 0),
(3, 22, 395, 0, 0),
(3, 22, 396, 0, 0),
(3, 22, 397, 0, 0),
(3, 22, 398, 0, 0),
(3, 22, 399, 0, 0),
(3, 22, 400, 0, 0),
(3, 22, 401, 0, 0),
(3, 22, 402, 0, 0),
(3, 22, 403, 0, 0),
(3, 22, 404, 0, 0),
(3, 22, 405, 0, 0),
(3, 22, 406, 0, 0),
(3, 22, 407, 0, 0),
(3, 22, 408, 0, 0),
(3, 22, 409, 0, 0),
(3, 22, 410, 0, 0),
(3, 22, 411, 0, 0),
(3, 22, 412, 0, 0),
(3, 22, 413, 0, 0),
(3, 22, 414, 0, 0),
(3, 22, 415, 0, 0),
(3, 22, 416, 0, 0),
(3, 22, 417, 0, 0),
(3, 22, 418, 0, 0),
(3, 22, 419, 0, 0),
(3, 22, 420, 0, 0),
(3, 22, 421, 0, 0),
(3, 22, 422, 0, 0),
(3, 22, 423, 0, 0),
(3, 22, 424, 0, 0),
(3, 22, 425, 0, 0),
(3, 22, 426, 0, 0),
(3, 22, 427, 0, 0),
(3, 22, 428, 0, 0),
(3, 22, 429, 0, 0),
(3, 22, 430, 0, 0),
(3, 22, 431, 0, 0),
(3, 22, 432, 0, 0),
(3, 22, 433, 0, 0),
(3, 22, 434, 0, 0),
(3, 23, 435, 0, 0),
(3, 23, 436, 0, 0),
(3, 23, 437, 0, 0),
(3, 23, 438, 0, 0),
(3, 23, 439, 0, 0),
(3, 23, 440, 0, 0),
(3, 23, 441, 0, 0),
(3, 23, 442, 0, 0),
(3, 23, 443, 0, 0),
(3, 23, 444, 0, 0),
(3, 23, 445, 0, 0),
(3, 23, 446, 0, 0),
(3, 23, 447, 0, 0),
(3, 23, 448, 0, 0),
(3, 23, 449, 0, 0),
(3, 23, 450, 0, 0),
(3, 23, 451, 0, 0),
(3, 23, 452, 0, 0),
(3, 23, 453, 0, 0),
(3, 23, 454, 0, 0),
(3, 23, 455, 0, 0),
(3, 23, 456, 0, 0),
(3, 23, 457, 0, 0),
(3, 23, 458, 0, 0),
(3, 23, 459, 0, 0),
(3, 23, 460, 0, 0),
(3, 23, 461, 0, 0),
(3, 23, 462, 0, 0),
(3, 23, 463, 0, 0),
(3, 23, 464, 0, 0),
(3, 23, 465, 0, 0),
(3, 23, 466, 0, 0),
(3, 23, 467, 0, 0),
(3, 23, 468, 0, 0),
(3, 23, 469, 0, 0),
(3, 23, 470, 0, 0),
(3, 23, 471, 0, 0),
(3, 23, 472, 0, 0),
(3, 23, 473, 0, 0),
(3, 29, 474, 0, 0),
(3, 29, 478, 0, 0),
(3, 29, 479, 0, 0),
(3, 29, 481, 0, 0),
(3, 29, 488, 0, 0),
(3, 29, 489, 0, 0),
(3, 29, 490, 0, 0),
(3, 29, 491, 0, 0),
(3, 29, 493, 0, 0),
(3, 29, 494, 0, 0),
(3, 29, 495, 0, 0),
(3, 29, 496, 0, 0),
(3, 29, 497, 0, 0),
(3, 29, 502, 0, 0),
(3, 29, 503, 0, 0),
(3, 29, 504, 0, 0),
(3, 29, 505, 0, 0),
(3, 29, 513, 0, 0),
(3, 10, 518, 0, 0),
(3, 10, 519, 0, 0),
(3, 10, 520, 0, 0),
(3, 10, 521, 0, 0),
(3, 10, 522, 0, 0),
(3, 10, 523, 0, 0),
(3, 2, 524, 0, 0),
(3, 29, 525, 0, 0),
(3, 23, 526, 0, 0),
(3, 23, 527, 0, 0),
(3, 23, 528, 0, 0),
(3, 23, 529, 0, 0),
(3, 23, 530, 0, 0),
(3, 23, 531, 0, 0),
(3, 23, 532, 0, 0),
(3, 23, 533, 0, 0),
(3, 23, 534, 0, 0),
(3, 22, 535, 0, 0),
(3, 22, 536, 0, 0),
(3, 22, 537, 0, 0),
(3, 22, 538, 0, 0),
(3, 22, 539, 0, 0),
(3, 22, 540, 0, 0),
(3, 22, 541, 0, 0),
(3, 22, 542, 0, 0),
(3, 22, 543, 0, 0),
(3, 21, 544, 0, 0),
(3, 21, 545, 0, 0),
(3, 21, 546, 0, 0),
(3, 21, 547, 0, 0),
(3, 21, 548, 0, 0),
(3, 21, 549, 0, 0),
(3, 21, 550, 0, 0),
(3, 21, 551, 0, 0),
(3, 21, 552, 0, 0),
(3, 20, 553, 0, 0),
(3, 20, 554, 0, 0),
(3, 20, 555, 0, 0),
(3, 20, 556, 0, 0),
(3, 20, 557, 0, 0),
(3, 20, 558, 0, 0),
(3, 20, 559, 0, 0),
(3, 20, 560, 0, 0),
(3, 20, 561, 0, 0),
(3, 29, 562, 0, 0),
(3, 29, 563, 0, 0),
(3, 29, 564, 0, 0),
(3, 29, 565, 0, 0),
(3, 23, 566, 0, 0),
(3, 22, 567, 0, 0),
(3, 21, 568, 0, 0),
(3, 20, 569, 0, 0),
(3, 29, 570, 0, 0),
(3, 6, 571, 0, 0),
(3, 4, 572, 0, 0),
(3, 2, 573, 0, 0),
(3, 29, 574, 0, 0),
(3, 23, 575, 0, 0),
(3, 23, 576, 0, 0),
(3, 21, 577, 0, 0),
(3, 21, 578, 0, 0),
(3, 18, 579, 0, 0),
(3, 7, 580, 0, 0),
(3, 23, 581, 0, 0),
(3, 20, 582, 0, 0),
(3, 21, 583, 0, 0),
(3, 22, 584, 0, 0),
(3, 29, 585, 0, 0),
(3, 2, 586, 0, 0),
(3, 13, 587, 0, 0),
(3, 29, 588, 0, 0),
(3, 13, 589, 0, 0),
(3, 29, 590, 0, 0),
(3, 29, 591, 0, 0),
(3, 29, 592, 0, 0),
(3, 9, 598, 0, 0),
(3, 29, 610, 0, 0),
(4, 6, 1, 0, 0),
(4, 6, 2, 0, 0),
(4, 6, 3, 0, 0),
(4, 6, 4, 0, 0),
(4, 6, 5, 0, 0),
(4, 6, 6, 0, 0),
(4, 6, 7, 0, 0),
(4, 6, 8, 0, 0),
(4, 6, 9, 0, 0),
(4, 6, 10, 0, 0),
(4, 6, 11, 0, 0),
(4, 6, 12, 0, 0),
(4, 6, 13, 0, 0),
(4, 6, 14, 0, 0),
(4, 6, 15, 0, 0),
(4, 6, 16, 0, 0),
(4, 6, 17, 0, 0),
(4, 6, 18, 0, 0),
(4, 6, 19, 0, 0),
(4, 6, 20, 0, 0),
(4, 6, 21, 0, 0),
(4, 6, 22, 0, 0),
(4, 6, 23, 0, 0),
(4, 6, 24, 0, 0),
(4, 6, 25, 0, 0),
(4, 6, 26, 0, 0),
(4, 6, 27, 0, 0),
(4, 6, 28, 0, 0),
(4, 6, 29, 0, 0),
(4, 6, 30, 0, 0),
(4, 6, 31, 0, 0),
(4, 6, 32, 0, 0),
(4, 6, 33, 0, 0),
(4, 6, 34, 0, 0),
(4, 6, 35, 0, 0),
(4, 6, 36, 0, 0),
(4, 7, 37, 0, 0),
(4, 7, 38, 0, 0),
(4, 7, 39, 0, 0),
(4, 7, 40, 0, 0),
(4, 7, 41, 0, 0),
(4, 7, 42, 0, 0),
(4, 7, 43, 0, 0),
(4, 7, 44, 0, 0),
(4, 7, 45, 0, 0),
(4, 7, 46, 0, 0),
(4, 7, 47, 0, 0),
(4, 7, 48, 0, 0),
(4, 7, 49, 0, 0),
(4, 7, 50, 0, 0),
(4, 7, 51, 0, 0),
(4, 7, 52, 0, 0),
(4, 7, 53, 0, 0),
(4, 7, 54, 0, 0),
(4, 7, 55, 0, 0),
(4, 7, 56, 0, 0),
(4, 7, 57, 0, 0),
(4, 7, 58, 0, 0),
(4, 7, 59, 0, 0),
(4, 7, 60, 0, 0),
(4, 7, 61, 0, 0),
(4, 7, 62, 0, 0),
(4, 7, 63, 0, 0),
(4, 7, 64, 0, 0),
(4, 7, 65, 0, 0),
(4, 4, 66, 0, 0),
(4, 4, 67, 0, 0),
(4, 4, 68, 0, 0),
(4, 4, 69, 0, 0),
(4, 4, 70, 0, 0),
(4, 4, 71, 0, 0),
(4, 4, 72, 0, 0),
(4, 4, 73, 0, 0),
(4, 4, 74, 0, 0),
(4, 4, 75, 0, 0),
(4, 4, 76, 0, 0),
(4, 4, 77, 0, 0),
(4, 4, 78, 0, 0),
(4, 4, 79, 0, 0),
(4, 4, 80, 0, 0),
(4, 4, 81, 0, 0),
(4, 4, 82, 0, 0),
(4, 4, 83, 0, 0),
(4, 4, 84, 0, 0),
(4, 4, 85, 0, 0),
(4, 4, 86, 0, 0),
(4, 4, 87, 0, 0),
(4, 4, 88, 0, 0),
(4, 4, 89, 0, 0),
(4, 4, 90, 0, 0),
(4, 4, 91, 0, 0),
(4, 4, 92, 0, 0),
(4, 4, 93, 0, 0),
(4, 4, 94, 0, 0),
(4, 4, 95, 0, 0),
(4, 4, 96, 0, 0),
(4, 4, 97, 0, 0),
(4, 4, 98, 0, 0),
(4, 4, 99, 0, 0),
(4, 4, 100, 0, 0),
(4, 4, 101, 0, 0),
(4, 4, 102, 0, 0),
(4, 4, 103, 0, 0),
(4, 4, 104, 0, 0),
(4, 4, 105, 0, 0),
(4, 4, 106, 0, 0),
(4, 4, 107, 0, 0),
(4, 4, 108, 0, 0),
(4, 4, 109, 0, 0),
(4, 2, 110, 0, 0),
(4, 2, 111, 0, 0),
(4, 2, 112, 0, 0),
(4, 2, 113, 0, 0),
(4, 2, 114, 0, 0),
(4, 2, 115, 0, 0),
(4, 2, 116, 0, 0),
(4, 2, 117, 0, 0),
(4, 2, 118, 0, 0),
(4, 2, 119, 0, 0),
(4, 2, 120, 0, 0),
(4, 2, 121, 0, 0),
(4, 2, 122, 0, 0),
(4, 2, 123, 0, 0),
(4, 2, 124, 0, 0),
(4, 2, 125, 0, 0),
(4, 26, 126, 0, 0),
(4, 26, 127, 0, 0),
(4, 26, 128, 0, 0),
(4, 26, 129, 0, 0),
(4, 26, 130, 0, 0),
(4, 26, 131, 0, 0),
(4, 26, 132, 0, 0),
(4, 26, 133, 0, 0),
(4, 26, 134, 0, 0),
(4, 26, 135, 0, 0),
(4, 26, 136, 0, 0),
(4, 26, 137, 0, 0),
(4, 26, 138, 0, 0),
(4, 26, 139, 0, 0),
(4, 26, 140, 0, 0),
(4, 26, 141, 0, 0),
(4, 26, 142, 0, 0),
(4, 26, 143, 0, 0),
(4, 26, 144, 0, 0),
(4, 26, 145, 0, 0),
(4, 26, 146, 0, 0),
(4, 26, 147, 0, 0),
(4, 26, 148, 0, 0),
(4, 26, 149, 0, 0),
(4, 26, 150, 0, 0),
(4, 4, 151, 0, 0),
(4, 6, 152, 0, 0),
(4, 7, 153, 0, 0),
(4, 26, 154, 0, 0),
(4, 13, 155, 0, 0),
(4, 13, 156, 0, 0),
(4, 13, 157, 0, 0),
(4, 13, 158, 0, 0),
(4, 13, 159, 0, 0),
(4, 13, 160, 0, 0),
(4, 13, 161, 0, 0),
(4, 13, 162, 0, 0),
(4, 13, 163, 0, 0),
(4, 13, 164, 0, 0),
(4, 13, 165, 0, 0),
(4, 13, 166, 0, 0),
(4, 13, 167, 0, 0),
(4, 13, 168, 0, 0),
(4, 13, 169, 0, 0),
(4, 13, 170, 0, 0),
(4, 13, 171, 0, 0),
(4, 13, 172, 0, 0),
(4, 14, 173, 0, 0),
(4, 14, 174, 0, 0),
(4, 14, 175, 0, 0),
(4, 14, 176, 0, 0),
(4, 14, 177, 0, 0),
(4, 14, 178, 0, 0),
(4, 14, 179, 0, 0),
(4, 14, 180, 0, 0),
(4, 14, 181, 0, 0),
(4, 14, 182, 0, 0),
(4, 14, 183, 0, 0),
(4, 14, 184, 0, 0),
(4, 14, 185, 0, 0),
(4, 14, 186, 0, 0),
(4, 14, 187, 0, 0),
(4, 14, 188, 0, 0),
(4, 14, 189, 0, 0),
(4, 14, 190, 0, 0),
(4, 14, 191, 0, 0),
(4, 14, 192, 0, 0),
(4, 14, 193, 0, 0),
(4, 14, 194, 0, 0),
(4, 14, 195, 0, 0),
(4, 14, 196, 0, 0),
(4, 14, 197, 0, 0),
(4, 14, 198, 0, 0),
(4, 14, 199, 0, 0),
(4, 14, 200, 0, 0),
(4, 14, 201, 0, 0),
(4, 14, 202, 0, 0),
(4, 14, 203, 0, 0),
(4, 8, 204, 0, 0),
(4, 8, 205, 0, 0),
(4, 8, 206, 0, 0),
(4, 8, 207, 0, 0),
(4, 8, 208, 0, 0),
(4, 8, 209, 0, 0),
(4, 8, 210, 0, 0),
(4, 8, 211, 0, 0),
(4, 8, 212, 0, 0),
(4, 8, 213, 0, 0),
(4, 8, 214, 0, 0),
(4, 8, 215, 0, 0),
(4, 8, 216, 0, 0),
(4, 8, 217, 0, 0),
(4, 8, 218, 0, 0),
(4, 10, 219, 0, 0),
(4, 10, 220, 0, 0),
(4, 10, 221, 0, 0),
(4, 10, 222, 0, 0),
(4, 10, 223, 0, 0),
(4, 10, 224, 0, 0),
(4, 10, 225, 0, 0),
(4, 10, 226, 0, 0),
(4, 10, 227, 0, 0),
(4, 10, 228, 0, 0),
(4, 10, 229, 0, 0),
(4, 10, 230, 0, 0),
(4, 9, 231, 0, 0),
(4, 9, 232, 0, 0),
(4, 9, 233, 0, 0),
(4, 9, 234, 0, 0),
(4, 9, 235, 0, 0),
(4, 9, 236, 0, 0),
(4, 9, 237, 0, 0),
(4, 9, 238, 0, 0),
(4, 9, 239, 0, 0),
(4, 9, 240, 0, 0),
(4, 9, 241, 0, 0),
(4, 9, 242, 0, 0),
(4, 9, 243, 0, 0),
(4, 9, 244, 0, 0),
(4, 9, 245, 0, 0),
(4, 9, 246, 0, 0),
(4, 9, 247, 0, 0),
(4, 9, 248, 0, 0),
(4, 9, 249, 0, 0),
(4, 9, 250, 0, 0),
(4, 9, 251, 0, 0),
(4, 9, 252, 0, 0),
(4, 9, 253, 0, 0),
(4, 9, 254, 0, 0),
(4, 16, 255, 0, 0),
(4, 16, 256, 0, 0),
(4, 16, 257, 0, 0),
(4, 16, 258, 0, 0),
(4, 16, 259, 0, 0),
(4, 16, 260, 0, 0),
(4, 16, 261, 0, 0),
(4, 16, 262, 0, 0),
(4, 16, 263, 0, 0),
(4, 16, 264, 0, 0),
(4, 16, 265, 0, 0),
(4, 16, 266, 0, 0),
(4, 16, 267, 0, 0),
(4, 16, 268, 0, 0),
(4, 16, 269, 0, 0),
(4, 16, 270, 0, 0),
(4, 16, 271, 0, 0),
(4, 16, 272, 0, 0),
(4, 16, 273, 0, 0),
(4, 16, 274, 0, 0),
(4, 16, 275, 0, 0),
(4, 16, 276, 0, 0),
(4, 16, 277, 0, 0),
(4, 15, 278, 0, 0),
(4, 15, 279, 0, 0),
(4, 15, 280, 0, 0),
(4, 15, 281, 0, 0),
(4, 15, 282, 0, 0),
(4, 15, 283, 0, 0),
(4, 15, 284, 0, 0),
(4, 15, 285, 0, 0),
(4, 15, 286, 0, 0),
(4, 15, 287, 0, 0),
(4, 18, 288, 0, 0),
(4, 18, 289, 0, 0),
(4, 18, 290, 0, 0),
(4, 18, 291, 0, 0),
(4, 18, 292, 0, 0),
(4, 18, 293, 0, 0),
(4, 18, 294, 0, 0),
(4, 18, 295, 0, 0),
(4, 18, 296, 0, 0),
(4, 18, 297, 0, 0),
(4, 18, 298, 0, 0),
(4, 18, 299, 0, 0),
(4, 18, 300, 0, 0),
(4, 18, 301, 0, 0),
(4, 18, 302, 0, 0),
(4, 18, 303, 0, 0),
(4, 18, 304, 0, 0),
(4, 19, 305, 0, 0),
(4, 19, 306, 0, 0),
(4, 19, 307, 0, 0),
(4, 19, 308, 0, 0),
(4, 19, 309, 0, 0),
(4, 19, 310, 0, 0),
(4, 19, 311, 0, 0),
(4, 19, 312, 0, 0),
(4, 20, 313, 0, 0),
(4, 20, 314, 0, 0),
(4, 20, 315, 0, 0),
(4, 20, 316, 0, 0),
(4, 20, 317, 0, 0),
(4, 20, 318, 0, 0),
(4, 20, 319, 0, 0),
(4, 20, 320, 0, 0),
(4, 20, 321, 0, 0),
(4, 20, 322, 0, 0),
(4, 20, 323, 0, 0),
(4, 20, 324, 0, 0),
(4, 20, 325, 0, 0),
(4, 20, 326, 0, 0),
(4, 20, 327, 0, 0),
(4, 20, 328, 0, 0),
(4, 20, 329, 0, 0),
(4, 20, 330, 0, 0),
(4, 20, 331, 0, 0),
(4, 20, 332, 0, 0),
(4, 20, 333, 0, 0),
(4, 20, 334, 0, 0),
(4, 20, 335, 0, 0),
(4, 20, 336, 0, 0),
(4, 20, 337, 0, 0),
(4, 20, 338, 0, 0),
(4, 20, 339, 0, 0),
(4, 20, 340, 0, 0),
(4, 20, 341, 0, 0),
(4, 20, 342, 0, 0),
(4, 20, 343, 0, 0),
(4, 20, 344, 0, 0),
(4, 20, 345, 0, 0),
(4, 20, 346, 0, 0),
(4, 20, 347, 0, 0),
(4, 20, 348, 0, 0),
(4, 20, 349, 0, 0),
(4, 21, 350, 0, 0),
(4, 21, 351, 0, 0),
(4, 21, 352, 0, 0),
(4, 21, 353, 0, 0),
(4, 21, 354, 0, 0),
(4, 21, 355, 0, 0),
(4, 21, 356, 0, 0),
(4, 21, 357, 0, 0),
(4, 21, 358, 0, 0),
(4, 21, 359, 0, 0),
(4, 21, 360, 0, 0),
(4, 21, 361, 0, 0),
(4, 21, 362, 0, 0),
(4, 21, 363, 0, 0),
(4, 21, 364, 0, 0),
(4, 21, 365, 0, 0),
(4, 21, 366, 0, 0),
(4, 21, 367, 0, 0),
(4, 21, 368, 0, 0),
(4, 21, 369, 0, 0),
(4, 21, 370, 0, 0),
(4, 21, 371, 0, 0),
(4, 21, 372, 0, 0),
(4, 21, 373, 0, 0),
(4, 21, 374, 0, 0),
(4, 21, 375, 0, 0),
(4, 21, 376, 0, 0),
(4, 21, 377, 0, 0),
(4, 21, 378, 0, 0),
(4, 21, 379, 0, 0),
(4, 21, 380, 0, 0),
(4, 21, 381, 0, 0),
(4, 21, 382, 0, 0),
(4, 21, 383, 0, 0),
(4, 21, 384, 0, 0),
(4, 21, 385, 0, 0),
(4, 21, 386, 0, 0),
(4, 21, 387, 0, 0),
(4, 22, 388, 0, 0),
(4, 22, 389, 0, 0),
(4, 22, 390, 0, 0),
(4, 22, 391, 0, 0),
(4, 22, 392, 0, 0),
(4, 22, 393, 0, 0),
(4, 22, 394, 0, 0),
(4, 22, 395, 0, 0),
(4, 22, 396, 0, 0),
(4, 22, 397, 0, 0),
(4, 22, 398, 0, 0),
(4, 22, 399, 0, 0),
(4, 22, 400, 0, 0),
(4, 22, 401, 0, 0),
(4, 22, 402, 0, 0),
(4, 22, 403, 0, 0),
(4, 22, 404, 0, 0),
(4, 22, 405, 0, 0),
(4, 22, 406, 0, 0),
(4, 22, 407, 0, 0),
(4, 22, 408, 0, 0),
(4, 22, 409, 0, 0),
(4, 22, 410, 0, 0),
(4, 22, 411, 0, 0),
(4, 22, 412, 0, 0),
(4, 22, 413, 0, 0),
(4, 22, 414, 0, 0),
(4, 22, 415, 0, 0),
(4, 22, 416, 0, 0),
(4, 22, 417, 0, 0),
(4, 22, 418, 0, 0),
(4, 22, 419, 0, 0),
(4, 22, 420, 0, 0),
(4, 22, 421, 0, 0),
(4, 22, 422, 0, 0),
(4, 22, 423, 0, 0),
(4, 22, 424, 0, 0),
(4, 22, 425, 0, 0),
(4, 22, 426, 0, 0),
(4, 22, 427, 0, 0),
(4, 22, 428, 0, 0),
(4, 22, 429, 0, 0),
(4, 22, 430, 0, 0),
(4, 22, 431, 0, 0),
(4, 22, 432, 0, 0),
(4, 22, 433, 0, 0),
(4, 22, 434, 0, 0),
(4, 23, 435, 0, 0),
(4, 23, 436, 0, 0),
(4, 23, 437, 0, 0),
(4, 23, 438, 0, 0),
(4, 23, 439, 0, 0),
(4, 23, 440, 0, 0),
(4, 23, 441, 0, 0),
(4, 23, 442, 0, 0),
(4, 23, 443, 0, 0),
(4, 23, 444, 0, 0),
(4, 23, 445, 0, 0),
(4, 23, 446, 0, 0),
(4, 23, 447, 0, 0),
(4, 23, 448, 0, 0),
(4, 23, 449, 0, 0),
(4, 23, 450, 0, 0),
(4, 23, 451, 0, 0),
(4, 23, 452, 0, 0),
(4, 23, 453, 0, 0),
(4, 23, 454, 0, 0),
(4, 23, 455, 0, 0),
(4, 23, 456, 0, 0),
(4, 23, 457, 0, 0),
(4, 23, 458, 0, 0),
(4, 23, 459, 0, 0),
(4, 23, 460, 0, 0),
(4, 23, 461, 0, 0),
(4, 23, 462, 0, 0),
(4, 23, 463, 0, 0),
(4, 23, 464, 0, 0),
(4, 23, 465, 0, 0),
(4, 23, 466, 0, 0),
(4, 23, 467, 0, 0),
(4, 23, 468, 0, 0),
(4, 23, 469, 0, 0),
(4, 23, 470, 0, 0),
(4, 23, 471, 0, 0),
(4, 23, 472, 0, 0),
(4, 23, 473, 0, 0),
(4, 29, 474, 0, 0),
(4, 29, 478, 0, 0),
(4, 29, 479, 0, 0),
(4, 29, 481, 0, 0),
(4, 29, 488, 0, 0),
(4, 29, 489, 0, 0),
(4, 29, 490, 0, 0),
(4, 29, 491, 0, 0),
(4, 29, 493, 0, 0),
(4, 29, 494, 0, 0),
(4, 29, 495, 0, 0),
(4, 29, 496, 0, 0),
(4, 29, 497, 0, 0),
(4, 29, 502, 0, 0),
(4, 29, 503, 0, 0),
(4, 29, 504, 0, 0),
(4, 29, 505, 0, 0),
(4, 29, 513, 0, 0),
(4, 10, 518, 0, 0),
(4, 10, 519, 0, 0),
(4, 10, 520, 0, 0),
(4, 10, 521, 0, 0),
(4, 10, 522, 0, 0),
(4, 10, 523, 0, 0),
(4, 2, 524, 0, 0),
(4, 29, 525, 0, 0),
(4, 23, 526, 0, 0),
(4, 23, 527, 0, 0),
(4, 23, 528, 0, 0),
(4, 23, 529, 0, 0),
(4, 23, 530, 0, 0),
(4, 23, 531, 0, 0),
(4, 23, 532, 0, 0),
(4, 23, 533, 0, 0),
(4, 23, 534, 0, 0),
(4, 22, 535, 0, 0),
(4, 22, 536, 0, 0),
(4, 22, 537, 0, 0),
(4, 22, 538, 0, 0),
(4, 22, 539, 0, 0),
(4, 22, 540, 0, 0),
(4, 22, 541, 0, 0),
(4, 22, 542, 0, 0),
(4, 22, 543, 0, 0),
(4, 21, 544, 0, 0),
(4, 21, 545, 0, 0),
(4, 21, 546, 0, 0),
(4, 21, 547, 0, 0),
(4, 21, 548, 0, 0),
(4, 21, 549, 0, 0),
(4, 21, 550, 0, 0),
(4, 21, 551, 0, 0),
(4, 21, 552, 0, 0),
(4, 20, 553, 0, 0),
(4, 20, 554, 0, 0),
(4, 20, 555, 0, 0),
(4, 20, 556, 0, 0),
(4, 20, 557, 0, 0),
(4, 20, 558, 0, 0),
(4, 20, 559, 0, 0),
(4, 20, 560, 0, 0),
(4, 20, 561, 0, 0),
(4, 29, 562, 0, 0),
(4, 29, 563, 0, 0),
(4, 29, 564, 0, 0),
(4, 29, 565, 0, 0),
(4, 23, 566, 0, 0),
(4, 22, 567, 0, 0),
(4, 21, 568, 0, 0),
(4, 20, 569, 0, 0),
(4, 29, 570, 0, 0),
(4, 6, 571, 0, 0),
(4, 4, 572, 0, 0),
(4, 2, 573, 0, 0),
(4, 29, 574, 0, 0),
(4, 23, 575, 0, 0),
(4, 23, 576, 0, 0),
(4, 21, 577, 0, 0),
(4, 21, 578, 0, 0),
(4, 18, 579, 0, 0),
(4, 7, 580, 0, 0),
(4, 23, 581, 0, 0),
(4, 20, 582, 0, 0),
(4, 21, 583, 0, 0),
(4, 22, 584, 0, 0),
(4, 29, 585, 0, 0),
(4, 2, 586, 0, 0),
(4, 13, 587, 0, 0),
(4, 29, 588, 0, 0),
(4, 13, 589, 0, 0),
(4, 29, 590, 0, 0),
(4, 29, 591, 0, 0),
(4, 29, 592, 0, 0),
(4, 9, 598, 0, 0),
(4, 29, 610, 0, 0);

-- --------------------------------------------------------

--
-- Table structure for table `vtiger_profile2globalpermissions`
--

CREATE TABLE IF NOT EXISTS `vtiger_profile2globalpermissions` (
  `profileid` int(19) NOT NULL,
  `globalactionid` int(19) NOT NULL,
  `globalactionpermission` int(19) DEFAULT NULL,
  PRIMARY KEY (`profileid`,`globalactionid`),
  KEY `idx_profile2globalpermissions` (`profileid`,`globalactionid`)
) ENGINE=InnoDB DEFAULT CHARSET=utf8 COLLATE=utf8_unicode_ci;

--
-- Dumping data for table `vtiger_profile2globalpermissions`
--

INSERT INTO `vtiger_profile2globalpermissions` (`profileid`, `globalactionid`, `globalactionpermission`) VALUES
(1, 1, 0),
(1, 2, 0),
(2, 1, 1),
(2, 2, 1),
(3, 1, 1),
(3, 2, 1),
(4, 1, 1),
(4, 2, 1);

-- --------------------------------------------------------

--
-- Table structure for table `vtiger_profile2standardpermissions`
--

CREATE TABLE IF NOT EXISTS `vtiger_profile2standardpermissions` (
  `profileid` int(11) NOT NULL,
  `tabid` int(10) NOT NULL,
  `operation` int(10) NOT NULL,
  `permissions` int(1) DEFAULT NULL,
  PRIMARY KEY (`profileid`,`tabid`,`operation`),
  KEY `profile2standardpermissions_profileid_tabid_operation_idx` (`profileid`,`tabid`,`operation`)
) ENGINE=InnoDB DEFAULT CHARSET=utf8 COLLATE=utf8_unicode_ci;

--
-- Dumping data for table `vtiger_profile2standardpermissions`
--

INSERT INTO `vtiger_profile2standardpermissions` (`profileid`, `tabid`, `operation`, `permissions`) VALUES
(1, 2, 0, 0),
(1, 2, 1, 0),
(1, 2, 2, 0),
(1, 2, 3, 0),
(1, 2, 4, 0),
(1, 2, 7, 0),
(1, 4, 0, 0),
(1, 4, 1, 0),
(1, 4, 2, 0),
(1, 4, 3, 0),
(1, 4, 4, 0),
(1, 4, 7, 0),
(1, 6, 0, 0),
(1, 6, 1, 0),
(1, 6, 2, 0),
(1, 6, 3, 0),
(1, 6, 4, 0),
(1, 6, 7, 0),
(1, 7, 0, 0),
(1, 7, 1, 0),
(1, 7, 2, 0),
(1, 7, 3, 0),
(1, 7, 4, 0),
(1, 7, 7, 0),
(1, 8, 0, 0),
(1, 8, 1, 0),
(1, 8, 2, 0),
(1, 8, 3, 0),
(1, 8, 4, 0),
(1, 8, 7, 0),
(1, 9, 0, 0),
(1, 9, 1, 0),
(1, 9, 2, 0),
(1, 9, 3, 0),
(1, 9, 4, 0),
(1, 9, 7, 0),
(1, 13, 0, 0),
(1, 13, 1, 0),
(1, 13, 2, 0),
(1, 13, 3, 0),
(1, 13, 4, 0),
(1, 13, 7, 0),
(1, 14, 0, 0),
(1, 14, 1, 0),
(1, 14, 2, 0),
(1, 14, 3, 0),
(1, 14, 4, 0),
(1, 14, 7, 0),
(1, 15, 0, 0),
(1, 15, 1, 0),
(1, 15, 2, 0),
(1, 15, 3, 0),
(1, 15, 4, 0),
(1, 15, 7, 0),
(1, 16, 0, 0),
(1, 16, 1, 0),
(1, 16, 2, 0),
(1, 16, 3, 0),
(1, 16, 4, 0),
(1, 16, 7, 0),
(1, 18, 0, 0),
(1, 18, 1, 0),
(1, 18, 2, 0),
(1, 18, 3, 0),
(1, 18, 4, 0),
(1, 18, 7, 0),
(1, 19, 0, 0),
(1, 19, 1, 0),
(1, 19, 2, 0),
(1, 19, 3, 0),
(1, 19, 4, 0),
(1, 19, 7, 0),
(1, 20, 0, 0),
(1, 20, 1, 0),
(1, 20, 2, 0),
(1, 20, 3, 0),
(1, 20, 4, 0),
(1, 20, 7, 0),
(1, 21, 0, 0),
(1, 21, 1, 0),
(1, 21, 2, 0),
(1, 21, 3, 0),
(1, 21, 4, 0),
(1, 21, 7, 0),
(1, 22, 0, 0),
(1, 22, 1, 0),
(1, 22, 2, 0),
(1, 22, 3, 0),
(1, 22, 4, 0),
(1, 22, 7, 0),
(1, 23, 0, 0),
(1, 23, 1, 0),
(1, 23, 2, 0),
(1, 23, 3, 0),
(1, 23, 4, 0),
(1, 23, 7, 0),
(1, 26, 0, 0),
(1, 26, 1, 0),
(1, 26, 2, 0),
(1, 26, 3, 0),
(1, 26, 4, 0),
(1, 26, 7, 0),
(2, 2, 0, 0),
(2, 2, 1, 0),
(2, 2, 2, 0),
(2, 2, 3, 0),
(2, 2, 4, 0),
(2, 2, 7, 0),
(2, 4, 0, 0),
(2, 4, 1, 0),
(2, 4, 2, 0),
(2, 4, 3, 0),
(2, 4, 4, 0),
(2, 4, 7, 0),
(2, 6, 0, 0),
(2, 6, 1, 0),
(2, 6, 2, 0),
(2, 6, 3, 0),
(2, 6, 4, 0),
(2, 6, 7, 0),
(2, 7, 0, 0),
(2, 7, 1, 0),
(2, 7, 2, 0),
(2, 7, 3, 0),
(2, 7, 4, 0),
(2, 7, 7, 0),
(2, 8, 0, 0),
(2, 8, 1, 0),
(2, 8, 2, 0),
(2, 8, 3, 0),
(2, 8, 4, 0),
(2, 8, 7, 0),
(2, 9, 0, 0),
(2, 9, 1, 0),
(2, 9, 2, 0),
(2, 9, 3, 0),
(2, 9, 4, 0),
(2, 9, 7, 0),
(2, 13, 0, 1),
(2, 13, 1, 1),
(2, 13, 2, 1),
(2, 13, 3, 0),
(2, 13, 4, 0),
(2, 13, 7, 1),
(2, 14, 0, 0),
(2, 14, 1, 0),
(2, 14, 2, 0),
(2, 14, 3, 0),
(2, 14, 4, 0),
(2, 14, 7, 0),
(2, 15, 0, 0),
(2, 15, 1, 0),
(2, 15, 2, 0),
(2, 15, 3, 0),
(2, 15, 4, 0),
(2, 15, 7, 0),
(2, 16, 0, 0),
(2, 16, 1, 0),
(2, 16, 2, 0),
(2, 16, 3, 0),
(2, 16, 4, 0),
(2, 16, 7, 0),
(2, 18, 0, 0),
(2, 18, 1, 0),
(2, 18, 2, 0),
(2, 18, 3, 0),
(2, 18, 4, 0),
(2, 18, 7, 0),
(2, 19, 0, 0),
(2, 19, 1, 0),
(2, 19, 2, 0),
(2, 19, 3, 0),
(2, 19, 4, 0),
(2, 19, 7, 0),
(2, 20, 0, 0),
(2, 20, 1, 0),
(2, 20, 2, 0),
(2, 20, 3, 0),
(2, 20, 4, 0),
(2, 20, 7, 0),
(2, 21, 0, 0),
(2, 21, 1, 0),
(2, 21, 2, 0),
(2, 21, 3, 0),
(2, 21, 4, 0),
(2, 21, 7, 0),
(2, 22, 0, 0),
(2, 22, 1, 0),
(2, 22, 2, 0),
(2, 22, 3, 0),
(2, 22, 4, 0),
(2, 22, 7, 0),
(2, 23, 0, 0),
(2, 23, 1, 0),
(2, 23, 2, 0),
(2, 23, 3, 0),
(2, 23, 4, 0),
(2, 23, 7, 0),
(2, 26, 0, 0),
(2, 26, 1, 0),
(2, 26, 2, 0),
(2, 26, 3, 0),
(2, 26, 4, 0),
(2, 26, 7, 0),
(3, 2, 0, 1),
(3, 2, 1, 1),
(3, 2, 2, 1),
(3, 2, 3, 0),
(3, 2, 4, 0),
(3, 2, 7, 1),
(3, 4, 0, 0),
(3, 4, 1, 0),
(3, 4, 2, 0),
(3, 4, 3, 0),
(3, 4, 4, 0),
(3, 4, 7, 0),
(3, 6, 0, 0),
(3, 6, 1, 0),
(3, 6, 2, 0),
(3, 6, 3, 0),
(3, 6, 4, 0),
(3, 6, 7, 0),
(3, 7, 0, 0),
(3, 7, 1, 0),
(3, 7, 2, 0),
(3, 7, 3, 0),
(3, 7, 4, 0),
(3, 7, 7, 0),
(3, 8, 0, 0),
(3, 8, 1, 0),
(3, 8, 2, 0),
(3, 8, 3, 0),
(3, 8, 4, 0),
(3, 8, 7, 0),
(3, 9, 0, 0),
(3, 9, 1, 0),
(3, 9, 2, 0),
(3, 9, 3, 0),
(3, 9, 4, 0),
(3, 9, 7, 0),
(3, 13, 0, 0),
(3, 13, 1, 0),
(3, 13, 2, 0),
(3, 13, 3, 0),
(3, 13, 4, 0),
(3, 13, 7, 0),
(3, 14, 0, 0),
(3, 14, 1, 0),
(3, 14, 2, 0),
(3, 14, 3, 0),
(3, 14, 4, 0),
(3, 14, 7, 0),
(3, 15, 0, 0),
(3, 15, 1, 0),
(3, 15, 2, 0),
(3, 15, 3, 0),
(3, 15, 4, 0),
(3, 15, 7, 0),
(3, 16, 0, 0),
(3, 16, 1, 0),
(3, 16, 2, 0),
(3, 16, 3, 0),
(3, 16, 4, 0),
(3, 16, 7, 0),
(3, 18, 0, 0),
(3, 18, 1, 0),
(3, 18, 2, 0),
(3, 18, 3, 0),
(3, 18, 4, 0),
(3, 18, 7, 0),
(3, 19, 0, 0),
(3, 19, 1, 0),
(3, 19, 2, 0),
(3, 19, 3, 0),
(3, 19, 4, 0),
(3, 19, 7, 0),
(3, 20, 0, 0),
(3, 20, 1, 0),
(3, 20, 2, 0),
(3, 20, 3, 0),
(3, 20, 4, 0),
(3, 20, 7, 0),
(3, 21, 0, 0),
(3, 21, 1, 0),
(3, 21, 2, 0),
(3, 21, 3, 0),
(3, 21, 4, 0),
(3, 21, 7, 0),
(3, 22, 0, 0),
(3, 22, 1, 0),
(3, 22, 2, 0),
(3, 22, 3, 0),
(3, 22, 4, 0),
(3, 22, 7, 0),
(3, 23, 0, 0),
(3, 23, 1, 0),
(3, 23, 2, 0),
(3, 23, 3, 0),
(3, 23, 4, 0),
(3, 23, 7, 0),
(3, 26, 0, 0),
(3, 26, 1, 0),
(3, 26, 2, 0),
(3, 26, 3, 0),
(3, 26, 4, 0),
(3, 26, 7, 0),
(4, 2, 0, 1),
(4, 2, 1, 1),
(4, 2, 2, 1),
(4, 2, 3, 0),
(4, 2, 4, 0),
(4, 2, 7, 1),
(4, 4, 0, 1),
(4, 4, 1, 1),
(4, 4, 2, 1),
(4, 4, 3, 0),
(4, 4, 4, 0),
(4, 4, 7, 1),
(4, 6, 0, 1),
(4, 6, 1, 1),
(4, 6, 2, 1),
(4, 6, 3, 0),
(4, 6, 4, 0),
(4, 6, 7, 1),
(4, 7, 0, 1),
(4, 7, 1, 1),
(4, 7, 2, 1),
(4, 7, 3, 0),
(4, 7, 4, 0),
(4, 7, 7, 1),
(4, 8, 0, 1),
(4, 8, 1, 1),
(4, 8, 2, 1),
(4, 8, 3, 0),
(4, 8, 4, 0),
(4, 8, 7, 1),
(4, 9, 0, 1),
(4, 9, 1, 1),
(4, 9, 2, 1),
(4, 9, 3, 0),
(4, 9, 4, 0),
(4, 9, 7, 1),
(4, 13, 0, 1),
(4, 13, 1, 1),
(4, 13, 2, 1),
(4, 13, 3, 0),
(4, 13, 4, 0),
(4, 13, 7, 1),
(4, 14, 0, 1),
(4, 14, 1, 1),
(4, 14, 2, 1),
(4, 14, 3, 0),
(4, 14, 4, 0),
(4, 14, 7, 1),
(4, 15, 0, 1),
(4, 15, 1, 1),
(4, 15, 2, 1),
(4, 15, 3, 0),
(4, 15, 4, 0),
(4, 15, 7, 1),
(4, 16, 0, 1),
(4, 16, 1, 1),
(4, 16, 2, 1),
(4, 16, 3, 0),
(4, 16, 4, 0),
(4, 16, 7, 1),
(4, 18, 0, 1),
(4, 18, 1, 1),
(4, 18, 2, 1),
(4, 18, 3, 0),
(4, 18, 4, 0),
(4, 18, 7, 1),
(4, 19, 0, 1),
(4, 19, 1, 1),
(4, 19, 2, 1),
(4, 19, 3, 0),
(4, 19, 4, 0),
(4, 19, 7, 1),
(4, 20, 0, 1),
(4, 20, 1, 1),
(4, 20, 2, 1),
(4, 20, 3, 0),
(4, 20, 4, 0),
(4, 20, 7, 1),
(4, 21, 0, 1),
(4, 21, 1, 1),
(4, 21, 2, 1),
(4, 21, 3, 0),
(4, 21, 4, 0),
(4, 21, 7, 1),
(4, 22, 0, 1),
(4, 22, 1, 1),
(4, 22, 2, 1),
(4, 22, 3, 0),
(4, 22, 4, 0),
(4, 22, 7, 1),
(4, 23, 0, 1),
(4, 23, 1, 1),
(4, 23, 2, 1),
(4, 23, 3, 0),
(4, 23, 4, 0),
(4, 23, 7, 1),
(4, 26, 0, 1),
(4, 26, 1, 1),
(4, 26, 2, 1),
(4, 26, 3, 0),
(4, 26, 4, 0),
(4, 26, 7, 1);

-- --------------------------------------------------------

--
-- Table structure for table `vtiger_profile2tab`
--

CREATE TABLE IF NOT EXISTS `vtiger_profile2tab` (
  `profileid` int(11) DEFAULT NULL,
  `tabid` int(10) DEFAULT NULL,
  `permissions` int(10) NOT NULL DEFAULT '0',
  KEY `profile2tab_profileid_tabid_idx` (`profileid`,`tabid`)
) ENGINE=InnoDB DEFAULT CHARSET=utf8 COLLATE=utf8_unicode_ci;

--
-- Dumping data for table `vtiger_profile2tab`
--

INSERT INTO `vtiger_profile2tab` (`profileid`, `tabid`, `permissions`) VALUES
(1, 1, 0),
(1, 2, 0),
(1, 3, 0),
(1, 4, 0),
(1, 6, 0),
(1, 7, 0),
(1, 8, 0),
(1, 9, 0),
(1, 10, 0),
(1, 13, 0),
(1, 14, 0),
(1, 15, 0),
(1, 16, 0),
(1, 18, 0),
(1, 19, 0),
(1, 20, 0),
(1, 21, 0),
(1, 22, 0),
(1, 23, 0),
(1, 24, 0),
(1, 25, 0),
(1, 26, 0),
(1, 27, 0),
(2, 1, 0),
(2, 2, 0),
(2, 3, 0),
(2, 4, 0),
(2, 6, 0),
(2, 7, 0),
(2, 8, 0),
(2, 9, 0),
(2, 10, 0),
(2, 13, 0),
(2, 14, 0),
(2, 15, 0),
(2, 16, 0),
(2, 18, 0),
(2, 19, 0),
(2, 20, 0),
(2, 21, 0),
(2, 22, 0),
(2, 23, 0),
(2, 24, 0),
(2, 25, 0),
(2, 26, 0),
(2, 27, 0),
(3, 1, 0),
(3, 2, 0),
(3, 3, 0),
(3, 4, 0),
(3, 6, 0),
(3, 7, 0),
(3, 8, 0),
(3, 9, 0),
(3, 10, 0),
(3, 13, 0),
(3, 14, 0),
(3, 15, 0),
(3, 16, 0),
(3, 18, 0),
(3, 19, 0),
(3, 20, 0),
(3, 21, 0),
(3, 22, 0),
(3, 23, 0),
(3, 24, 0),
(3, 25, 0),
(3, 26, 0),
(3, 27, 0),
(4, 1, 0),
(4, 2, 0),
(4, 3, 0),
(4, 4, 0),
(4, 6, 0),
(4, 7, 0),
(4, 8, 0),
(4, 9, 0),
(4, 10, 0),
(4, 13, 0),
(4, 14, 0),
(4, 15, 0),
(4, 16, 0),
(4, 18, 0),
(4, 19, 0),
(4, 20, 0),
(4, 21, 0),
(4, 22, 0),
(4, 23, 0),
(4, 24, 0),
(4, 25, 0),
(4, 26, 0),
(4, 27, 0);

-- --------------------------------------------------------

--
-- Table structure for table `vtiger_profile2utility`
--

CREATE TABLE IF NOT EXISTS `vtiger_profile2utility` (
  `profileid` int(11) NOT NULL,
  `tabid` int(11) NOT NULL,
  `activityid` int(11) NOT NULL,
  `permission` int(1) DEFAULT NULL,
  PRIMARY KEY (`profileid`,`tabid`,`activityid`),
  KEY `profile2utility_profileid_tabid_activityid_idx` (`profileid`,`tabid`,`activityid`)
) ENGINE=InnoDB DEFAULT CHARSET=utf8 COLLATE=utf8_unicode_ci;

--
-- Dumping data for table `vtiger_profile2utility`
--

INSERT INTO `vtiger_profile2utility` (`profileid`, `tabid`, `activityid`, `permission`) VALUES
(1, 2, 5, 0),
(1, 2, 6, 0),
(1, 2, 10, 0),
(1, 4, 5, 0),
(1, 4, 6, 0),
(1, 4, 8, 0),
(1, 4, 10, 0),
(1, 6, 5, 0),
(1, 6, 6, 0),
(1, 6, 8, 0),
(1, 6, 10, 0),
(1, 7, 5, 0),
(1, 7, 6, 0),
(1, 7, 8, 0),
(1, 7, 9, 0),
(1, 7, 10, 0),
(1, 8, 6, 0),
(1, 9, 5, 0),
(1, 9, 6, 0),
(1, 13, 5, 0),
(1, 13, 6, 0),
(1, 13, 8, 0),
(1, 13, 10, 0),
(1, 14, 5, 0),
(1, 14, 6, 0),
(1, 14, 10, 0),
(1, 18, 5, 0),
(1, 18, 6, 0),
(1, 18, 10, 0),
(1, 19, 5, 0),
(1, 19, 6, 0),
(1, 19, 10, 0),
(1, 20, 5, 0),
(1, 20, 6, 0),
(1, 21, 5, 0),
(1, 21, 6, 0),
(1, 22, 5, 0),
(1, 22, 6, 0),
(1, 23, 5, 0),
(1, 23, 6, 0),
(1, 25, 6, 0),
(1, 25, 11, 0),
(1, 40, 5, 0),
(1, 40, 6, 0),
(1, 40, 10, 0),
(2, 2, 5, 1),
(2, 2, 6, 1),
(2, 2, 10, 0),
(2, 4, 5, 1),
(2, 4, 6, 1),
(2, 4, 8, 0),
(2, 4, 10, 0),
(2, 6, 5, 1),
(2, 6, 6, 1),
(2, 6, 8, 0),
(2, 6, 10, 0),
(2, 7, 5, 1),
(2, 7, 6, 1),
(2, 7, 8, 0),
(2, 7, 9, 0),
(2, 7, 10, 0),
(2, 8, 6, 1),
(2, 9, 5, 0),
(2, 9, 6, 0),
(2, 13, 5, 1),
(2, 13, 6, 1),
(2, 13, 8, 0),
(2, 13, 10, 0),
(2, 14, 5, 1),
(2, 14, 6, 1),
(2, 14, 10, 0),
(2, 18, 5, 1),
(2, 18, 6, 1),
(2, 18, 10, 0),
(2, 19, 5, 1),
(2, 19, 6, 1),
(2, 19, 10, 0),
(2, 20, 5, 0),
(2, 20, 6, 0),
(2, 21, 5, 0),
(2, 21, 6, 0),
(2, 22, 5, 0),
(2, 22, 6, 0),
(2, 23, 5, 0),
(2, 23, 6, 0),
(2, 25, 6, 0),
(2, 25, 11, 0),
(2, 40, 5, 1),
(2, 40, 6, 1),
(2, 40, 10, 0),
(3, 2, 5, 1),
(3, 2, 6, 1),
(3, 2, 10, 0),
(3, 4, 5, 1),
(3, 4, 6, 1),
(3, 4, 8, 0),
(3, 4, 10, 0),
(3, 6, 5, 1),
(3, 6, 6, 1),
(3, 6, 8, 0),
(3, 6, 10, 0),
(3, 7, 5, 1),
(3, 7, 6, 1),
(3, 7, 8, 0),
(3, 7, 9, 0),
(3, 7, 10, 0),
(3, 8, 6, 1),
(3, 9, 5, 0),
(3, 9, 6, 0),
(3, 13, 5, 1),
(3, 13, 6, 1),
(3, 13, 8, 0),
(3, 13, 10, 0),
(3, 14, 5, 1),
(3, 14, 6, 1),
(3, 14, 10, 0),
(3, 18, 5, 1),
(3, 18, 6, 1),
(3, 18, 10, 0),
(3, 19, 5, 1),
(3, 19, 6, 1),
(3, 19, 10, 0),
(3, 20, 5, 0),
(3, 20, 6, 0),
(3, 21, 5, 0),
(3, 21, 6, 0),
(3, 22, 5, 0),
(3, 22, 6, 0),
(3, 23, 5, 0),
(3, 23, 6, 0),
(3, 25, 6, 0),
(3, 25, 11, 0),
(3, 40, 5, 1),
(3, 40, 6, 1),
(3, 40, 10, 0),
(4, 2, 5, 1),
(4, 2, 6, 1),
(4, 2, 10, 0),
(4, 4, 5, 1),
(4, 4, 6, 1),
(4, 4, 8, 1),
(4, 4, 10, 0),
(4, 6, 5, 1),
(4, 6, 6, 1),
(4, 6, 8, 1),
(4, 6, 10, 0),
(4, 7, 5, 1),
(4, 7, 6, 1),
(4, 7, 8, 1),
(4, 7, 9, 0),
(4, 7, 10, 0),
(4, 8, 6, 1),
(4, 9, 5, 0),
(4, 9, 6, 0),
(4, 13, 5, 1),
(4, 13, 6, 1),
(4, 13, 8, 1),
(4, 13, 10, 0),
(4, 14, 5, 1),
(4, 14, 6, 1),
(4, 14, 10, 0),
(4, 18, 5, 1),
(4, 18, 6, 1),
(4, 18, 10, 0),
(4, 19, 5, 1),
(4, 19, 6, 1),
(4, 19, 10, 0),
(4, 20, 5, 0),
(4, 20, 6, 0),
(4, 21, 5, 0),
(4, 21, 6, 0),
(4, 22, 5, 0),
(4, 22, 6, 0),
(4, 23, 5, 0),
(4, 23, 6, 0),
(4, 25, 6, 0),
(4, 25, 11, 0),
(4, 40, 5, 1),
(4, 40, 6, 1),
(4, 40, 10, 0);

-- --------------------------------------------------------

--
-- Table structure for table `vtiger_profile_seq`
--

CREATE TABLE IF NOT EXISTS `vtiger_profile_seq` (
  `id` int(11) NOT NULL
) ENGINE=InnoDB DEFAULT CHARSET=utf8 COLLATE=utf8_unicode_ci;

--
-- Dumping data for table `vtiger_profile_seq`
--

INSERT INTO `vtiger_profile_seq` (`id`) VALUES
(4);

-- --------------------------------------------------------

--
-- Table structure for table `vtiger_purchaseorder`
--

CREATE TABLE IF NOT EXISTS `vtiger_purchaseorder` (
  `purchaseorderid` int(19) NOT NULL DEFAULT '0',
  `subject` varchar(100) COLLATE utf8_unicode_ci DEFAULT NULL,
  `quoteid` int(19) DEFAULT NULL,
  `vendorid` int(19) DEFAULT NULL,
  `requisition_no` varchar(100) COLLATE utf8_unicode_ci DEFAULT NULL,
  `purchaseorder_no` varchar(100) COLLATE utf8_unicode_ci DEFAULT NULL,
  `tracking_no` varchar(100) COLLATE utf8_unicode_ci DEFAULT NULL,
  `contactid` int(19) DEFAULT NULL,
  `duedate` date DEFAULT NULL,
  `carrier` varchar(200) COLLATE utf8_unicode_ci DEFAULT NULL,
  `type` varchar(100) COLLATE utf8_unicode_ci DEFAULT NULL,
  `adjustment` decimal(25,8) DEFAULT NULL,
  `salescommission` decimal(25,3) DEFAULT NULL,
  `exciseduty` decimal(25,3) DEFAULT NULL,
  `total` decimal(25,8) DEFAULT NULL,
  `subtotal` decimal(25,8) DEFAULT NULL,
  `taxtype` varchar(25) COLLATE utf8_unicode_ci DEFAULT NULL,
  `discount_percent` decimal(25,3) DEFAULT NULL,
  `discount_amount` decimal(25,8) DEFAULT NULL,
  `s_h_amount` decimal(25,8) DEFAULT NULL,
  `terms_conditions` text COLLATE utf8_unicode_ci,
  `postatus` varchar(200) COLLATE utf8_unicode_ci DEFAULT NULL,
  `currency_id` int(19) NOT NULL DEFAULT '1',
  `conversion_rate` decimal(10,3) NOT NULL DEFAULT '1.000',
  `pre_tax_total` decimal(25,8) DEFAULT NULL,
  `paid` decimal(25,8) DEFAULT NULL,
  `balance` decimal(25,8) DEFAULT NULL,
  `s_h_percent` int(11) DEFAULT NULL,
  PRIMARY KEY (`purchaseorderid`),
  KEY `purchaseorder_vendorid_idx` (`vendorid`),
  KEY `purchaseorder_quoteid_idx` (`quoteid`),
  KEY `purchaseorder_contactid_idx` (`contactid`)
) ENGINE=InnoDB DEFAULT CHARSET=utf8 COLLATE=utf8_unicode_ci;

-- --------------------------------------------------------

--
-- Table structure for table `vtiger_purchaseordercf`
--

CREATE TABLE IF NOT EXISTS `vtiger_purchaseordercf` (
  `purchaseorderid` int(19) NOT NULL DEFAULT '0',
  PRIMARY KEY (`purchaseorderid`)
) ENGINE=InnoDB DEFAULT CHARSET=utf8 COLLATE=utf8_unicode_ci;

-- --------------------------------------------------------

--
-- Table structure for table `vtiger_quotes`
--

CREATE TABLE IF NOT EXISTS `vtiger_quotes` (
  `quoteid` int(19) NOT NULL DEFAULT '0',
  `subject` varchar(100) COLLATE utf8_unicode_ci DEFAULT NULL,
  `potentialid` int(19) DEFAULT NULL,
  `quotestage` varchar(200) COLLATE utf8_unicode_ci DEFAULT NULL,
  `validtill` date DEFAULT NULL,
  `contactid` int(19) DEFAULT NULL,
  `quote_no` varchar(100) COLLATE utf8_unicode_ci DEFAULT NULL,
  `subtotal` decimal(25,8) DEFAULT NULL,
  `carrier` varchar(200) COLLATE utf8_unicode_ci DEFAULT NULL,
  `shipping` varchar(100) COLLATE utf8_unicode_ci DEFAULT NULL,
  `inventorymanager` int(19) DEFAULT NULL,
  `type` varchar(100) COLLATE utf8_unicode_ci DEFAULT NULL,
  `adjustment` decimal(25,8) DEFAULT NULL,
  `total` decimal(25,8) DEFAULT NULL,
  `taxtype` varchar(25) COLLATE utf8_unicode_ci DEFAULT NULL,
  `discount_percent` decimal(25,3) DEFAULT NULL,
  `discount_amount` decimal(25,8) DEFAULT NULL,
  `s_h_amount` decimal(25,8) DEFAULT NULL,
  `accountid` int(19) DEFAULT NULL,
  `terms_conditions` text COLLATE utf8_unicode_ci,
  `currency_id` int(19) NOT NULL DEFAULT '1',
  `conversion_rate` decimal(10,3) NOT NULL DEFAULT '1.000',
  `pre_tax_total` decimal(25,8) DEFAULT NULL,
  `s_h_percent` int(11) DEFAULT NULL,
  PRIMARY KEY (`quoteid`),
  KEY `quote_quotestage_idx` (`quotestage`),
  KEY `quotes_potentialid_idx` (`potentialid`),
  KEY `quotes_contactid_idx` (`contactid`)
) ENGINE=InnoDB DEFAULT CHARSET=utf8 COLLATE=utf8_unicode_ci;

-- --------------------------------------------------------

--
-- Table structure for table `vtiger_quotesbillads`
--

CREATE TABLE IF NOT EXISTS `vtiger_quotesbillads` (
  `quotebilladdressid` int(19) NOT NULL DEFAULT '0',
  `bill_city` varchar(30) COLLATE utf8_unicode_ci DEFAULT NULL,
  `bill_code` varchar(30) COLLATE utf8_unicode_ci DEFAULT NULL,
  `bill_country` varchar(30) COLLATE utf8_unicode_ci DEFAULT NULL,
  `bill_state` varchar(30) COLLATE utf8_unicode_ci DEFAULT NULL,
  `bill_street` varchar(250) COLLATE utf8_unicode_ci DEFAULT NULL,
  `bill_pobox` varchar(30) COLLATE utf8_unicode_ci DEFAULT NULL,
  PRIMARY KEY (`quotebilladdressid`)
) ENGINE=InnoDB DEFAULT CHARSET=utf8 COLLATE=utf8_unicode_ci;

-- --------------------------------------------------------

--
-- Table structure for table `vtiger_quotescf`
--

CREATE TABLE IF NOT EXISTS `vtiger_quotescf` (
  `quoteid` int(19) NOT NULL DEFAULT '0',
  PRIMARY KEY (`quoteid`)
) ENGINE=InnoDB DEFAULT CHARSET=utf8 COLLATE=utf8_unicode_ci;

-- --------------------------------------------------------

--
-- Table structure for table `vtiger_quotesshipads`
--

CREATE TABLE IF NOT EXISTS `vtiger_quotesshipads` (
  `quoteshipaddressid` int(19) NOT NULL DEFAULT '0',
  `ship_city` varchar(30) COLLATE utf8_unicode_ci DEFAULT NULL,
  `ship_code` varchar(30) COLLATE utf8_unicode_ci DEFAULT NULL,
  `ship_country` varchar(30) COLLATE utf8_unicode_ci DEFAULT NULL,
  `ship_state` varchar(30) COLLATE utf8_unicode_ci DEFAULT NULL,
  `ship_street` varchar(250) COLLATE utf8_unicode_ci DEFAULT NULL,
  `ship_pobox` varchar(30) COLLATE utf8_unicode_ci DEFAULT NULL,
  PRIMARY KEY (`quoteshipaddressid`)
) ENGINE=InnoDB DEFAULT CHARSET=utf8 COLLATE=utf8_unicode_ci;

-- --------------------------------------------------------

--
-- Table structure for table `vtiger_quotestage`
--

CREATE TABLE IF NOT EXISTS `vtiger_quotestage` (
  `quotestageid` int(19) NOT NULL AUTO_INCREMENT,
  `quotestage` varchar(200) COLLATE utf8_unicode_ci NOT NULL,
  `presence` int(1) NOT NULL DEFAULT '1',
  `picklist_valueid` int(19) NOT NULL DEFAULT '0',
  `sortorderid` int(11) DEFAULT NULL,
  PRIMARY KEY (`quotestageid`),
  UNIQUE KEY `quotestage_quotestage_idx` (`quotestage`)
) ENGINE=InnoDB  DEFAULT CHARSET=utf8 COLLATE=utf8_unicode_ci AUTO_INCREMENT=6 ;

--
-- Dumping data for table `vtiger_quotestage`
--

INSERT INTO `vtiger_quotestage` (`quotestageid`, `quotestage`, `presence`, `picklist_valueid`, `sortorderid`) VALUES
(1, 'Created', 0, 139, 0),
(2, 'Delivered', 0, 140, 1),
(3, 'Reviewed', 0, 141, 2),
(4, 'Accepted', 0, 142, 3),
(5, 'Rejected', 0, 143, 4);

-- --------------------------------------------------------

--
-- Table structure for table `vtiger_quotestagehistory`
--

CREATE TABLE IF NOT EXISTS `vtiger_quotestagehistory` (
  `historyid` int(19) NOT NULL AUTO_INCREMENT,
  `quoteid` int(19) NOT NULL,
  `accountname` varchar(100) COLLATE utf8_unicode_ci DEFAULT NULL,
  `total` decimal(10,0) DEFAULT NULL,
  `quotestage` varchar(200) COLLATE utf8_unicode_ci DEFAULT NULL,
  `lastmodified` datetime DEFAULT NULL,
  PRIMARY KEY (`historyid`),
  KEY `quotestagehistory_quoteid_idx` (`quoteid`)
) ENGINE=InnoDB DEFAULT CHARSET=utf8 COLLATE=utf8_unicode_ci AUTO_INCREMENT=1 ;

-- --------------------------------------------------------

--
-- Table structure for table `vtiger_quotestage_seq`
--

CREATE TABLE IF NOT EXISTS `vtiger_quotestage_seq` (
  `id` int(11) NOT NULL
) ENGINE=InnoDB DEFAULT CHARSET=utf8 COLLATE=utf8_unicode_ci;

--
-- Dumping data for table `vtiger_quotestage_seq`
--

INSERT INTO `vtiger_quotestage_seq` (`id`) VALUES
(5);

-- --------------------------------------------------------

--
-- Table structure for table `vtiger_rating`
--

CREATE TABLE IF NOT EXISTS `vtiger_rating` (
  `rating_id` int(19) NOT NULL AUTO_INCREMENT,
  `rating` varchar(200) COLLATE utf8_unicode_ci DEFAULT NULL,
  `presence` int(1) NOT NULL DEFAULT '1',
  `picklist_valueid` int(19) NOT NULL DEFAULT '0',
  `sortorderid` int(11) DEFAULT NULL,
  PRIMARY KEY (`rating_id`)
) ENGINE=InnoDB  DEFAULT CHARSET=utf8 COLLATE=utf8_unicode_ci AUTO_INCREMENT=7 ;

--
-- Dumping data for table `vtiger_rating`
--

INSERT INTO `vtiger_rating` (`rating_id`, `rating`, `presence`, `picklist_valueid`, `sortorderid`) VALUES
(2, 'Acquired', 1, 145, 1),
(3, 'Active', 1, 146, 2),
(4, 'Market Failed', 1, 147, 3),
(5, 'Project Cancelled', 1, 148, 4),
(6, 'Shutdown', 1, 149, 5);

-- --------------------------------------------------------

--
-- Table structure for table `vtiger_rating_seq`
--

CREATE TABLE IF NOT EXISTS `vtiger_rating_seq` (
  `id` int(11) NOT NULL
) ENGINE=InnoDB DEFAULT CHARSET=utf8 COLLATE=utf8_unicode_ci;

--
-- Dumping data for table `vtiger_rating_seq`
--

INSERT INTO `vtiger_rating_seq` (`id`) VALUES
(6);

-- --------------------------------------------------------

--
-- Table structure for table `vtiger_recurringevents`
--

CREATE TABLE IF NOT EXISTS `vtiger_recurringevents` (
  `recurringid` int(19) NOT NULL AUTO_INCREMENT,
  `activityid` int(19) NOT NULL,
  `recurringdate` date DEFAULT NULL,
  `recurringtype` varchar(30) COLLATE utf8_unicode_ci DEFAULT NULL,
  `recurringfreq` int(19) DEFAULT NULL,
  `recurringinfo` varchar(50) COLLATE utf8_unicode_ci DEFAULT NULL,
  `recurringenddate` date DEFAULT NULL,
  PRIMARY KEY (`recurringid`),
  KEY `activityid` (`activityid`)
) ENGINE=InnoDB DEFAULT CHARSET=utf8 COLLATE=utf8_unicode_ci AUTO_INCREMENT=1 ;

-- --------------------------------------------------------

--
-- Table structure for table `vtiger_recurringtype`
--

CREATE TABLE IF NOT EXISTS `vtiger_recurringtype` (
  `recurringeventid` int(19) NOT NULL AUTO_INCREMENT,
  `recurringtype` varchar(200) COLLATE utf8_unicode_ci NOT NULL,
  `sortorderid` int(19) NOT NULL DEFAULT '0',
  `presence` int(1) NOT NULL DEFAULT '1',
  PRIMARY KEY (`recurringeventid`),
  UNIQUE KEY `recurringtype_status_idx` (`recurringtype`)
) ENGINE=InnoDB  DEFAULT CHARSET=utf8 COLLATE=utf8_unicode_ci AUTO_INCREMENT=6 ;

--
-- Dumping data for table `vtiger_recurringtype`
--

INSERT INTO `vtiger_recurringtype` (`recurringeventid`, `recurringtype`, `sortorderid`, `presence`) VALUES
(2, 'Daily', 1, 1),
(3, 'Weekly', 2, 1),
(4, 'Monthly', 3, 1),
(5, 'Yearly', 4, 1);

-- --------------------------------------------------------

--
-- Table structure for table `vtiger_recurringtype_seq`
--

CREATE TABLE IF NOT EXISTS `vtiger_recurringtype_seq` (
  `id` int(11) NOT NULL
) ENGINE=InnoDB DEFAULT CHARSET=utf8 COLLATE=utf8_unicode_ci;

--
-- Dumping data for table `vtiger_recurringtype_seq`
--

INSERT INTO `vtiger_recurringtype_seq` (`id`) VALUES
(5);

-- --------------------------------------------------------

--
-- Table structure for table `vtiger_recurring_frequency`
--

CREATE TABLE IF NOT EXISTS `vtiger_recurring_frequency` (
  `recurring_frequency_id` int(11) DEFAULT NULL,
  `recurring_frequency` varchar(200) COLLATE utf8_unicode_ci DEFAULT NULL,
  `sortorderid` int(11) DEFAULT NULL,
  `presence` int(11) DEFAULT NULL
) ENGINE=InnoDB DEFAULT CHARSET=utf8 COLLATE=utf8_unicode_ci;

--
-- Dumping data for table `vtiger_recurring_frequency`
--

INSERT INTO `vtiger_recurring_frequency` (`recurring_frequency_id`, `recurring_frequency`, `sortorderid`, `presence`) VALUES
(2, 'Daily', 1, 1),
(3, 'Weekly', 2, 1),
(4, 'Monthly', 3, 1),
(5, 'Quarterly', 4, 1),
(6, 'Yearly', 5, 1);

-- --------------------------------------------------------

--
-- Table structure for table `vtiger_recurring_frequency_seq`
--

CREATE TABLE IF NOT EXISTS `vtiger_recurring_frequency_seq` (
  `id` int(11) NOT NULL
) ENGINE=InnoDB DEFAULT CHARSET=utf8 COLLATE=utf8_unicode_ci;

--
-- Dumping data for table `vtiger_recurring_frequency_seq`
--

INSERT INTO `vtiger_recurring_frequency_seq` (`id`) VALUES
(6);

-- --------------------------------------------------------

--
-- Table structure for table `vtiger_relatedlists`
--

CREATE TABLE IF NOT EXISTS `vtiger_relatedlists` (
  `relation_id` int(19) NOT NULL,
  `tabid` int(10) DEFAULT NULL,
  `related_tabid` int(10) DEFAULT NULL,
  `name` varchar(100) COLLATE utf8_unicode_ci DEFAULT NULL,
  `sequence` int(10) DEFAULT NULL,
  `label` varchar(100) COLLATE utf8_unicode_ci DEFAULT NULL,
  `presence` int(10) NOT NULL DEFAULT '0',
  `actions` varchar(50) COLLATE utf8_unicode_ci NOT NULL DEFAULT '',
  PRIMARY KEY (`relation_id`),
  KEY `relatedlists_relation_id_idx` (`relation_id`)
) ENGINE=InnoDB DEFAULT CHARSET=utf8 COLLATE=utf8_unicode_ci;

--
-- Dumping data for table `vtiger_relatedlists`
--

INSERT INTO `vtiger_relatedlists` (`relation_id`, `tabid`, `related_tabid`, `name`, `sequence`, `label`, `presence`, `actions`) VALUES
(1, 6, 4, 'get_contacts', 1, 'Contacts', 0, 'add'),
(2, 6, 2, 'get_opportunities', 2, 'Potentials', 0, 'add'),
(3, 6, 20, 'get_quotes', 3, 'Quotes', 0, 'add'),
(4, 6, 22, 'get_salesorder', 4, 'Sales Order', 0, 'add'),
(5, 6, 23, 'get_invoices', 5, 'Invoice', 0, 'add'),
(6, 6, 9, 'get_activities', 6, 'Activities', 0, 'add'),
(7, 6, 10, 'get_emails', 7, 'Emails', 0, 'add'),
(8, 6, 9, 'get_history', 8, 'Activity History', 0, 'add'),
(9, 6, 8, 'get_attachments', 9, 'Documents', 0, 'add,select'),
(10, 6, 13, 'get_tickets', 10, 'HelpDesk', 0, 'add'),
(11, 6, 14, 'get_products', 11, 'Products', 0, 'select'),
(12, 7, 9, 'get_activities', 1, 'Activities', 0, 'add'),
(13, 7, 10, 'get_emails', 2, 'Emails', 0, 'add'),
(14, 7, 9, 'get_history', 3, 'Activity History', 0, 'add'),
(15, 7, 8, 'get_attachments', 4, 'Documents', 0, 'add,select'),
(16, 7, 14, 'get_products', 5, 'Products', 0, 'select'),
(17, 7, 26, 'get_campaigns', 6, 'Campaigns', 0, 'select'),
(18, 4, 2, 'get_opportunities', 1, 'Potentials', 0, 'add'),
(19, 4, 9, 'get_activities', 2, 'Activities', 0, 'add'),
(20, 4, 10, 'get_emails', 3, 'Emails', 0, 'add'),
(21, 4, 13, 'get_tickets', 4, 'HelpDesk', 0, 'add'),
(22, 4, 20, 'get_quotes', 5, 'Quotes', 0, 'add'),
(23, 4, 21, 'get_purchase_orders', 6, 'Purchase Order', 0, 'add'),
(24, 4, 22, 'get_salesorder', 7, 'Sales Order', 0, 'add'),
(25, 4, 14, 'get_products', 8, 'Products', 0, 'select'),
(26, 4, 9, 'get_history', 9, 'Activity History', 0, 'add'),
(27, 4, 8, 'get_attachments', 10, 'Documents', 0, 'add,select'),
(28, 4, 26, 'get_campaigns', 11, 'Campaigns', 0, 'select'),
(29, 4, 23, 'get_invoices', 12, 'Invoice', 0, 'add'),
(30, 2, 9, 'get_activities', 1, 'Activities', 0, 'add'),
(31, 2, 4, 'get_contacts', 2, 'Contacts', 0, 'select'),
(32, 2, 14, 'get_products', 3, 'Products', 0, 'select'),
(33, 2, 0, 'get_stage_history', 4, 'Sales Stage History', 0, ''),
(34, 2, 8, 'get_attachments', 5, 'Documents', 0, 'add,select'),
(35, 2, 20, 'get_Quotes', 6, 'Quotes', 0, 'add'),
(36, 2, 22, 'get_salesorder', 7, 'Sales Order', 0, 'add'),
(37, 2, 9, 'get_history', 8, 'Activity History', 0, ''),
(38, 14, 13, 'get_tickets', 1, 'HelpDesk', 0, 'add'),
(39, 14, 8, 'get_attachments', 3, 'Documents', 0, 'add,select'),
(40, 14, 20, 'get_quotes', 4, 'Quotes', 0, 'add'),
(41, 14, 21, 'get_purchase_orders', 5, 'Purchase Order', 0, 'add'),
(42, 14, 22, 'get_salesorder', 6, 'Sales Order', 0, 'add'),
(43, 14, 23, 'get_invoices', 7, 'Invoice', 0, 'add'),
(44, 14, 19, 'get_product_pricebooks', 8, 'PriceBooks', 0, 'ADD,SELECT'),
(45, 14, 7, 'get_leads', 9, 'Leads', 0, 'select'),
(46, 14, 6, 'get_accounts', 10, 'Accounts', 0, 'select'),
(47, 14, 4, 'get_contacts', 11, 'Contacts', 0, 'select'),
(48, 14, 2, 'get_opportunities', 12, 'Potentials', 0, 'select'),
(49, 14, 14, 'get_products', 13, 'Product Bundles', 0, 'add,select'),
(50, 14, 14, 'get_parent_products', 14, 'Parent Product', 0, ''),
(51, 10, 4, 'get_contacts', 1, 'Contacts', 0, 'select,bulkmail'),
(52, 10, 0, 'get_users', 2, 'Users', 0, ''),
(53, 10, 8, 'get_attachments', 3, 'Documents', 0, 'add,select'),
(54, 13, 9, 'get_activities', 1, 'Activities', 0, 'add'),
(55, 13, 8, 'get_attachments', 2, 'Documents', 0, 'add,select'),
(56, 13, 0, 'get_ticket_history', 3, 'Ticket History', 0, ''),
(57, 13, 9, 'get_history', 4, 'Activity History', 0, 'add'),
(58, 19, 14, 'get_pricebook_products', 2, 'Products', 0, 'select'),
(59, 18, 14, 'get_products', 1, 'Products', 0, 'add,select'),
(60, 18, 21, 'get_purchase_orders', 2, 'Purchase Order', 0, 'add'),
(61, 18, 4, 'get_contacts', 3, 'Contacts', 0, 'select'),
(62, 18, 10, 'get_emails', 4, 'Emails', 0, 'add'),
(63, 20, 22, 'get_salesorder', 1, 'Sales Order', 0, ''),
(64, 20, 9, 'get_activities', 2, 'Activities', 0, 'add'),
(65, 20, 8, 'get_attachments', 3, 'Documents', 0, 'add,select'),
(66, 20, 9, 'get_history', 4, 'Activity History', 0, ''),
(67, 20, 0, 'get_quotestagehistory', 5, 'Quote Stage History', 0, ''),
(68, 21, 9, 'get_activities', 1, 'Activities', 0, 'add'),
(69, 21, 8, 'get_attachments', 2, 'Documents', 0, 'add,select'),
(70, 21, 9, 'get_history', 3, 'Activity History', 0, ''),
(71, 21, 0, 'get_postatushistory', 4, 'PurchaseOrder Status History', 0, ''),
(72, 22, 9, 'get_activities', 1, 'Activities', 0, 'add'),
(73, 22, 8, 'get_attachments', 2, 'Documents', 0, 'add,select'),
(74, 22, 23, 'get_invoices', 3, 'Invoice', 0, ''),
(75, 22, 9, 'get_history', 4, 'Activity History', 0, ''),
(76, 22, 0, 'get_sostatushistory', 5, 'SalesOrder Status History', 0, ''),
(77, 23, 9, 'get_activities', 1, 'Activities', 0, 'add'),
(78, 23, 8, 'get_attachments', 2, 'Documents', 0, 'add,select'),
(79, 23, 9, 'get_history', 3, 'Activity History', 0, ''),
(80, 23, 0, 'get_invoicestatushistory', 4, 'Invoice Status History', 0, ''),
(81, 9, 0, 'get_users', 1, 'Users', 0, ''),
(82, 9, 4, 'get_contacts', 2, 'Contacts', 0, ''),
(83, 26, 4, 'get_contacts', 1, 'Contacts', 0, 'add,select'),
(84, 26, 7, 'get_leads', 2, 'Leads', 0, 'add,select'),
(85, 26, 2, 'get_opportunities', 3, 'Potentials', 0, 'add'),
(86, 26, 9, 'get_activities', 4, 'Activities', 0, 'add'),
(87, 6, 26, 'get_campaigns', 13, 'Campaigns', 0, 'select'),
(88, 26, 6, 'get_accounts', 5, 'Accounts', 0, 'add,select'),
(89, 15, 8, 'get_attachments', 1, 'Documents', 0, 'add,select'),
(90, 4, 18, 'get_vendors', 13, 'Vendors', 0, 'SELECT');

-- --------------------------------------------------------

--
-- Table structure for table `vtiger_relatedlists_rb`
--

CREATE TABLE IF NOT EXISTS `vtiger_relatedlists_rb` (
  `entityid` int(19) DEFAULT NULL,
  `action` varchar(50) COLLATE utf8_unicode_ci DEFAULT NULL,
  `rel_table` varchar(200) COLLATE utf8_unicode_ci DEFAULT NULL,
  `rel_column` varchar(200) COLLATE utf8_unicode_ci DEFAULT NULL,
  `ref_column` varchar(200) COLLATE utf8_unicode_ci DEFAULT NULL,
  `related_crm_ids` text COLLATE utf8_unicode_ci
) ENGINE=InnoDB DEFAULT CHARSET=utf8 COLLATE=utf8_unicode_ci;

-- --------------------------------------------------------

--
-- Table structure for table `vtiger_relatedlists_seq`
--

CREATE TABLE IF NOT EXISTS `vtiger_relatedlists_seq` (
  `id` int(11) NOT NULL
) ENGINE=InnoDB DEFAULT CHARSET=utf8 COLLATE=utf8_unicode_ci;

--
-- Dumping data for table `vtiger_relatedlists_seq`
--

INSERT INTO `vtiger_relatedlists_seq` (`id`) VALUES
(90);

-- --------------------------------------------------------

--
-- Table structure for table `vtiger_relcriteria`
--

CREATE TABLE IF NOT EXISTS `vtiger_relcriteria` (
  `queryid` int(19) NOT NULL,
  `columnindex` int(11) NOT NULL,
  `columnname` varchar(250) COLLATE utf8_unicode_ci DEFAULT '',
  `comparator` varchar(20) COLLATE utf8_unicode_ci DEFAULT NULL,
  `value` varchar(512) COLLATE utf8_unicode_ci DEFAULT NULL,
  `groupid` int(11) DEFAULT '1',
  `column_condition` varchar(256) COLLATE utf8_unicode_ci DEFAULT 'and',
  PRIMARY KEY (`queryid`,`columnindex`),
  KEY `relcriteria_queryid_idx` (`queryid`)
) ENGINE=InnoDB DEFAULT CHARSET=utf8 COLLATE=utf8_unicode_ci;

--
-- Dumping data for table `vtiger_relcriteria`
--

INSERT INTO `vtiger_relcriteria` (`queryid`, `columnindex`, `columnname`, `comparator`, `value`, `groupid`, `column_condition`) VALUES
(1, 0, 'vtiger_contactdetails:accountid:Contacts_Account_Name:account_id:V', 'n', '', 1, 'and'),
(2, 0, 'vtiger_contactdetails:accountid:Contacts_Account_Name:account_id:V', 'e', '', 1, 'and'),
(3, 0, 'vtiger_potential:potentialname:Potentials_Potential_Name:potentialname:V', 'n', '', 1, 'and'),
(7, 0, 'vtiger_potential:sales_stage:Potentials_Sales_Stage:sales_stage:V', 'e', 'Closed Won', 1, 'and'),
(12, 0, 'vtiger_troubletickets:status:HelpDesk_Status:ticketstatus:V', 'n', 'Closed', 1, 'and'),
(15, 0, 'vtiger_quotes:quotestage:Quotes_Quote_Stage:quotestage:V', 'n', 'Accepted', 1, 'and'),
(15, 1, 'vtiger_quotes:quotestage:Quotes_Quote_Stage:quotestage:V', 'n', 'Rejected', 1, 'and'),
(22, 0, 'vtiger_email_track:access_count:Emails_Access_Count:access_count:V', 'n', '', 1, 'and'),
(23, 0, 'vtiger_email_track:access_count:Emails_Access_Count:access_count:V', 'n', '', 1, 'and'),
(24, 0, 'vtiger_email_track:access_count:Emails_Access_Count:access_count:V', 'n', '', 1, 'and'),
(25, 0, 'vtiger_email_track:access_count:Emails_Access_Count:access_count:V', 'n', '', 1, 'and');

-- --------------------------------------------------------

--
-- Table structure for table `vtiger_relcriteria_grouping`
--

CREATE TABLE IF NOT EXISTS `vtiger_relcriteria_grouping` (
  `groupid` int(11) NOT NULL,
  `queryid` int(19) NOT NULL,
  `group_condition` varchar(256) COLLATE utf8_unicode_ci DEFAULT NULL,
  `condition_expression` text COLLATE utf8_unicode_ci,
  PRIMARY KEY (`groupid`,`queryid`)
) ENGINE=InnoDB DEFAULT CHARSET=utf8 COLLATE=utf8_unicode_ci;

--
-- Dumping data for table `vtiger_relcriteria_grouping`
--

INSERT INTO `vtiger_relcriteria_grouping` (`groupid`, `queryid`, `group_condition`, `condition_expression`) VALUES
(1, 1, '', '0'),
(1, 2, '', '0'),
(1, 3, '', '0'),
(1, 7, '', '0'),
(1, 12, '', '0'),
(1, 15, '', '0 and 1'),
(1, 22, '', '0'),
(1, 23, '', '0'),
(1, 24, '', '0'),
(1, 25, '', '0');

-- --------------------------------------------------------

--
-- Table structure for table `vtiger_reminder_interval`
--

CREATE TABLE IF NOT EXISTS `vtiger_reminder_interval` (
  `reminder_intervalid` int(19) NOT NULL AUTO_INCREMENT,
  `reminder_interval` varchar(200) COLLATE utf8_unicode_ci NOT NULL,
  `sortorderid` int(19) NOT NULL,
  `presence` int(1) NOT NULL,
  PRIMARY KEY (`reminder_intervalid`)
) ENGINE=InnoDB  DEFAULT CHARSET=utf8 COLLATE=utf8_unicode_ci AUTO_INCREMENT=9 ;

--
-- Dumping data for table `vtiger_reminder_interval`
--

INSERT INTO `vtiger_reminder_interval` (`reminder_intervalid`, `reminder_interval`, `sortorderid`, `presence`) VALUES
(2, '1 Minute', 1, 1),
(3, '5 Minutes', 2, 1),
(4, '15 Minutes', 3, 1),
(5, '30 Minutes', 4, 1),
(6, '45 Minutes', 5, 1),
(7, '1 Hour', 6, 1),
(8, '1 Day', 7, 1);

-- --------------------------------------------------------

--
-- Table structure for table `vtiger_reminder_interval_seq`
--

CREATE TABLE IF NOT EXISTS `vtiger_reminder_interval_seq` (
  `id` int(11) NOT NULL
) ENGINE=InnoDB DEFAULT CHARSET=utf8 COLLATE=utf8_unicode_ci;

--
-- Dumping data for table `vtiger_reminder_interval_seq`
--

INSERT INTO `vtiger_reminder_interval_seq` (`id`) VALUES
(8);

-- --------------------------------------------------------

--
-- Table structure for table `vtiger_report`
--

CREATE TABLE IF NOT EXISTS `vtiger_report` (
  `reportid` int(19) NOT NULL,
  `folderid` int(19) NOT NULL,
  `reportname` varchar(100) COLLATE utf8_unicode_ci DEFAULT '',
  `description` varchar(250) COLLATE utf8_unicode_ci DEFAULT '',
  `reporttype` varchar(50) COLLATE utf8_unicode_ci DEFAULT '',
  `queryid` int(19) NOT NULL DEFAULT '0',
  `state` varchar(50) COLLATE utf8_unicode_ci DEFAULT 'SAVED',
  `customizable` int(1) DEFAULT '1',
  `category` int(11) DEFAULT '1',
  `owner` int(11) DEFAULT '1',
  `sharingtype` varchar(200) COLLATE utf8_unicode_ci DEFAULT 'Private',
  PRIMARY KEY (`reportid`),
  KEY `report_queryid_idx` (`queryid`),
  KEY `report_folderid_idx` (`folderid`)
) ENGINE=InnoDB DEFAULT CHARSET=utf8 COLLATE=utf8_unicode_ci;

--
-- Dumping data for table `vtiger_report`
--

INSERT INTO `vtiger_report` (`reportid`, `folderid`, `reportname`, `description`, `reporttype`, `queryid`, `state`, `customizable`, `category`, `owner`, `sharingtype`) VALUES
(1, 1, 'Contacts by Accounts', 'Contacts related to Accounts', 'tabular', 1, 'CUSTOM', 1, 1, 1, 'Public'),
(2, 1, 'Contacts without Accounts', 'Contacts not related to Accounts', 'tabular', 2, 'CUSTOM', 1, 1, 1, 'Public'),
(3, 1, 'Contacts by Potentials', 'Contacts related to Potentials', 'tabular', 3, 'CUSTOM', 1, 1, 1, 'Public'),
(4, 2, 'Lead by Source', 'Lead by Source', 'summary', 4, 'CUSTOM', 1, 1, 1, 'Public'),
(5, 2, 'Lead Status Report', 'Lead Status Report', 'summary', 5, 'CUSTOM', 1, 1, 1, 'Public'),
(6, 3, 'Potential Pipeline', 'Potential Pipeline', 'summary', 6, 'CUSTOM', 1, 1, 1, 'Public'),
(7, 3, 'Closed Potentials', 'Potential that have Won', 'tabular', 7, 'CUSTOM', 1, 1, 1, 'Public'),
(8, 4, 'Last Month Activities', 'Last Month Activities', 'tabular', 8, 'CUSTOM', 1, 1, 1, 'Public'),
(9, 4, 'This Month Activities', 'This Month Activities', 'tabular', 9, 'CUSTOM', 1, 1, 1, 'Public'),
(10, 5, 'Tickets by Products', 'Tickets related to Products', 'tabular', 10, 'CUSTOM', 1, 1, 1, 'Public'),
(11, 5, 'Tickets by Priority', 'Tickets by Priority', 'summary', 11, 'CUSTOM', 1, 1, 1, 'Public'),
(12, 5, 'Open Tickets', 'Tickets that are Open', 'tabular', 12, 'CUSTOM', 1, 1, 1, 'Public'),
(13, 6, 'Product Details', 'Product Detailed Report', 'tabular', 13, 'CUSTOM', 1, 1, 1, 'Public'),
(14, 6, 'Products by Contacts', 'Products related to Contacts', 'tabular', 14, 'CUSTOM', 1, 1, 1, 'Public'),
(15, 7, 'Open Quotes', 'Quotes that are Open', 'tabular', 15, 'CUSTOM', 1, 1, 1, 'Public'),
(16, 7, 'Quotes Detailed Report', 'Quotes Detailed Report', 'tabular', 16, 'CUSTOM', 1, 1, 1, 'Public'),
(17, 8, 'PurchaseOrder by Contacts', 'PurchaseOrder related to Contacts', 'tabular', 17, 'CUSTOM', 1, 1, 1, 'Public'),
(18, 8, 'PurchaseOrder Detailed Report', 'PurchaseOrder Detailed Report', 'tabular', 18, 'CUSTOM', 1, 1, 1, 'Public'),
(19, 9, 'Invoice Detailed Report', 'Invoice Detailed Report', 'tabular', 19, 'CUSTOM', 1, 1, 1, 'Public'),
(20, 10, 'SalesOrder Detailed Report', 'SalesOrder Detailed Report', 'tabular', 20, 'CUSTOM', 1, 1, 1, 'Public'),
(21, 11, 'Campaign Expectations and Actuals', 'Campaign Expectations and Actuals', 'tabular', 21, 'CUSTOM', 1, 1, 1, 'Public'),
(22, 12, 'Contacts Email Report', 'Emails sent to Contacts', 'tabular', 22, 'CUSTOM', 1, 1, 1, 'Public'),
(23, 12, 'Accounts Email Report', 'Emails sent to Organizations', 'tabular', 23, 'CUSTOM', 1, 1, 1, 'Public'),
(24, 12, 'Leads Email Report', 'Emails sent to Leads', 'tabular', 24, 'CUSTOM', 1, 1, 1, 'Public'),
(25, 12, 'Vendors Email Report', 'Emails sent to Vendors', 'tabular', 25, 'CUSTOM', 1, 1, 1, 'Public');

-- --------------------------------------------------------

--
-- Table structure for table `vtiger_reportdatefilter`
--

CREATE TABLE IF NOT EXISTS `vtiger_reportdatefilter` (
  `datefilterid` int(19) NOT NULL,
  `datecolumnname` varchar(250) COLLATE utf8_unicode_ci DEFAULT '',
  `datefilter` varchar(250) COLLATE utf8_unicode_ci DEFAULT '',
  `startdate` date DEFAULT NULL,
  `enddate` date DEFAULT NULL,
  PRIMARY KEY (`datefilterid`),
  KEY `reportdatefilter_datefilterid_idx` (`datefilterid`)
) ENGINE=InnoDB DEFAULT CHARSET=utf8 COLLATE=utf8_unicode_ci;

--
-- Dumping data for table `vtiger_reportdatefilter`
--

INSERT INTO `vtiger_reportdatefilter` (`datefilterid`, `datecolumnname`, `datefilter`, `startdate`, `enddate`) VALUES
(8, 'vtiger_crmentity:modifiedtime:modifiedtime:Calendar_Modified_Time', 'lastmonth', '2005-05-01', '2005-05-31'),
(9, 'vtiger_crmentity:modifiedtime:modifiedtime:Calendar_Modified_Time', 'thismonth', '2005-06-01', '2005-06-30');

-- --------------------------------------------------------

--
-- Table structure for table `vtiger_reportfilters`
--

CREATE TABLE IF NOT EXISTS `vtiger_reportfilters` (
  `filterid` int(19) NOT NULL,
  `name` varchar(200) COLLATE utf8_unicode_ci NOT NULL
) ENGINE=InnoDB DEFAULT CHARSET=utf8 COLLATE=utf8_unicode_ci;

--
-- Dumping data for table `vtiger_reportfilters`
--

INSERT INTO `vtiger_reportfilters` (`filterid`, `name`) VALUES
(1, 'Private'),
(2, 'Public'),
(3, 'Shared');

-- --------------------------------------------------------

--
-- Table structure for table `vtiger_reportfolder`
--

CREATE TABLE IF NOT EXISTS `vtiger_reportfolder` (
  `folderid` int(19) NOT NULL AUTO_INCREMENT,
  `foldername` varchar(100) COLLATE utf8_unicode_ci NOT NULL DEFAULT '',
  `description` varchar(250) COLLATE utf8_unicode_ci DEFAULT '',
  `state` varchar(50) COLLATE utf8_unicode_ci DEFAULT 'SAVED',
  PRIMARY KEY (`folderid`)
) ENGINE=InnoDB  DEFAULT CHARSET=utf8 COLLATE=utf8_unicode_ci AUTO_INCREMENT=13 ;

--
-- Dumping data for table `vtiger_reportfolder`
--

INSERT INTO `vtiger_reportfolder` (`folderid`, `foldername`, `description`, `state`) VALUES
(1, 'Account and Contact Reports', 'Account and Contact Reports', 'SAVED'),
(2, 'Lead Reports', 'Lead Reports', 'SAVED'),
(3, 'Potential Reports', 'Potential Reports', 'SAVED'),
(4, 'Activity Reports', 'Activity Reports', 'SAVED'),
(5, 'HelpDesk Reports', 'HelpDesk Reports', 'SAVED'),
(6, 'Product Reports', 'Product Reports', 'SAVED'),
(7, 'Quote Reports', 'Quote Reports', 'SAVED'),
(8, 'PurchaseOrder Reports', 'PurchaseOrder Reports', 'SAVED'),
(9, 'Invoice Reports', 'Invoice Reports', 'SAVED'),
(10, 'SalesOrder Reports', 'SalesOrder Reports', 'SAVED'),
(11, 'Campaign Reports', 'Campaign Reports', 'SAVED'),
(12, 'Email Reports', 'Email Reports', 'SAVED');

-- --------------------------------------------------------

--
-- Table structure for table `vtiger_reportgroupbycolumn`
--

CREATE TABLE IF NOT EXISTS `vtiger_reportgroupbycolumn` (
  `reportid` int(19) DEFAULT NULL,
  `sortid` int(19) DEFAULT NULL,
  `sortcolname` varchar(250) COLLATE utf8_unicode_ci DEFAULT NULL,
  `dategroupbycriteria` varchar(250) COLLATE utf8_unicode_ci DEFAULT NULL,
  KEY `reportid` (`reportid`)
) ENGINE=InnoDB DEFAULT CHARSET=utf8 COLLATE=utf8_unicode_ci;

-- --------------------------------------------------------

--
-- Table structure for table `vtiger_reportmodules`
--

CREATE TABLE IF NOT EXISTS `vtiger_reportmodules` (
  `reportmodulesid` int(19) NOT NULL,
  `primarymodule` varchar(50) COLLATE utf8_unicode_ci NOT NULL DEFAULT '',
  `secondarymodules` varchar(250) COLLATE utf8_unicode_ci DEFAULT '',
  PRIMARY KEY (`reportmodulesid`)
) ENGINE=InnoDB DEFAULT CHARSET=utf8 COLLATE=utf8_unicode_ci;

--
-- Dumping data for table `vtiger_reportmodules`
--

INSERT INTO `vtiger_reportmodules` (`reportmodulesid`, `primarymodule`, `secondarymodules`) VALUES
(1, 'Contacts', 'Accounts'),
(2, 'Contacts', 'Accounts'),
(3, 'Contacts', 'Potentials'),
(4, 'Leads', ''),
(5, 'Leads', ''),
(6, 'Potentials', ''),
(7, 'Potentials', ''),
(8, 'Calendar', ''),
(9, 'Calendar', ''),
(10, 'HelpDesk', 'Products'),
(11, 'HelpDesk', ''),
(12, 'HelpDesk', ''),
(13, 'Products', ''),
(14, 'Products', 'Contacts'),
(15, 'Quotes', ''),
(16, 'Quotes', ''),
(17, 'PurchaseOrder', 'Contacts'),
(18, 'PurchaseOrder', ''),
(19, 'Invoice', ''),
(20, 'SalesOrder', ''),
(21, 'Campaigns', ''),
(22, 'Contacts', 'Emails'),
(23, 'Accounts', 'Emails'),
(24, 'Leads', 'Emails'),
(25, 'Vendors', 'Emails');

-- --------------------------------------------------------

--
-- Table structure for table `vtiger_reportsharing`
--

CREATE TABLE IF NOT EXISTS `vtiger_reportsharing` (
  `reportid` int(19) NOT NULL,
  `shareid` int(19) NOT NULL,
  `setype` varchar(200) COLLATE utf8_unicode_ci NOT NULL
) ENGINE=InnoDB DEFAULT CHARSET=utf8 COLLATE=utf8_unicode_ci;

-- --------------------------------------------------------

--
-- Table structure for table `vtiger_reportsortcol`
--

CREATE TABLE IF NOT EXISTS `vtiger_reportsortcol` (
  `sortcolid` int(19) NOT NULL,
  `reportid` int(19) NOT NULL,
  `columnname` varchar(250) COLLATE utf8_unicode_ci DEFAULT '',
  `sortorder` varchar(250) COLLATE utf8_unicode_ci DEFAULT 'Asc',
  PRIMARY KEY (`sortcolid`,`reportid`),
  KEY `reportid` (`reportid`)
) ENGINE=InnoDB DEFAULT CHARSET=utf8 COLLATE=utf8_unicode_ci;

--
-- Dumping data for table `vtiger_reportsortcol`
--

INSERT INTO `vtiger_reportsortcol` (`sortcolid`, `reportid`, `columnname`, `sortorder`) VALUES
(1, 4, 'vtiger_leaddetails:leadsource:Leads_Lead_Source:leadsource:V', 'Ascending'),
(1, 5, 'vtiger_leaddetails:leadstatus:Leads_Lead_Status:leadstatus:V', 'Ascending'),
(1, 6, 'vtiger_potential:sales_stage:Potentials_Sales_Stage:sales_stage:V', 'Ascending'),
(1, 11, 'vtiger_troubletickets:priority:HelpDesk_Priority:ticketpriorities:V', 'Ascending');

-- --------------------------------------------------------

--
-- Table structure for table `vtiger_reportsummary`
--

CREATE TABLE IF NOT EXISTS `vtiger_reportsummary` (
  `reportsummaryid` int(19) NOT NULL,
  `summarytype` int(19) NOT NULL,
  `columnname` varchar(250) COLLATE utf8_unicode_ci NOT NULL DEFAULT '',
  PRIMARY KEY (`reportsummaryid`,`summarytype`,`columnname`),
  KEY `reportsummary_reportsummaryid_idx` (`reportsummaryid`)
) ENGINE=InnoDB DEFAULT CHARSET=utf8 COLLATE=utf8_unicode_ci;

-- --------------------------------------------------------

--
-- Table structure for table `vtiger_reporttype`
--

CREATE TABLE IF NOT EXISTS `vtiger_reporttype` (
  `reportid` int(10) NOT NULL,
  `data` text COLLATE utf8_unicode_ci,
  PRIMARY KEY (`reportid`)
) ENGINE=InnoDB DEFAULT CHARSET=utf8 COLLATE=utf8_unicode_ci;

-- --------------------------------------------------------

--
-- Table structure for table `vtiger_role`
--

CREATE TABLE IF NOT EXISTS `vtiger_role` (
  `roleid` varchar(255) COLLATE utf8_unicode_ci NOT NULL,
  `rolename` varchar(200) COLLATE utf8_unicode_ci DEFAULT NULL,
  `parentrole` varchar(255) COLLATE utf8_unicode_ci DEFAULT NULL,
  `depth` int(19) DEFAULT NULL,
  `allowassignedrecordsto` int(2) NOT NULL DEFAULT '1',
  PRIMARY KEY (`roleid`)
) ENGINE=InnoDB DEFAULT CHARSET=utf8 COLLATE=utf8_unicode_ci;

--
-- Dumping data for table `vtiger_role`
--

INSERT INTO `vtiger_role` (`roleid`, `rolename`, `parentrole`, `depth`, `allowassignedrecordsto`) VALUES
('H1', 'Organization', 'H1', 0, 1),
('H2', 'CEO', 'H1::H2', 1, 1),
('H3', 'Vice President', 'H1::H2::H3', 2, 1),
('H4', 'Sales Manager', 'H1::H2::H3::H4', 3, 1),
('H5', 'Sales Person', 'H1::H2::H3::H4::H5', 4, 1);

-- --------------------------------------------------------

--
-- Table structure for table `vtiger_role2picklist`
--

CREATE TABLE IF NOT EXISTS `vtiger_role2picklist` (
  `roleid` varchar(255) COLLATE utf8_unicode_ci NOT NULL,
  `picklistvalueid` int(11) NOT NULL,
  `picklistid` int(11) NOT NULL,
  `sortid` int(11) DEFAULT NULL,
  PRIMARY KEY (`roleid`,`picklistvalueid`,`picklistid`),
  KEY `picklistid` (`picklistid`),
  KEY `role2picklist_roleid_picklistid_idx` (`roleid`,`picklistid`,`picklistvalueid`),
  KEY `picklistvalueid` (`picklistvalueid`)
) ENGINE=InnoDB DEFAULT CHARSET=utf8 COLLATE=utf8_unicode_ci;

--
-- Dumping data for table `vtiger_role2picklist`
--

INSERT INTO `vtiger_role2picklist` (`roleid`, `picklistvalueid`, `picklistid`, `sortid`) VALUES
('H1', 1, 1, 0),
('H1', 2, 1, 1),
('H1', 3, 1, 2),
('H1', 4, 1, 3),
('H1', 5, 1, 4),
('H1', 6, 1, 5),
('H1', 7, 1, 6),
('H1', 8, 1, 7),
('H1', 9, 1, 8),
('H1', 10, 1, 9),
('H1', 11, 1, 10),
('H1', 12, 2, 0),
('H1', 13, 2, 1),
('H1', 14, 3, 0),
('H1', 15, 3, 1),
('H1', 16, 3, 2),
('H1', 17, 3, 3),
('H1', 18, 3, 4),
('H1', 19, 3, 5),
('H1', 20, 4, 0),
('H1', 21, 4, 1),
('H1', 22, 4, 2),
('H1', 23, 4, 3),
('H1', 24, 4, 4),
('H1', 25, 4, 5),
('H1', 26, 4, 6),
('H1', 27, 4, 7),
('H1', 28, 4, 8),
('H1', 29, 4, 9),
('H1', 30, 4, 10),
('H1', 31, 4, 11),
('H1', 32, 4, 12),
('H1', 33, 5, 0),
('H1', 34, 5, 1),
('H1', 35, 5, 2),
('H1', 36, 5, 3),
('H1', 37, 5, 4),
('H1', 38, 6, 0),
('H1', 39, 6, 1),
('H1', 40, 6, 2),
('H1', 41, 7, 0),
('H1', 42, 7, 1),
('H1', 43, 7, 2),
('H1', 44, 7, 3),
('H1', 45, 7, 4),
('H1', 46, 8, 0),
('H1', 47, 9, 0),
('H1', 48, 9, 1),
('H1', 49, 9, 2),
('H1', 50, 9, 3),
('H1', 51, 10, 0),
('H1', 52, 10, 1),
('H1', 53, 10, 2),
('H1', 54, 10, 3),
('H1', 55, 10, 4),
('H1', 56, 10, 5),
('H1', 57, 10, 6),
('H1', 58, 10, 7),
('H1', 59, 10, 8),
('H1', 60, 11, 0),
('H1', 61, 11, 1),
('H1', 62, 11, 2),
('H1', 63, 11, 3),
('H1', 64, 11, 4),
('H1', 65, 11, 5),
('H1', 66, 11, 6),
('H1', 67, 11, 7),
('H1', 68, 11, 8),
('H1', 69, 11, 9),
('H1', 70, 11, 10),
('H1', 71, 11, 11),
('H1', 72, 11, 12),
('H1', 73, 11, 13),
('H1', 74, 11, 14),
('H1', 75, 11, 15),
('H1', 76, 11, 16),
('H1', 77, 11, 17),
('H1', 78, 11, 18),
('H1', 79, 11, 19),
('H1', 80, 11, 20),
('H1', 81, 11, 21),
('H1', 82, 11, 22),
('H1', 83, 11, 23),
('H1', 84, 11, 24),
('H1', 85, 11, 25),
('H1', 86, 11, 26),
('H1', 87, 11, 27),
('H1', 88, 11, 28),
('H1', 89, 11, 29),
('H1', 90, 11, 30),
('H1', 91, 11, 31),
('H1', 92, 12, 0),
('H1', 93, 12, 1),
('H1', 94, 12, 2),
('H1', 95, 12, 3),
('H1', 96, 12, 4),
('H1', 97, 12, 5),
('H1', 98, 13, 0),
('H1', 99, 13, 1),
('H1', 100, 13, 2),
('H1', 101, 13, 3),
('H1', 102, 13, 4),
('H1', 103, 13, 5),
('H1', 104, 13, 6),
('H1', 105, 13, 7),
('H1', 106, 13, 8),
('H1', 107, 13, 9),
('H1', 108, 13, 10),
('H1', 109, 13, 11),
('H1', 110, 13, 12),
('H1', 111, 14, 0),
('H1', 112, 14, 1),
('H1', 113, 14, 2),
('H1', 114, 14, 3),
('H1', 115, 14, 4),
('H1', 116, 14, 5),
('H1', 117, 14, 6),
('H1', 118, 14, 7),
('H1', 119, 14, 8),
('H1', 120, 14, 9),
('H1', 121, 14, 10),
('H1', 122, 14, 11),
('H1', 123, 15, 0),
('H1', 124, 15, 1),
('H1', 125, 15, 2),
('H1', 126, 15, 3),
('H1', 127, 16, 0),
('H1', 128, 16, 1),
('H1', 129, 16, 2),
('H1', 130, 17, 0),
('H1', 131, 17, 1),
('H1', 132, 17, 2),
('H1', 133, 17, 3),
('H1', 134, 17, 4),
('H1', 135, 18, 0),
('H1', 136, 18, 1),
('H1', 137, 18, 2),
('H1', 138, 18, 3),
('H1', 139, 19, 0),
('H1', 140, 19, 1),
('H1', 141, 19, 2),
('H1', 142, 19, 3),
('H1', 143, 19, 4),
('H1', 144, 20, 0),
('H1', 145, 20, 1),
('H1', 146, 20, 2),
('H1', 147, 20, 3),
('H1', 148, 20, 4),
('H1', 149, 20, 5),
('H1', 150, 21, 0),
('H1', 151, 21, 1),
('H1', 152, 21, 2),
('H1', 153, 21, 3),
('H1', 154, 21, 4),
('H1', 155, 21, 5),
('H1', 156, 21, 6),
('H1', 157, 21, 7),
('H1', 158, 21, 8),
('H1', 159, 21, 9),
('H1', 160, 22, 0),
('H1', 161, 22, 1),
('H1', 162, 22, 2),
('H1', 163, 22, 3),
('H1', 164, 22, 4),
('H1', 165, 22, 5),
('H1', 166, 23, 0),
('H1', 167, 23, 1),
('H1', 168, 23, 2),
('H1', 169, 23, 3),
('H1', 170, 24, 0),
('H1', 171, 24, 1),
('H1', 172, 24, 2),
('H1', 173, 25, 0),
('H1', 174, 25, 1),
('H1', 175, 25, 2),
('H1', 176, 25, 3),
('H1', 177, 25, 4),
('H1', 178, 25, 5),
('H1', 179, 26, 0),
('H1', 180, 26, 1),
('H1', 181, 26, 2),
('H1', 182, 27, 0),
('H1', 183, 27, 1),
('H1', 184, 27, 2),
('H1', 185, 27, 3),
('H1', 186, 28, 0),
('H1', 187, 28, 1),
('H1', 188, 28, 2),
('H1', 189, 28, 3),
('H1', 190, 29, 0),
('H1', 191, 29, 1),
('H1', 192, 29, 2),
('H1', 193, 29, 3),
('H1', 194, 30, 0),
('H1', 195, 30, 1),
('H1', 196, 30, 2),
('H1', 197, 30, 3),
('H1', 198, 30, 4),
('H1', 199, 30, 5),
('H1', 200, 30, 6),
('H1', 201, 30, 7),
('H1', 202, 30, 8),
('H1', 203, 30, 9),
('H1', 204, 30, 10),
('H1', 205, 30, 11),
('H1', 206, 30, 12),
('H1', 207, 30, 13),
('H1', 208, 30, 14),
('H1', 209, 30, 15),
('H1', 210, 12, 1),
('H1', 211, 12, 1),
('H1', 212, 12, 2),
('H1', 213, 12, 3),
('H1', 214, 12, 4),
('H1', 215, 12, 5),
('H1', 216, 12, 6),
('H1', 217, 2, 1),
('H1', 218, 31, 1),
('H1', 219, 31, 2),
('H1', 220, 31, 3),
('H1', 221, 32, 1),
('H1', 222, 32, 2),
('H2', 1, 1, 0),
('H2', 2, 1, 1),
('H2', 3, 1, 2),
('H2', 4, 1, 3),
('H2', 5, 1, 4),
('H2', 6, 1, 5),
('H2', 7, 1, 6),
('H2', 8, 1, 7),
('H2', 9, 1, 8),
('H2', 10, 1, 9),
('H2', 11, 1, 10),
('H2', 12, 2, 0),
('H2', 13, 2, 1),
('H2', 14, 3, 0),
('H2', 15, 3, 1),
('H2', 16, 3, 2),
('H2', 17, 3, 3),
('H2', 18, 3, 4),
('H2', 19, 3, 5),
('H2', 20, 4, 0),
('H2', 21, 4, 1),
('H2', 22, 4, 2),
('H2', 23, 4, 3),
('H2', 24, 4, 4),
('H2', 25, 4, 5),
('H2', 26, 4, 6),
('H2', 27, 4, 7),
('H2', 28, 4, 8),
('H2', 29, 4, 9),
('H2', 30, 4, 10),
('H2', 31, 4, 11),
('H2', 32, 4, 12),
('H2', 33, 5, 0),
('H2', 34, 5, 1),
('H2', 35, 5, 2),
('H2', 36, 5, 3),
('H2', 37, 5, 4),
('H2', 38, 6, 0),
('H2', 39, 6, 1),
('H2', 40, 6, 2),
('H2', 41, 7, 0),
('H2', 42, 7, 1),
('H2', 43, 7, 2),
('H2', 44, 7, 3),
('H2', 45, 7, 4),
('H2', 46, 8, 0),
('H2', 47, 9, 0),
('H2', 48, 9, 1),
('H2', 49, 9, 2),
('H2', 50, 9, 3),
('H2', 51, 10, 0),
('H2', 52, 10, 1),
('H2', 53, 10, 2),
('H2', 54, 10, 3),
('H2', 55, 10, 4),
('H2', 56, 10, 5),
('H2', 57, 10, 6),
('H2', 58, 10, 7),
('H2', 59, 10, 8),
('H2', 60, 11, 0),
('H2', 61, 11, 1),
('H2', 62, 11, 2),
('H2', 63, 11, 3),
('H2', 64, 11, 4),
('H2', 65, 11, 5),
('H2', 66, 11, 6),
('H2', 67, 11, 7),
('H2', 68, 11, 8),
('H2', 69, 11, 9),
('H2', 70, 11, 10),
('H2', 71, 11, 11),
('H2', 72, 11, 12),
('H2', 73, 11, 13),
('H2', 74, 11, 14),
('H2', 75, 11, 15),
('H2', 76, 11, 16),
('H2', 77, 11, 17),
('H2', 78, 11, 18),
('H2', 79, 11, 19),
('H2', 80, 11, 20),
('H2', 81, 11, 21),
('H2', 82, 11, 22),
('H2', 83, 11, 23),
('H2', 84, 11, 24),
('H2', 85, 11, 25),
('H2', 86, 11, 26),
('H2', 87, 11, 27),
('H2', 88, 11, 28),
('H2', 89, 11, 29),
('H2', 90, 11, 30),
('H2', 91, 11, 31),
('H2', 92, 12, 0),
('H2', 93, 12, 1),
('H2', 94, 12, 2),
('H2', 95, 12, 3),
('H2', 96, 12, 4),
('H2', 97, 12, 5),
('H2', 98, 13, 0),
('H2', 99, 13, 1),
('H2', 100, 13, 2),
('H2', 101, 13, 3),
('H2', 102, 13, 4),
('H2', 103, 13, 5),
('H2', 104, 13, 6),
('H2', 105, 13, 7),
('H2', 106, 13, 8),
('H2', 107, 13, 9),
('H2', 108, 13, 10),
('H2', 109, 13, 11),
('H2', 110, 13, 12),
('H2', 111, 14, 0),
('H2', 112, 14, 1),
('H2', 113, 14, 2),
('H2', 114, 14, 3),
('H2', 115, 14, 4),
('H2', 116, 14, 5),
('H2', 117, 14, 6),
('H2', 118, 14, 7),
('H2', 119, 14, 8),
('H2', 120, 14, 9),
('H2', 121, 14, 10),
('H2', 122, 14, 11),
('H2', 123, 15, 0),
('H2', 124, 15, 1),
('H2', 125, 15, 2),
('H2', 126, 15, 3),
('H2', 127, 16, 0),
('H2', 128, 16, 1),
('H2', 129, 16, 2),
('H2', 130, 17, 0),
('H2', 131, 17, 1),
('H2', 132, 17, 2),
('H2', 133, 17, 3),
('H2', 134, 17, 4),
('H2', 135, 18, 0),
('H2', 136, 18, 1),
('H2', 137, 18, 2),
('H2', 138, 18, 3),
('H2', 139, 19, 0),
('H2', 140, 19, 1),
('H2', 141, 19, 2),
('H2', 142, 19, 3),
('H2', 143, 19, 4),
('H2', 144, 20, 0),
('H2', 145, 20, 1),
('H2', 146, 20, 2),
('H2', 147, 20, 3),
('H2', 148, 20, 4),
('H2', 149, 20, 5),
('H2', 150, 21, 0),
('H2', 151, 21, 1),
('H2', 152, 21, 2),
('H2', 153, 21, 3),
('H2', 154, 21, 4),
('H2', 155, 21, 5),
('H2', 156, 21, 6),
('H2', 157, 21, 7),
('H2', 158, 21, 8),
('H2', 159, 21, 9),
('H2', 160, 22, 0),
('H2', 161, 22, 1),
('H2', 162, 22, 2),
('H2', 163, 22, 3),
('H2', 164, 22, 4),
('H2', 165, 22, 5),
('H2', 166, 23, 0),
('H2', 167, 23, 1),
('H2', 168, 23, 2),
('H2', 169, 23, 3),
('H2', 170, 24, 0),
('H2', 171, 24, 1),
('H2', 172, 24, 2),
('H2', 173, 25, 0),
('H2', 174, 25, 1),
('H2', 175, 25, 2),
('H2', 176, 25, 3),
('H2', 177, 25, 4),
('H2', 178, 25, 5),
('H2', 179, 26, 0),
('H2', 180, 26, 1),
('H2', 181, 26, 2),
('H2', 182, 27, 0),
('H2', 183, 27, 1),
('H2', 184, 27, 2),
('H2', 185, 27, 3),
('H2', 186, 28, 0),
('H2', 187, 28, 1),
('H2', 188, 28, 2),
('H2', 189, 28, 3),
('H2', 190, 29, 0),
('H2', 191, 29, 1),
('H2', 192, 29, 2),
('H2', 193, 29, 3),
('H2', 194, 30, 0),
('H2', 195, 30, 1),
('H2', 196, 30, 2),
('H2', 197, 30, 3),
('H2', 198, 30, 4),
('H2', 199, 30, 5),
('H2', 200, 30, 6),
('H2', 201, 30, 7),
('H2', 202, 30, 8),
('H2', 203, 30, 9),
('H2', 204, 30, 10),
('H2', 205, 30, 11),
('H2', 206, 30, 12),
('H2', 207, 30, 13),
('H2', 208, 30, 14),
('H2', 209, 30, 15),
('H2', 210, 12, 1),
('H2', 211, 12, 1),
('H2', 212, 12, 2),
('H2', 213, 12, 3),
('H2', 214, 12, 4),
('H2', 215, 12, 5),
('H2', 216, 12, 6),
('H2', 217, 2, 1),
('H2', 218, 31, 1),
('H2', 219, 31, 2),
('H2', 220, 31, 3),
('H2', 221, 32, 1),
('H2', 222, 32, 2),
('H3', 1, 1, 0),
('H3', 2, 1, 1),
('H3', 3, 1, 2),
('H3', 4, 1, 3),
('H3', 5, 1, 4),
('H3', 6, 1, 5),
('H3', 7, 1, 6),
('H3', 8, 1, 7),
('H3', 9, 1, 8),
('H3', 10, 1, 9),
('H3', 11, 1, 10),
('H3', 12, 2, 0),
('H3', 13, 2, 1),
('H3', 14, 3, 0),
('H3', 15, 3, 1),
('H3', 16, 3, 2),
('H3', 17, 3, 3),
('H3', 18, 3, 4),
('H3', 19, 3, 5),
('H3', 20, 4, 0),
('H3', 21, 4, 1),
('H3', 22, 4, 2),
('H3', 23, 4, 3),
('H3', 24, 4, 4),
('H3', 25, 4, 5),
('H3', 26, 4, 6),
('H3', 27, 4, 7),
('H3', 28, 4, 8),
('H3', 29, 4, 9),
('H3', 30, 4, 10),
('H3', 31, 4, 11),
('H3', 32, 4, 12),
('H3', 33, 5, 0),
('H3', 34, 5, 1),
('H3', 35, 5, 2),
('H3', 36, 5, 3),
('H3', 37, 5, 4),
('H3', 38, 6, 0),
('H3', 39, 6, 1),
('H3', 40, 6, 2),
('H3', 41, 7, 0),
('H3', 42, 7, 1),
('H3', 43, 7, 2),
('H3', 44, 7, 3),
('H3', 45, 7, 4),
('H3', 46, 8, 0),
('H3', 47, 9, 0),
('H3', 48, 9, 1),
('H3', 49, 9, 2),
('H3', 50, 9, 3),
('H3', 51, 10, 0),
('H3', 52, 10, 1),
('H3', 53, 10, 2),
('H3', 54, 10, 3),
('H3', 55, 10, 4),
('H3', 56, 10, 5),
('H3', 57, 10, 6),
('H3', 58, 10, 7),
('H3', 59, 10, 8),
('H3', 60, 11, 0),
('H3', 61, 11, 1),
('H3', 62, 11, 2),
('H3', 63, 11, 3),
('H3', 64, 11, 4),
('H3', 65, 11, 5),
('H3', 66, 11, 6),
('H3', 67, 11, 7),
('H3', 68, 11, 8),
('H3', 69, 11, 9),
('H3', 70, 11, 10),
('H3', 71, 11, 11),
('H3', 72, 11, 12),
('H3', 73, 11, 13),
('H3', 74, 11, 14),
('H3', 75, 11, 15),
('H3', 76, 11, 16),
('H3', 77, 11, 17),
('H3', 78, 11, 18),
('H3', 79, 11, 19),
('H3', 80, 11, 20),
('H3', 81, 11, 21),
('H3', 82, 11, 22),
('H3', 83, 11, 23),
('H3', 84, 11, 24),
('H3', 85, 11, 25),
('H3', 86, 11, 26),
('H3', 87, 11, 27),
('H3', 88, 11, 28),
('H3', 89, 11, 29),
('H3', 90, 11, 30),
('H3', 91, 11, 31),
('H3', 92, 12, 0),
('H3', 93, 12, 1),
('H3', 94, 12, 2),
('H3', 95, 12, 3),
('H3', 96, 12, 4),
('H3', 97, 12, 5),
('H3', 98, 13, 0),
('H3', 99, 13, 1),
('H3', 100, 13, 2),
('H3', 101, 13, 3),
('H3', 102, 13, 4),
('H3', 103, 13, 5),
('H3', 104, 13, 6),
('H3', 105, 13, 7),
('H3', 106, 13, 8),
('H3', 107, 13, 9),
('H3', 108, 13, 10),
('H3', 109, 13, 11),
('H3', 110, 13, 12),
('H3', 111, 14, 0),
('H3', 112, 14, 1),
('H3', 113, 14, 2),
('H3', 114, 14, 3),
('H3', 115, 14, 4),
('H3', 116, 14, 5),
('H3', 117, 14, 6),
('H3', 118, 14, 7),
('H3', 119, 14, 8),
('H3', 120, 14, 9),
('H3', 121, 14, 10),
('H3', 122, 14, 11),
('H3', 123, 15, 0),
('H3', 124, 15, 1),
('H3', 125, 15, 2),
('H3', 126, 15, 3),
('H3', 127, 16, 0),
('H3', 128, 16, 1),
('H3', 129, 16, 2),
('H3', 130, 17, 0),
('H3', 131, 17, 1),
('H3', 132, 17, 2),
('H3', 133, 17, 3),
('H3', 134, 17, 4),
('H3', 135, 18, 0),
('H3', 136, 18, 1),
('H3', 137, 18, 2),
('H3', 138, 18, 3),
('H3', 139, 19, 0),
('H3', 140, 19, 1),
('H3', 141, 19, 2),
('H3', 142, 19, 3),
('H3', 143, 19, 4),
('H3', 144, 20, 0),
('H3', 145, 20, 1),
('H3', 146, 20, 2),
('H3', 147, 20, 3),
('H3', 148, 20, 4),
('H3', 149, 20, 5),
('H3', 150, 21, 0),
('H3', 151, 21, 1),
('H3', 152, 21, 2),
('H3', 153, 21, 3),
('H3', 154, 21, 4),
('H3', 155, 21, 5),
('H3', 156, 21, 6),
('H3', 157, 21, 7),
('H3', 158, 21, 8),
('H3', 159, 21, 9),
('H3', 160, 22, 0),
('H3', 161, 22, 1),
('H3', 162, 22, 2),
('H3', 163, 22, 3),
('H3', 164, 22, 4),
('H3', 165, 22, 5),
('H3', 166, 23, 0),
('H3', 167, 23, 1),
('H3', 168, 23, 2),
('H3', 169, 23, 3),
('H3', 170, 24, 0),
('H3', 171, 24, 1),
('H3', 172, 24, 2),
('H3', 173, 25, 0),
('H3', 174, 25, 1),
('H3', 175, 25, 2),
('H3', 176, 25, 3),
('H3', 177, 25, 4),
('H3', 178, 25, 5),
('H3', 179, 26, 0),
('H3', 180, 26, 1),
('H3', 181, 26, 2),
('H3', 182, 27, 0),
('H3', 183, 27, 1),
('H3', 184, 27, 2),
('H3', 185, 27, 3),
('H3', 186, 28, 0),
('H3', 187, 28, 1),
('H3', 188, 28, 2),
('H3', 189, 28, 3),
('H3', 190, 29, 0),
('H3', 191, 29, 1),
('H3', 192, 29, 2),
('H3', 193, 29, 3),
('H3', 194, 30, 0),
('H3', 195, 30, 1),
('H3', 196, 30, 2),
('H3', 197, 30, 3),
('H3', 198, 30, 4),
('H3', 199, 30, 5),
('H3', 200, 30, 6),
('H3', 201, 30, 7),
('H3', 202, 30, 8),
('H3', 203, 30, 9),
('H3', 204, 30, 10),
('H3', 205, 30, 11),
('H3', 206, 30, 12),
('H3', 207, 30, 13),
('H3', 208, 30, 14),
('H3', 209, 30, 15),
('H3', 210, 12, 1),
('H3', 211, 12, 1),
('H3', 212, 12, 2),
('H3', 213, 12, 3),
('H3', 214, 12, 4),
('H3', 215, 12, 5),
('H3', 216, 12, 6),
('H3', 217, 2, 1),
('H3', 218, 31, 1),
('H3', 219, 31, 2),
('H3', 220, 31, 3),
('H3', 221, 32, 1),
('H3', 222, 32, 2),
('H4', 1, 1, 0),
('H4', 2, 1, 1),
('H4', 3, 1, 2),
('H4', 4, 1, 3),
('H4', 5, 1, 4),
('H4', 6, 1, 5),
('H4', 7, 1, 6),
('H4', 8, 1, 7),
('H4', 9, 1, 8),
('H4', 10, 1, 9),
('H4', 11, 1, 10),
('H4', 12, 2, 0),
('H4', 13, 2, 1),
('H4', 14, 3, 0),
('H4', 15, 3, 1),
('H4', 16, 3, 2),
('H4', 17, 3, 3),
('H4', 18, 3, 4),
('H4', 19, 3, 5),
('H4', 20, 4, 0),
('H4', 21, 4, 1),
('H4', 22, 4, 2),
('H4', 23, 4, 3),
('H4', 24, 4, 4),
('H4', 25, 4, 5),
('H4', 26, 4, 6),
('H4', 27, 4, 7),
('H4', 28, 4, 8),
('H4', 29, 4, 9),
('H4', 30, 4, 10),
('H4', 31, 4, 11),
('H4', 32, 4, 12),
('H4', 33, 5, 0),
('H4', 34, 5, 1),
('H4', 35, 5, 2),
('H4', 36, 5, 3),
('H4', 37, 5, 4),
('H4', 38, 6, 0),
('H4', 39, 6, 1),
('H4', 40, 6, 2),
('H4', 41, 7, 0),
('H4', 42, 7, 1),
('H4', 43, 7, 2),
('H4', 44, 7, 3),
('H4', 45, 7, 4),
('H4', 46, 8, 0),
('H4', 47, 9, 0),
('H4', 48, 9, 1),
('H4', 49, 9, 2),
('H4', 50, 9, 3),
('H4', 51, 10, 0),
('H4', 52, 10, 1),
('H4', 53, 10, 2),
('H4', 54, 10, 3),
('H4', 55, 10, 4),
('H4', 56, 10, 5),
('H4', 57, 10, 6),
('H4', 58, 10, 7),
('H4', 59, 10, 8),
('H4', 60, 11, 0),
('H4', 61, 11, 1),
('H4', 62, 11, 2),
('H4', 63, 11, 3),
('H4', 64, 11, 4),
('H4', 65, 11, 5),
('H4', 66, 11, 6),
('H4', 67, 11, 7),
('H4', 68, 11, 8),
('H4', 69, 11, 9),
('H4', 70, 11, 10),
('H4', 71, 11, 11),
('H4', 72, 11, 12),
('H4', 73, 11, 13),
('H4', 74, 11, 14),
('H4', 75, 11, 15),
('H4', 76, 11, 16),
('H4', 77, 11, 17),
('H4', 78, 11, 18),
('H4', 79, 11, 19),
('H4', 80, 11, 20),
('H4', 81, 11, 21),
('H4', 82, 11, 22),
('H4', 83, 11, 23),
('H4', 84, 11, 24),
('H4', 85, 11, 25),
('H4', 86, 11, 26),
('H4', 87, 11, 27),
('H4', 88, 11, 28),
('H4', 89, 11, 29),
('H4', 90, 11, 30),
('H4', 91, 11, 31),
('H4', 92, 12, 0),
('H4', 93, 12, 1),
('H4', 94, 12, 2),
('H4', 95, 12, 3),
('H4', 96, 12, 4),
('H4', 97, 12, 5),
('H4', 98, 13, 0),
('H4', 99, 13, 1),
('H4', 100, 13, 2),
('H4', 101, 13, 3),
('H4', 102, 13, 4),
('H4', 103, 13, 5),
('H4', 104, 13, 6),
('H4', 105, 13, 7),
('H4', 106, 13, 8),
('H4', 107, 13, 9),
('H4', 108, 13, 10),
('H4', 109, 13, 11),
('H4', 110, 13, 12),
('H4', 111, 14, 0),
('H4', 112, 14, 1),
('H4', 113, 14, 2),
('H4', 114, 14, 3),
('H4', 115, 14, 4),
('H4', 116, 14, 5),
('H4', 117, 14, 6),
('H4', 118, 14, 7),
('H4', 119, 14, 8),
('H4', 120, 14, 9),
('H4', 121, 14, 10),
('H4', 122, 14, 11),
('H4', 123, 15, 0),
('H4', 124, 15, 1),
('H4', 125, 15, 2),
('H4', 126, 15, 3),
('H4', 127, 16, 0),
('H4', 128, 16, 1),
('H4', 129, 16, 2),
('H4', 130, 17, 0),
('H4', 131, 17, 1),
('H4', 132, 17, 2),
('H4', 133, 17, 3),
('H4', 134, 17, 4),
('H4', 135, 18, 0),
('H4', 136, 18, 1),
('H4', 137, 18, 2),
('H4', 138, 18, 3),
('H4', 139, 19, 0),
('H4', 140, 19, 1),
('H4', 141, 19, 2),
('H4', 142, 19, 3),
('H4', 143, 19, 4),
('H4', 144, 20, 0),
('H4', 145, 20, 1),
('H4', 146, 20, 2),
('H4', 147, 20, 3),
('H4', 148, 20, 4),
('H4', 149, 20, 5),
('H4', 150, 21, 0),
('H4', 151, 21, 1),
('H4', 152, 21, 2),
('H4', 153, 21, 3),
('H4', 154, 21, 4),
('H4', 155, 21, 5),
('H4', 156, 21, 6),
('H4', 157, 21, 7),
('H4', 158, 21, 8),
('H4', 159, 21, 9),
('H4', 160, 22, 0),
('H4', 161, 22, 1),
('H4', 162, 22, 2),
('H4', 163, 22, 3),
('H4', 164, 22, 4),
('H4', 165, 22, 5),
('H4', 166, 23, 0),
('H4', 167, 23, 1),
('H4', 168, 23, 2),
('H4', 169, 23, 3),
('H4', 170, 24, 0),
('H4', 171, 24, 1),
('H4', 172, 24, 2),
('H4', 173, 25, 0),
('H4', 174, 25, 1),
('H4', 175, 25, 2),
('H4', 176, 25, 3),
('H4', 177, 25, 4),
('H4', 178, 25, 5),
('H4', 179, 26, 0),
('H4', 180, 26, 1),
('H4', 181, 26, 2),
('H4', 182, 27, 0),
('H4', 183, 27, 1),
('H4', 184, 27, 2),
('H4', 185, 27, 3),
('H4', 186, 28, 0),
('H4', 187, 28, 1),
('H4', 188, 28, 2),
('H4', 189, 28, 3),
('H4', 190, 29, 0),
('H4', 191, 29, 1),
('H4', 192, 29, 2),
('H4', 193, 29, 3),
('H4', 194, 30, 0),
('H4', 195, 30, 1),
('H4', 196, 30, 2),
('H4', 197, 30, 3),
('H4', 198, 30, 4),
('H4', 199, 30, 5),
('H4', 200, 30, 6),
('H4', 201, 30, 7),
('H4', 202, 30, 8),
('H4', 203, 30, 9),
('H4', 204, 30, 10),
('H4', 205, 30, 11),
('H4', 206, 30, 12),
('H4', 207, 30, 13),
('H4', 208, 30, 14),
('H4', 209, 30, 15),
('H4', 210, 12, 1),
('H4', 211, 12, 1),
('H4', 212, 12, 2),
('H4', 213, 12, 3),
('H4', 214, 12, 4),
('H4', 215, 12, 5),
('H4', 216, 12, 6),
('H4', 217, 2, 1),
('H4', 218, 31, 1),
('H4', 219, 31, 2),
('H4', 220, 31, 3),
('H4', 221, 32, 1),
('H4', 222, 32, 2),
('H5', 1, 1, 0),
('H5', 2, 1, 1),
('H5', 3, 1, 2),
('H5', 4, 1, 3),
('H5', 5, 1, 4),
('H5', 6, 1, 5),
('H5', 7, 1, 6),
('H5', 8, 1, 7),
('H5', 9, 1, 8),
('H5', 10, 1, 9),
('H5', 11, 1, 10),
('H5', 12, 2, 0),
('H5', 13, 2, 1),
('H5', 14, 3, 0),
('H5', 15, 3, 1),
('H5', 16, 3, 2),
('H5', 17, 3, 3),
('H5', 18, 3, 4),
('H5', 19, 3, 5),
('H5', 20, 4, 0),
('H5', 21, 4, 1),
('H5', 22, 4, 2),
('H5', 23, 4, 3),
('H5', 24, 4, 4),
('H5', 25, 4, 5),
('H5', 26, 4, 6),
('H5', 27, 4, 7),
('H5', 28, 4, 8),
('H5', 29, 4, 9),
('H5', 30, 4, 10),
('H5', 31, 4, 11),
('H5', 32, 4, 12),
('H5', 33, 5, 0),
('H5', 34, 5, 1),
('H5', 35, 5, 2),
('H5', 36, 5, 3),
('H5', 37, 5, 4),
('H5', 38, 6, 0),
('H5', 39, 6, 1),
('H5', 40, 6, 2),
('H5', 41, 7, 0),
('H5', 42, 7, 1),
('H5', 43, 7, 2),
('H5', 44, 7, 3),
('H5', 45, 7, 4),
('H5', 46, 8, 0),
('H5', 47, 9, 0),
('H5', 48, 9, 1),
('H5', 49, 9, 2),
('H5', 50, 9, 3),
('H5', 51, 10, 0),
('H5', 52, 10, 1),
('H5', 53, 10, 2),
('H5', 54, 10, 3),
('H5', 55, 10, 4),
('H5', 56, 10, 5),
('H5', 57, 10, 6),
('H5', 58, 10, 7),
('H5', 59, 10, 8),
('H5', 60, 11, 0),
('H5', 61, 11, 1),
('H5', 62, 11, 2),
('H5', 63, 11, 3),
('H5', 64, 11, 4),
('H5', 65, 11, 5),
('H5', 66, 11, 6),
('H5', 67, 11, 7),
('H5', 68, 11, 8),
('H5', 69, 11, 9),
('H5', 70, 11, 10),
('H5', 71, 11, 11),
('H5', 72, 11, 12),
('H5', 73, 11, 13),
('H5', 74, 11, 14),
('H5', 75, 11, 15),
('H5', 76, 11, 16),
('H5', 77, 11, 17),
('H5', 78, 11, 18),
('H5', 79, 11, 19),
('H5', 80, 11, 20),
('H5', 81, 11, 21),
('H5', 82, 11, 22),
('H5', 83, 11, 23),
('H5', 84, 11, 24),
('H5', 85, 11, 25),
('H5', 86, 11, 26),
('H5', 87, 11, 27),
('H5', 88, 11, 28),
('H5', 89, 11, 29),
('H5', 90, 11, 30),
('H5', 91, 11, 31),
('H5', 92, 12, 0),
('H5', 93, 12, 1),
('H5', 94, 12, 2),
('H5', 95, 12, 3),
('H5', 96, 12, 4),
('H5', 97, 12, 5),
('H5', 98, 13, 0),
('H5', 99, 13, 1),
('H5', 100, 13, 2),
('H5', 101, 13, 3),
('H5', 102, 13, 4),
('H5', 103, 13, 5),
('H5', 104, 13, 6),
('H5', 105, 13, 7),
('H5', 106, 13, 8),
('H5', 107, 13, 9),
('H5', 108, 13, 10),
('H5', 109, 13, 11),
('H5', 110, 13, 12),
('H5', 111, 14, 0),
('H5', 112, 14, 1),
('H5', 113, 14, 2),
('H5', 114, 14, 3),
('H5', 115, 14, 4),
('H5', 116, 14, 5),
('H5', 117, 14, 6),
('H5', 118, 14, 7),
('H5', 119, 14, 8),
('H5', 120, 14, 9),
('H5', 121, 14, 10),
('H5', 122, 14, 11),
('H5', 123, 15, 0),
('H5', 124, 15, 1),
('H5', 125, 15, 2),
('H5', 126, 15, 3),
('H5', 127, 16, 0),
('H5', 128, 16, 1),
('H5', 129, 16, 2),
('H5', 130, 17, 0),
('H5', 131, 17, 1),
('H5', 132, 17, 2),
('H5', 133, 17, 3),
('H5', 134, 17, 4),
('H5', 135, 18, 0),
('H5', 136, 18, 1),
('H5', 137, 18, 2),
('H5', 138, 18, 3),
('H5', 139, 19, 0),
('H5', 140, 19, 1),
('H5', 141, 19, 2),
('H5', 142, 19, 3),
('H5', 143, 19, 4),
('H5', 144, 20, 0),
('H5', 145, 20, 1),
('H5', 146, 20, 2),
('H5', 147, 20, 3),
('H5', 148, 20, 4),
('H5', 149, 20, 5),
('H5', 150, 21, 0),
('H5', 151, 21, 1),
('H5', 152, 21, 2),
('H5', 153, 21, 3),
('H5', 154, 21, 4),
('H5', 155, 21, 5),
('H5', 156, 21, 6),
('H5', 157, 21, 7),
('H5', 158, 21, 8),
('H5', 159, 21, 9),
('H5', 160, 22, 0),
('H5', 161, 22, 1),
('H5', 162, 22, 2),
('H5', 163, 22, 3),
('H5', 164, 22, 4),
('H5', 165, 22, 5),
('H5', 166, 23, 0),
('H5', 167, 23, 1),
('H5', 168, 23, 2),
('H5', 169, 23, 3),
('H5', 170, 24, 0),
('H5', 171, 24, 1),
('H5', 172, 24, 2),
('H5', 173, 25, 0),
('H5', 174, 25, 1),
('H5', 175, 25, 2),
('H5', 176, 25, 3),
('H5', 177, 25, 4),
('H5', 178, 25, 5),
('H5', 179, 26, 0),
('H5', 180, 26, 1),
('H5', 181, 26, 2),
('H5', 182, 27, 0),
('H5', 183, 27, 1),
('H5', 184, 27, 2),
('H5', 185, 27, 3),
('H5', 186, 28, 0),
('H5', 187, 28, 1),
('H5', 188, 28, 2),
('H5', 189, 28, 3),
('H5', 190, 29, 0),
('H5', 191, 29, 1),
('H5', 192, 29, 2),
('H5', 193, 29, 3),
('H5', 194, 30, 0),
('H5', 195, 30, 1),
('H5', 196, 30, 2),
('H5', 197, 30, 3),
('H5', 198, 30, 4),
('H5', 199, 30, 5),
('H5', 200, 30, 6),
('H5', 201, 30, 7),
('H5', 202, 30, 8),
('H5', 203, 30, 9),
('H5', 204, 30, 10),
('H5', 205, 30, 11),
('H5', 206, 30, 12),
('H5', 207, 30, 13),
('H5', 208, 30, 14),
('H5', 209, 30, 15),
('H5', 210, 12, 1),
('H5', 211, 12, 1),
('H5', 212, 12, 2),
('H5', 213, 12, 3),
('H5', 214, 12, 4),
('H5', 215, 12, 5),
('H5', 216, 12, 6),
('H5', 217, 2, 1),
('H5', 218, 31, 1),
('H5', 219, 31, 2),
('H5', 220, 31, 3),
('H5', 221, 32, 1),
('H5', 222, 32, 2);

-- --------------------------------------------------------

--
-- Table structure for table `vtiger_role2profile`
--

CREATE TABLE IF NOT EXISTS `vtiger_role2profile` (
  `roleid` varchar(255) COLLATE utf8_unicode_ci NOT NULL,
  `profileid` int(11) NOT NULL,
  PRIMARY KEY (`roleid`,`profileid`),
  KEY `role2profile_roleid_profileid_idx` (`roleid`,`profileid`)
) ENGINE=InnoDB DEFAULT CHARSET=utf8 COLLATE=utf8_unicode_ci;

--
-- Dumping data for table `vtiger_role2profile`
--

INSERT INTO `vtiger_role2profile` (`roleid`, `profileid`) VALUES
('H2', 1),
('H3', 2),
('H4', 2),
('H5', 2);

-- --------------------------------------------------------

--
-- Table structure for table `vtiger_role_seq`
--

CREATE TABLE IF NOT EXISTS `vtiger_role_seq` (
  `id` int(11) NOT NULL
) ENGINE=InnoDB DEFAULT CHARSET=utf8 COLLATE=utf8_unicode_ci;

--
-- Dumping data for table `vtiger_role_seq`
--

INSERT INTO `vtiger_role_seq` (`id`) VALUES
(5);

-- --------------------------------------------------------

--
-- Table structure for table `vtiger_rowheight`
--

CREATE TABLE IF NOT EXISTS `vtiger_rowheight` (
  `rowheightid` int(11) NOT NULL AUTO_INCREMENT,
  `rowheight` varchar(200) NOT NULL,
  `sortorderid` int(11) DEFAULT NULL,
  `presence` int(11) NOT NULL DEFAULT '1',
  PRIMARY KEY (`rowheightid`)
) ENGINE=InnoDB  DEFAULT CHARSET=utf8 COLLATE=utf8_unicode_ci AUTO_INCREMENT=4 ;

--
-- Dumping data for table `vtiger_rowheight`
--

INSERT INTO `vtiger_rowheight` (`rowheightid`, `rowheight`, `sortorderid`, `presence`) VALUES
(1, 'wide', 1, 1),
(2, 'medium', 2, 1),
(3, 'narrow', 3, 1);

-- --------------------------------------------------------

--
-- Table structure for table `vtiger_rowheight_seq`
--

CREATE TABLE IF NOT EXISTS `vtiger_rowheight_seq` (
  `id` int(11) NOT NULL
) ENGINE=InnoDB DEFAULT CHARSET=utf8 COLLATE=utf8_unicode_ci;

--
-- Dumping data for table `vtiger_rowheight_seq`
--

INSERT INTO `vtiger_rowheight_seq` (`id`) VALUES
(3);

-- --------------------------------------------------------

--
-- Table structure for table `vtiger_rss`
--

CREATE TABLE IF NOT EXISTS `vtiger_rss` (
  `rssid` int(19) NOT NULL,
  `rssurl` varchar(200) COLLATE utf8_unicode_ci NOT NULL DEFAULT '',
  `rsstitle` varchar(200) COLLATE utf8_unicode_ci DEFAULT NULL,
  `rsstype` int(10) DEFAULT '0',
  `starred` int(1) DEFAULT '0',
  PRIMARY KEY (`rssid`)
) ENGINE=InnoDB DEFAULT CHARSET=utf8 COLLATE=utf8_unicode_ci;

-- --------------------------------------------------------

--
-- Table structure for table `vtiger_salesmanactivityrel`
--

CREATE TABLE IF NOT EXISTS `vtiger_salesmanactivityrel` (
  `smid` int(19) NOT NULL DEFAULT '0',
  `activityid` int(19) NOT NULL DEFAULT '0',
  PRIMARY KEY (`smid`,`activityid`),
  KEY `salesmanactivityrel_activityid_idx` (`activityid`),
  KEY `salesmanactivityrel_smid_idx` (`smid`)
) ENGINE=InnoDB DEFAULT CHARSET=utf8 COLLATE=utf8_unicode_ci;

-- --------------------------------------------------------

--
-- Table structure for table `vtiger_salesmanattachmentsrel`
--

CREATE TABLE IF NOT EXISTS `vtiger_salesmanattachmentsrel` (
  `smid` int(19) NOT NULL DEFAULT '0',
  `attachmentsid` int(19) NOT NULL DEFAULT '0',
  PRIMARY KEY (`smid`,`attachmentsid`),
  KEY `salesmanattachmentsrel_smid_idx` (`smid`),
  KEY `salesmanattachmentsrel_attachmentsid_idx` (`attachmentsid`)
) ENGINE=InnoDB DEFAULT CHARSET=utf8 COLLATE=utf8_unicode_ci;

-- --------------------------------------------------------

--
-- Table structure for table `vtiger_salesmanticketrel`
--

CREATE TABLE IF NOT EXISTS `vtiger_salesmanticketrel` (
  `smid` int(19) NOT NULL DEFAULT '0',
  `id` int(19) NOT NULL DEFAULT '0',
  PRIMARY KEY (`smid`,`id`),
  KEY `salesmanticketrel_smid_idx` (`smid`),
  KEY `salesmanticketrel_id_idx` (`id`)
) ENGINE=InnoDB DEFAULT CHARSET=utf8 COLLATE=utf8_unicode_ci;

-- --------------------------------------------------------

--
-- Table structure for table `vtiger_salesorder`
--

CREATE TABLE IF NOT EXISTS `vtiger_salesorder` (
  `salesorderid` int(19) NOT NULL DEFAULT '0',
  `subject` varchar(100) COLLATE utf8_unicode_ci DEFAULT NULL,
  `potentialid` int(19) DEFAULT NULL,
  `customerno` varchar(100) COLLATE utf8_unicode_ci DEFAULT NULL,
  `salesorder_no` varchar(100) COLLATE utf8_unicode_ci DEFAULT NULL,
  `quoteid` int(19) DEFAULT NULL,
  `vendorterms` varchar(100) COLLATE utf8_unicode_ci DEFAULT NULL,
  `contactid` int(19) DEFAULT NULL,
  `vendorid` int(19) DEFAULT NULL,
  `duedate` date DEFAULT NULL,
  `carrier` varchar(200) COLLATE utf8_unicode_ci DEFAULT NULL,
  `pending` varchar(200) COLLATE utf8_unicode_ci DEFAULT NULL,
  `type` varchar(100) COLLATE utf8_unicode_ci DEFAULT NULL,
  `adjustment` decimal(25,8) DEFAULT NULL,
  `salescommission` decimal(25,3) DEFAULT NULL,
  `exciseduty` decimal(25,3) DEFAULT NULL,
  `total` decimal(25,8) DEFAULT NULL,
  `subtotal` decimal(25,8) DEFAULT NULL,
  `taxtype` varchar(25) COLLATE utf8_unicode_ci DEFAULT NULL,
  `discount_percent` decimal(25,3) DEFAULT NULL,
  `discount_amount` decimal(25,8) DEFAULT NULL,
  `s_h_amount` decimal(25,8) DEFAULT NULL,
  `accountid` int(19) DEFAULT NULL,
  `terms_conditions` text COLLATE utf8_unicode_ci,
  `purchaseorder` varchar(200) COLLATE utf8_unicode_ci DEFAULT NULL,
  `sostatus` varchar(200) COLLATE utf8_unicode_ci DEFAULT NULL,
  `currency_id` int(19) NOT NULL DEFAULT '1',
  `conversion_rate` decimal(10,3) NOT NULL DEFAULT '1.000',
  `enable_recurring` int(11) DEFAULT '0',
  `pre_tax_total` decimal(25,8) DEFAULT NULL,
  `s_h_percent` int(11) DEFAULT NULL,
  PRIMARY KEY (`salesorderid`),
  KEY `salesorder_vendorid_idx` (`vendorid`),
  KEY `salesorder_contactid_idx` (`contactid`)
) ENGINE=InnoDB DEFAULT CHARSET=utf8 COLLATE=utf8_unicode_ci;

-- --------------------------------------------------------

--
-- Table structure for table `vtiger_salesordercf`
--

CREATE TABLE IF NOT EXISTS `vtiger_salesordercf` (
  `salesorderid` int(19) NOT NULL DEFAULT '0',
  PRIMARY KEY (`salesorderid`)
) ENGINE=InnoDB DEFAULT CHARSET=utf8 COLLATE=utf8_unicode_ci;

-- --------------------------------------------------------

--
-- Table structure for table `vtiger_sales_stage`
--

CREATE TABLE IF NOT EXISTS `vtiger_sales_stage` (
  `sales_stage_id` int(19) NOT NULL AUTO_INCREMENT,
  `sales_stage` varchar(200) COLLATE utf8_unicode_ci DEFAULT NULL,
  `presence` int(1) NOT NULL DEFAULT '1',
  `picklist_valueid` int(19) NOT NULL DEFAULT '0',
  `sortorderid` int(11) DEFAULT NULL,
  PRIMARY KEY (`sales_stage_id`)
) ENGINE=InnoDB  DEFAULT CHARSET=utf8 COLLATE=utf8_unicode_ci AUTO_INCREMENT=11 ;

--
-- Dumping data for table `vtiger_sales_stage`
--

INSERT INTO `vtiger_sales_stage` (`sales_stage_id`, `sales_stage`, `presence`, `picklist_valueid`, `sortorderid`) VALUES
(1, 'Prospecting', 1, 150, 0),
(2, 'Qualification', 1, 151, 1),
(3, 'Needs Analysis', 1, 152, 2),
(4, 'Value Proposition', 1, 153, 3),
(5, 'Id. Decision Makers', 1, 154, 4),
(6, 'Perception Analysis', 1, 155, 5),
(7, 'Proposal or Price Quote', 1, 156, 6),
(8, 'Negotiation or Review', 1, 157, 7),
(9, 'Closed Won', 0, 158, 8),
(10, 'Closed Lost', 0, 159, 9);

-- --------------------------------------------------------

--
-- Table structure for table `vtiger_sales_stage_seq`
--

CREATE TABLE IF NOT EXISTS `vtiger_sales_stage_seq` (
  `id` int(11) NOT NULL
) ENGINE=InnoDB DEFAULT CHARSET=utf8 COLLATE=utf8_unicode_ci;

--
-- Dumping data for table `vtiger_sales_stage_seq`
--

INSERT INTO `vtiger_sales_stage_seq` (`id`) VALUES
(10);

-- --------------------------------------------------------

--
-- Table structure for table `vtiger_salutationtype`
--

CREATE TABLE IF NOT EXISTS `vtiger_salutationtype` (
  `salutationid` int(19) NOT NULL AUTO_INCREMENT,
  `salutationtype` varchar(200) COLLATE utf8_unicode_ci NOT NULL,
  `presence` int(1) NOT NULL DEFAULT '1',
  `picklist_valueid` int(19) NOT NULL DEFAULT '0',
  `sortorderid` int(11) DEFAULT NULL,
  PRIMARY KEY (`salutationid`)
) ENGINE=InnoDB  DEFAULT CHARSET=utf8 COLLATE=utf8_unicode_ci AUTO_INCREMENT=7 ;

--
-- Dumping data for table `vtiger_salutationtype`
--

INSERT INTO `vtiger_salutationtype` (`salutationid`, `salutationtype`, `presence`, `picklist_valueid`, `sortorderid`) VALUES
(2, 'Sehr geehrter Herr', 1, 161, 1),
(3, 'Sehr geehrte Frau', 1, 162, 2),
(4, 'Sehr geehrter Herr Dr.', 1, 163, 3),
(5, 'Sehr geehrte Frau Dr.', 1, 164, 4),
(6, 'Sehr geehrter Herr Prof.', 1, 165, 5);

-- --------------------------------------------------------

--
-- Table structure for table `vtiger_salutationtype_seq`
--

CREATE TABLE IF NOT EXISTS `vtiger_salutationtype_seq` (
  `id` int(11) NOT NULL
) ENGINE=InnoDB DEFAULT CHARSET=utf8 COLLATE=utf8_unicode_ci;

--
-- Dumping data for table `vtiger_salutationtype_seq`
--

INSERT INTO `vtiger_salutationtype_seq` (`id`) VALUES
(6);

-- --------------------------------------------------------

--
-- Table structure for table `vtiger_scheduled_reports`
--

CREATE TABLE IF NOT EXISTS `vtiger_scheduled_reports` (
  `reportid` int(11) NOT NULL,
  `recipients` text COLLATE utf8_unicode_ci,
  `schedule` text COLLATE utf8_unicode_ci,
  `format` varchar(10) COLLATE utf8_unicode_ci DEFAULT NULL,
  `next_trigger_time` timestamp NOT NULL DEFAULT CURRENT_TIMESTAMP ON UPDATE CURRENT_TIMESTAMP,
  PRIMARY KEY (`reportid`)
) ENGINE=InnoDB DEFAULT CHARSET=utf8 COLLATE=utf8_unicode_ci;

-- --------------------------------------------------------

--
-- Table structure for table `vtiger_schedulereports`
--

CREATE TABLE IF NOT EXISTS `vtiger_schedulereports` (
  `reportid` int(10) DEFAULT NULL,
  `scheduleid` int(3) DEFAULT NULL,
  `recipients` text,
  `schdate` varchar(20) DEFAULT NULL,
  `schtime` time DEFAULT NULL,
  `schdayoftheweek` varchar(100) DEFAULT NULL,
  `schdayofthemonth` varchar(100) DEFAULT NULL,
  `schannualdates` varchar(500) DEFAULT NULL,
  `specificemails` varchar(500) DEFAULT NULL,
  `next_trigger_time` timestamp NOT NULL DEFAULT CURRENT_TIMESTAMP
) ENGINE=InnoDB DEFAULT CHARSET=utf8 COLLATE=utf8_unicode_ci;

-- --------------------------------------------------------

--
-- Table structure for table `vtiger_seactivityrel`
--

CREATE TABLE IF NOT EXISTS `vtiger_seactivityrel` (
  `crmid` int(19) NOT NULL,
  `activityid` int(19) NOT NULL,
  PRIMARY KEY (`crmid`,`activityid`),
  KEY `seactivityrel_activityid_idx` (`activityid`),
  KEY `seactivityrel_crmid_idx` (`crmid`)
) ENGINE=InnoDB DEFAULT CHARSET=utf8 COLLATE=utf8_unicode_ci;

-- --------------------------------------------------------

--
-- Table structure for table `vtiger_seactivityrel_seq`
--

CREATE TABLE IF NOT EXISTS `vtiger_seactivityrel_seq` (
  `id` int(11) NOT NULL
) ENGINE=InnoDB DEFAULT CHARSET=utf8 COLLATE=utf8_unicode_ci;

--
-- Dumping data for table `vtiger_seactivityrel_seq`
--

INSERT INTO `vtiger_seactivityrel_seq` (`id`) VALUES
(1);

-- --------------------------------------------------------

--
-- Table structure for table `vtiger_seattachmentsrel`
--

CREATE TABLE IF NOT EXISTS `vtiger_seattachmentsrel` (
  `crmid` int(19) NOT NULL DEFAULT '0',
  `attachmentsid` int(19) NOT NULL DEFAULT '0',
  PRIMARY KEY (`crmid`,`attachmentsid`),
  KEY `seattachmentsrel_attachmentsid_idx` (`attachmentsid`),
  KEY `seattachmentsrel_crmid_idx` (`crmid`),
  KEY `seattachmentsrel_attachmentsid_crmid_idx` (`attachmentsid`,`crmid`)
) ENGINE=InnoDB DEFAULT CHARSET=utf8 COLLATE=utf8_unicode_ci;

-- --------------------------------------------------------

--
-- Table structure for table `vtiger_selectcolumn`
--

CREATE TABLE IF NOT EXISTS `vtiger_selectcolumn` (
  `queryid` int(19) NOT NULL,
  `columnindex` int(11) NOT NULL DEFAULT '0',
  `columnname` varchar(250) COLLATE utf8_unicode_ci DEFAULT '',
  PRIMARY KEY (`queryid`,`columnindex`),
  KEY `selectcolumn_queryid_idx` (`queryid`)
) ENGINE=InnoDB DEFAULT CHARSET=utf8 COLLATE=utf8_unicode_ci;

--
-- Dumping data for table `vtiger_selectcolumn`
--

INSERT INTO `vtiger_selectcolumn` (`queryid`, `columnindex`, `columnname`) VALUES
(1, 0, 'vtiger_contactdetails:firstname:Contacts_First_Name:firstname:V'),
(1, 1, 'vtiger_contactdetails:lastname:Contacts_Last_Name:lastname:V'),
(1, 2, 'vtiger_contactsubdetails:leadsource:Contacts_Lead_Source:leadsource:V'),
(1, 3, 'vtiger_contactdetails:accountid:Contacts_Account_Name:account_id:V'),
(1, 4, 'vtiger_account:industry:Accounts_industry:industry:V'),
(1, 5, 'vtiger_contactdetails:email:Contacts_Email:email:E'),
(2, 0, 'vtiger_contactdetails:firstname:Contacts_First_Name:firstname:V'),
(2, 1, 'vtiger_contactdetails:lastname:Contacts_Last_Name:lastname:V'),
(2, 2, 'vtiger_contactsubdetails:leadsource:Contacts_Lead_Source:leadsource:V'),
(2, 3, 'vtiger_contactdetails:accountid:Contacts_Account_Name:account_id:V'),
(2, 4, 'vtiger_account:industry:Accounts_industry:industry:V'),
(2, 5, 'vtiger_contactdetails:email:Contacts_Email:email:E'),
(3, 0, 'vtiger_contactdetails:firstname:Contacts_First_Name:firstname:V'),
(3, 1, 'vtiger_contactdetails:lastname:Contacts_Last_Name:lastname:V'),
(3, 2, 'vtiger_contactdetails:accountid:Contacts_Account_Name:account_id:V'),
(3, 3, 'vtiger_contactdetails:email:Contacts_Email:email:E'),
(3, 4, 'vtiger_potential:potentialname:Potentials_Potential_Name:potentialname:V'),
(3, 5, 'vtiger_potential:sales_stage:Potentials_Sales_Stage:sales_stage:V'),
(4, 0, 'vtiger_leaddetails:firstname:Leads_First_Name:firstname:V'),
(4, 1, 'vtiger_leaddetails:lastname:Leads_Last_Name:lastname:V'),
(4, 2, 'vtiger_leaddetails:company:Leads_Company:company:V'),
(4, 3, 'vtiger_leaddetails:email:Leads_Email:email:E'),
(4, 4, 'vtiger_leaddetails:leadsource:Leads_Lead_Source:leadsource:V'),
(5, 0, 'vtiger_leaddetails:firstname:Leads_First_Name:firstname:V'),
(5, 1, 'vtiger_leaddetails:lastname:Leads_Last_Name:lastname:V'),
(5, 2, 'vtiger_leaddetails:company:Leads_Company:company:V'),
(5, 3, 'vtiger_leaddetails:email:Leads_Email:email:E'),
(5, 4, 'vtiger_leaddetails:leadsource:Leads_Lead_Source:leadsource:V'),
(5, 5, 'vtiger_leaddetails:leadstatus:Leads_Lead_Status:leadstatus:V'),
(6, 0, 'vtiger_potential:potentialname:Potentials_Potential_Name:potentialname:V'),
(6, 1, 'vtiger_potential:amount:Potentials_Amount:amount:N'),
(6, 2, 'vtiger_potential:potentialtype:Potentials_Type:opportunity_type:V'),
(6, 3, 'vtiger_potential:leadsource:Potentials_Lead_Source:leadsource:V'),
(6, 4, 'vtiger_potential:sales_stage:Potentials_Sales_Stage:sales_stage:V'),
(7, 0, 'vtiger_potential:potentialname:Potentials_Potential_Name:potentialname:V'),
(7, 1, 'vtiger_potential:amount:Potentials_Amount:amount:N'),
(7, 2, 'vtiger_potential:potentialtype:Potentials_Type:opportunity_type:V'),
(7, 3, 'vtiger_potential:leadsource:Potentials_Lead_Source:leadsource:V'),
(7, 4, 'vtiger_potential:sales_stage:Potentials_Sales_Stage:sales_stage:V'),
(8, 0, 'vtiger_activity:subject:Calendar_Subject:subject:V'),
(8, 1, 'vtiger_contactdetailsCalendar:lastname:Calendar_Contact_Name:contact_id:I'),
(8, 2, 'vtiger_activity:status:Calendar_Status:taskstatus:V'),
(8, 3, 'vtiger_activity:priority:Calendar_Priority:taskpriority:V'),
(8, 4, 'vtiger_usersCalendar:user_name:Calendar_Assigned_To:assigned_user_id:V'),
(9, 0, 'vtiger_activity:subject:Calendar_Subject:subject:V'),
(9, 1, 'vtiger_contactdetailsCalendar:lastname:Calendar_Contact_Name:contact_id:I'),
(9, 2, 'vtiger_activity:status:Calendar_Status:taskstatus:V'),
(9, 3, 'vtiger_activity:priority:Calendar_Priority:taskpriority:V'),
(9, 4, 'vtiger_usersCalendar:user_name:Calendar_Assigned_To:assigned_user_id:V'),
(10, 0, 'vtiger_troubletickets:title:HelpDesk_Title:ticket_title:V'),
(10, 1, 'vtiger_troubletickets:status:HelpDesk_Status:ticketstatus:V'),
(10, 2, 'vtiger_products:productname:Products_Product_Name:productname:V'),
(10, 3, 'vtiger_products:discontinued:Products_Product_Active:discontinued:V'),
(10, 4, 'vtiger_products:productcategory:Products_Product_Category:productcategory:V'),
(10, 5, 'vtiger_products:manufacturer:Products_Manufacturer:manufacturer:V'),
(11, 0, 'vtiger_troubletickets:title:HelpDesk_Title:ticket_title:V'),
(11, 1, 'vtiger_troubletickets:priority:HelpDesk_Priority:ticketpriorities:V'),
(11, 2, 'vtiger_troubletickets:severity:HelpDesk_Severity:ticketseverities:V'),
(11, 3, 'vtiger_troubletickets:status:HelpDesk_Status:ticketstatus:V'),
(11, 4, 'vtiger_troubletickets:category:HelpDesk_Category:ticketcategories:V'),
(11, 5, 'vtiger_usersHelpDesk:user_name:HelpDesk_Assigned_To:assigned_user_id:V'),
(12, 0, 'vtiger_troubletickets:title:HelpDesk_Title:ticket_title:V'),
(12, 1, 'vtiger_troubletickets:priority:HelpDesk_Priority:ticketpriorities:V'),
(12, 2, 'vtiger_troubletickets:severity:HelpDesk_Severity:ticketseverities:V'),
(12, 3, 'vtiger_troubletickets:status:HelpDesk_Status:ticketstatus:V'),
(12, 4, 'vtiger_troubletickets:category:HelpDesk_Category:ticketcategories:V'),
(12, 5, 'vtiger_usersHelpDesk:user_name:HelpDesk_Assigned_To:assigned_user_id:V'),
(13, 0, 'vtiger_products:productname:Products_Product_Name:productname:V'),
(13, 1, 'vtiger_products:productcode:Products_Product_Code:productcode:V'),
(13, 2, 'vtiger_products:discontinued:Products_Product_Active:discontinued:V'),
(13, 3, 'vtiger_products:productcategory:Products_Product_Category:productcategory:V'),
(13, 4, 'vtiger_products:website:Products_Website:website:V'),
(13, 5, 'vtiger_vendorRelProducts:vendorname:Products_Vendor_Name:vendor_id:I'),
(13, 6, 'vtiger_products:mfr_part_no:Products_Mfr_PartNo:mfr_part_no:V'),
(14, 0, 'vtiger_products:productname:Products_Product_Name:productname:V'),
(14, 1, 'vtiger_products:manufacturer:Products_Manufacturer:manufacturer:V'),
(14, 2, 'vtiger_products:productcategory:Products_Product_Category:productcategory:V'),
(14, 3, 'vtiger_contactdetails:firstname:Contacts_First_Name:firstname:V'),
(14, 4, 'vtiger_contactdetails:lastname:Contacts_Last_Name:lastname:V'),
(14, 5, 'vtiger_contactsubdetails:leadsource:Contacts_Lead_Source:leadsource:V'),
(15, 0, 'vtiger_quotes:subject:Quotes_Subject:subject:V'),
(15, 1, 'vtiger_potentialRelQuotes:potentialname:Quotes_Potential_Name:potential_id:I'),
(15, 2, 'vtiger_quotes:quotestage:Quotes_Quote_Stage:quotestage:V'),
(15, 3, 'vtiger_quotes:contactid:Quotes_Contact_Name:contact_id:V'),
(15, 4, 'vtiger_usersRel1:user_name:Quotes_Inventory_Manager:assigned_user_id1:I'),
(15, 5, 'vtiger_accountQuotes:accountname:Quotes_Account_Name:account_id:I'),
(16, 0, 'vtiger_quotes:subject:Quotes_Subject:subject:V'),
(16, 1, 'vtiger_potentialRelQuotes:potentialname:Quotes_Potential_Name:potential_id:I'),
(16, 2, 'vtiger_quotes:quotestage:Quotes_Quote_Stage:quotestage:V'),
(16, 3, 'vtiger_quotes:contactid:Quotes_Contact_Name:contact_id:V'),
(16, 4, 'vtiger_usersRel1:user_name:Quotes_Inventory_Manager:assigned_user_id1:I'),
(16, 5, 'vtiger_accountQuotes:accountname:Quotes_Account_Name:account_id:I'),
(16, 6, 'vtiger_quotes:carrier:Quotes_Carrier:carrier:V'),
(16, 7, 'vtiger_quotes:shipping:Quotes_Shipping:shipping:V'),
(17, 0, 'vtiger_purchaseorder:subject:PurchaseOrder_Subject:subject:V'),
(17, 1, 'vtiger_vendorRelPurchaseOrder:vendorname:PurchaseOrder_Vendor_Name:vendor_id:I'),
(17, 2, 'vtiger_purchaseorder:tracking_no:PurchaseOrder_Tracking_Number:tracking_no:V'),
(17, 3, 'vtiger_contactdetails:firstname:Contacts_First_Name:firstname:V'),
(17, 4, 'vtiger_contactdetails:lastname:Contacts_Last_Name:lastname:V'),
(17, 5, 'vtiger_contactsubdetails:leadsource:Contacts_Lead_Source:leadsource:V'),
(17, 6, 'vtiger_contactdetails:email:Contacts_Email:email:E'),
(18, 0, 'vtiger_purchaseorder:subject:PurchaseOrder_Subject:subject:V'),
(18, 1, 'vtiger_vendorRelPurchaseOrder:vendorname:PurchaseOrder_Vendor_Name:vendor_id:I'),
(18, 2, 'vtiger_purchaseorder:requisition_no:PurchaseOrder_Requisition_No:requisition_no:V'),
(18, 3, 'vtiger_purchaseorder:tracking_no:PurchaseOrder_Tracking_Number:tracking_no:V'),
(18, 4, 'vtiger_contactdetailsPurchaseOrder:lastname:PurchaseOrder_Contact_Name:contact_id:I'),
(18, 5, 'vtiger_purchaseorder:carrier:PurchaseOrder_Carrier:carrier:V'),
(18, 6, 'vtiger_purchaseorder:salescommission:PurchaseOrder_Sales_Commission:salescommission:N'),
(18, 7, 'vtiger_purchaseorder:exciseduty:PurchaseOrder_Excise_Duty:exciseduty:N'),
(18, 8, 'vtiger_usersPurchaseOrder:user_name:PurchaseOrder_Assigned_To:assigned_user_id:V'),
(19, 0, 'vtiger_invoice:subject:Invoice_Subject:subject:V'),
(19, 1, 'vtiger_invoice:salesorderid:Invoice_Sales_Order:salesorder_id:I'),
(19, 2, 'vtiger_invoice:customerno:Invoice_Customer_No:customerno:V'),
(19, 3, 'vtiger_invoice:exciseduty:Invoice_Excise_Duty:exciseduty:N'),
(19, 4, 'vtiger_invoice:salescommission:Invoice_Sales_Commission:salescommission:N'),
(19, 5, 'vtiger_accountInvoice:accountname:Invoice_Account_Name:account_id:I'),
(20, 0, 'vtiger_salesorder:subject:SalesOrder_Subject:subject:V'),
(20, 1, 'vtiger_quotesSalesOrder:subject:SalesOrder_Quote_Name:quote_id:I'),
(20, 2, 'vtiger_contactdetailsSalesOrder:lastname:SalesOrder_Contact_Name:contact_id:I'),
(20, 3, 'vtiger_salesorder:duedate:SalesOrder_Due_Date:duedate:D'),
(20, 4, 'vtiger_salesorder:carrier:SalesOrder_Carrier:carrier:V'),
(20, 5, 'vtiger_salesorder:sostatus:SalesOrder_Status:sostatus:V'),
(20, 6, 'vtiger_accountSalesOrder:accountname:SalesOrder_Account_Name:account_id:I'),
(20, 7, 'vtiger_salesorder:salescommission:SalesOrder_Sales_Commission:salescommission:N'),
(20, 8, 'vtiger_salesorder:exciseduty:SalesOrder_Excise_Duty:exciseduty:N'),
(20, 9, 'vtiger_usersSalesOrder:user_name:SalesOrder_Assigned_To:assigned_user_id:V'),
(21, 0, 'vtiger_campaign:campaignname:Campaigns_Campaign_Name:campaignname:V'),
(21, 1, 'vtiger_campaign:campaigntype:Campaigns_Campaign_Type:campaigntype:V'),
(21, 2, 'vtiger_campaign:targetaudience:Campaigns_Target_Audience:targetaudience:V'),
(21, 3, 'vtiger_campaign:budgetcost:Campaigns_Budget_Cost:budgetcost:I'),
(21, 4, 'vtiger_campaign:actualcost:Campaigns_Actual_Cost:actualcost:I'),
(21, 5, 'vtiger_campaign:expectedrevenue:Campaigns_Expected_Revenue:expectedrevenue:I'),
(21, 6, 'vtiger_campaign:expectedsalescount:Campaigns_Expected_Sales_Count:expectedsalescount:N'),
(21, 7, 'vtiger_campaign:actualsalescount:Campaigns_Actual_Sales_Count:actualsalescount:N'),
(21, 8, 'vtiger_usersCampaigns:user_name:Campaigns_Assigned_To:assigned_user_id:V'),
(22, 0, 'vtiger_contactdetails:lastname:Contacts_Last_Name:lastname:V'),
(22, 1, 'vtiger_contactdetails:email:Contacts_Email:email:E'),
(22, 2, 'vtiger_activity:subject:Emails_Subject:subject:V'),
(22, 3, 'vtiger_email_track:access_count:Emails_Access_Count:access_count:V'),
(23, 0, 'vtiger_account:accountname:Accounts_Account_Name:accountname:V'),
(23, 1, 'vtiger_account:phone:Accounts_Phone:phone:V'),
(23, 2, 'vtiger_account:email1:Accounts_Email:email1:E'),
(23, 3, 'vtiger_activity:subject:Emails_Subject:subject:V'),
(23, 4, 'vtiger_email_track:access_count:Emails_Access_Count:access_count:V'),
(24, 0, 'vtiger_leaddetails:lastname:Leads_Last_Name:lastname:V'),
(24, 1, 'vtiger_leaddetails:company:Leads_Company:company:V'),
(24, 2, 'vtiger_leaddetails:email:Leads_Email:email:E'),
(24, 3, 'vtiger_activity:subject:Emails_Subject:subject:V'),
(24, 4, 'vtiger_email_track:access_count:Emails_Access_Count:access_count:V'),
(25, 0, 'vtiger_vendor:vendorname:Vendors_Vendor_Name:vendorname:V'),
(25, 1, 'vtiger_vendor:glacct:Vendors_GL_Account:glacct:V'),
(25, 2, 'vtiger_vendor:email:Vendors_Email:email:E'),
(25, 3, 'vtiger_activity:subject:Emails_Subject:subject:V'),
(25, 4, 'vtiger_email_track:access_count:Emails_Access_Count:access_count:V');

-- --------------------------------------------------------

--
-- Table structure for table `vtiger_selectquery`
--

CREATE TABLE IF NOT EXISTS `vtiger_selectquery` (
  `queryid` int(19) NOT NULL,
  `startindex` int(19) DEFAULT '0',
  `numofobjects` int(19) DEFAULT '0',
  PRIMARY KEY (`queryid`),
  KEY `selectquery_queryid_idx` (`queryid`)
) ENGINE=InnoDB DEFAULT CHARSET=utf8 COLLATE=utf8_unicode_ci;

--
-- Dumping data for table `vtiger_selectquery`
--

INSERT INTO `vtiger_selectquery` (`queryid`, `startindex`, `numofobjects`) VALUES
(1, 0, 0),
(2, 0, 0),
(3, 0, 0),
(4, 0, 0),
(5, 0, 0),
(6, 0, 0),
(7, 0, 0),
(8, 0, 0),
(9, 0, 0),
(10, 0, 0),
(11, 0, 0),
(12, 0, 0),
(13, 0, 0),
(14, 0, 0),
(15, 0, 0),
(16, 0, 0),
(17, 0, 0),
(18, 0, 0),
(19, 0, 0),
(20, 0, 0),
(21, 0, 0),
(22, 0, 0),
(23, 0, 0),
(24, 0, 0),
(25, 0, 0);

-- --------------------------------------------------------

--
-- Table structure for table `vtiger_selectquery_seq`
--

CREATE TABLE IF NOT EXISTS `vtiger_selectquery_seq` (
  `id` int(11) NOT NULL
) ENGINE=InnoDB DEFAULT CHARSET=utf8 COLLATE=utf8_unicode_ci;

--
-- Dumping data for table `vtiger_selectquery_seq`
--

INSERT INTO `vtiger_selectquery_seq` (`id`) VALUES
(25);

-- --------------------------------------------------------

--
-- Table structure for table `vtiger_senotesrel`
--

CREATE TABLE IF NOT EXISTS `vtiger_senotesrel` (
  `crmid` int(19) NOT NULL DEFAULT '0',
  `notesid` int(19) NOT NULL DEFAULT '0',
  PRIMARY KEY (`crmid`,`notesid`),
  KEY `senotesrel_notesid_idx` (`notesid`),
  KEY `senotesrel_crmid_idx` (`crmid`)
) ENGINE=InnoDB DEFAULT CHARSET=utf8 COLLATE=utf8_unicode_ci;

-- --------------------------------------------------------

--
-- Table structure for table `vtiger_seproductsrel`
--

CREATE TABLE IF NOT EXISTS `vtiger_seproductsrel` (
  `crmid` int(19) NOT NULL DEFAULT '0',
  `productid` int(19) NOT NULL DEFAULT '0',
  `setype` varchar(30) COLLATE utf8_unicode_ci NOT NULL,
  PRIMARY KEY (`crmid`,`productid`),
  KEY `seproductsrel_productid_idx` (`productid`),
  KEY `seproductrel_crmid_idx` (`crmid`)
) ENGINE=InnoDB DEFAULT CHARSET=utf8 COLLATE=utf8_unicode_ci;

-- --------------------------------------------------------

--
-- Table structure for table `vtiger_seticketsrel`
--

CREATE TABLE IF NOT EXISTS `vtiger_seticketsrel` (
  `crmid` int(19) NOT NULL DEFAULT '0',
  `ticketid` int(19) NOT NULL DEFAULT '0',
  PRIMARY KEY (`crmid`,`ticketid`),
  KEY `seticketsrel_crmid_idx` (`crmid`),
  KEY `seticketsrel_ticketid_idx` (`ticketid`)
) ENGINE=InnoDB DEFAULT CHARSET=utf8 COLLATE=utf8_unicode_ci;

-- --------------------------------------------------------

--
-- Table structure for table `vtiger_settings_blocks`
--

CREATE TABLE IF NOT EXISTS `vtiger_settings_blocks` (
  `blockid` int(19) NOT NULL,
  `label` varchar(250) COLLATE utf8_unicode_ci DEFAULT NULL,
  `sequence` int(19) DEFAULT NULL,
  PRIMARY KEY (`blockid`)
) ENGINE=InnoDB DEFAULT CHARSET=utf8 COLLATE=utf8_unicode_ci;

--
-- Dumping data for table `vtiger_settings_blocks`
--

INSERT INTO `vtiger_settings_blocks` (`blockid`, `label`, `sequence`) VALUES
(1, 'LBL_USER_MANAGEMENT', 1),
(2, 'LBL_STUDIO', 2),
(3, 'LBL_COMMUNICATION_TEMPLATES', 3),
(4, 'LBL_OTHER_SETTINGS', 4);

-- --------------------------------------------------------

--
-- Table structure for table `vtiger_settings_blocks_seq`
--

CREATE TABLE IF NOT EXISTS `vtiger_settings_blocks_seq` (
  `id` int(11) NOT NULL
) ENGINE=InnoDB DEFAULT CHARSET=utf8 COLLATE=utf8_unicode_ci;

--
-- Dumping data for table `vtiger_settings_blocks_seq`
--

INSERT INTO `vtiger_settings_blocks_seq` (`id`) VALUES
(4);

-- --------------------------------------------------------

--
-- Table structure for table `vtiger_settings_field`
--

CREATE TABLE IF NOT EXISTS `vtiger_settings_field` (
  `fieldid` int(19) NOT NULL,
  `blockid` int(19) DEFAULT NULL,
  `name` varchar(250) COLLATE utf8_unicode_ci DEFAULT NULL,
  `iconpath` varchar(300) COLLATE utf8_unicode_ci DEFAULT NULL,
  `description` text COLLATE utf8_unicode_ci,
  `linkto` text COLLATE utf8_unicode_ci,
  `sequence` int(19) DEFAULT NULL,
  `active` int(19) DEFAULT '0',
  `pinned` int(1) DEFAULT '0',
  PRIMARY KEY (`fieldid`),
  KEY `blockid` (`blockid`)
) ENGINE=InnoDB DEFAULT CHARSET=utf8 COLLATE=utf8_unicode_ci;

--
-- Dumping data for table `vtiger_settings_field`
--

INSERT INTO `vtiger_settings_field` (`fieldid`, `blockid`, `name`, `iconpath`, `description`, `linkto`, `sequence`, `active`, `pinned`) VALUES
(1, 1, 'LBL_USERS', 'ico-users.gif', 'LBL_USER_DESCRIPTION', 'index.php?module=Users&parent=Settings&view=List', 1, 0, 1),
(2, 1, 'LBL_ROLES', 'ico-roles.gif', 'LBL_ROLE_DESCRIPTION', 'index.php?module=Roles&parent=Settings&view=Index', 2, 0, 0),
(3, 1, 'LBL_PROFILES', 'ico-profile.gif', 'LBL_PROFILE_DESCRIPTION', 'index.php?module=Profiles&parent=Settings&view=List', 3, 0, 0),
(4, 1, 'USERGROUPLIST', 'ico-groups.gif', 'LBL_GROUP_DESCRIPTION', 'index.php?module=Groups&parent=Settings&view=List', 4, 0, 0),
(5, 1, 'LBL_SHARING_ACCESS', 'shareaccess.gif', 'LBL_SHARING_ACCESS_DESCRIPTION', 'index.php?module=SharingAccess&parent=Settings&view=Index', 5, 0, 0),
(6, 1, 'LBL_FIELDS_ACCESS', 'orgshar.gif', 'LBL_SHARING_FIELDS_DESCRIPTION', 'index.php?module=FieldAccess&parent=Settings&view=Index', 6, 0, 0),
(7, 1, 'LBL_LOGIN_HISTORY_DETAILS', 'set-IcoLoginHistory.gif', 'LBL_LOGIN_HISTORY_DESCRIPTION', 'index.php?module=LoginHistory&parent=Settings&view=List', 7, 0, 0),
(8, 2, 'VTLIB_LBL_MODULE_MANAGER', 'vtlib_modmng.gif', 'VTLIB_LBL_MODULE_MANAGER_DESCRIPTION', 'index.php?module=ModuleManager&parent=Settings&view=List', 8, 0, 1),
(9, 2, 'LBL_PICKLIST_EDITOR', 'picklist.gif', 'LBL_PICKLIST_DESCRIPTION', 'index.php?parent=Settings&module=Picklist&view=Index', 1, 0, 1),
(10, 2, 'LBL_PICKLIST_DEPENDENCY_SETUP', 'picklistdependency.gif', 'LBL_PICKLIST_DEPENDENCY_DESCRIPTION', 'index.php?parent=Settings&module=PickListDependency&view=List', 2, 0, 0),
(11, 2, 'LBL_MENU_EDITOR', 'menueditor.png', 'LBL_MENU_DESC', 'index.php?module=MenuEditor&parent=Settings&view=Index', 3, 0, 0),
(12, 3, 'NOTIFICATIONSCHEDULERS', 'notification.gif', 'LBL_NOTIF_SCHED_DESCRIPTION', 'index.php?module=Settings&view=listnotificationschedulers&parenttab=Settings', 4, 0, 0),
(13, 3, 'INVENTORYNOTIFICATION', 'inventory.gif', 'LBL_INV_NOTIF_DESCRIPTION', 'index.php?module=Settings&view=listinventorynotifications&parenttab=Settings', 1, 0, 0),
(14, 3, 'LBL_COMPANY_DETAILS', 'company.gif', 'LBL_COMPANY_DESCRIPTION', 'index.php?parent=Settings&module=Vtiger&view=CompanyDetails', 2, 0, 0),
(15, 4, 'LBL_MAIL_SERVER_SETTINGS', 'ogmailserver.gif', 'LBL_MAIL_SERVER_DESCRIPTION', 'index.php?parent=Settings&module=Vtiger&view=OutgoingServerDetail', 3, 0, 0),
(16, 4, 'LBL_CURRENCY_SETTINGS', 'currency.gif', 'LBL_CURRENCY_DESCRIPTION', 'index.php?parent=Settings&module=Currency&view=List', 4, 0, 0),
(17, 4, 'LBL_TAX_SETTINGS', 'taxConfiguration.gif', 'LBL_TAX_DESCRIPTION', 'index.php?module=Vtiger&parent=Settings&view=TaxIndex', 5, 0, 0),
(18, 4, 'LBL_SYSTEM_INFO', 'system.gif', 'LBL_SYSTEM_DESCRIPTION', 'index.php?module=Settings&submodule=Server&view=ProxyConfig', 6, 1, 0),
(19, 4, 'LBL_ANNOUNCEMENT', 'announ.gif', 'LBL_ANNOUNCEMENT_DESCRIPTION', 'index.php?parent=Settings&module=Vtiger&view=AnnouncementEdit', 1, 0, 0),
(20, 4, 'LBL_DEFAULT_MODULE_VIEW', 'set-IcoTwoTabConfig.gif', 'LBL_DEFAULT_MODULE_VIEW_DESC', 'index.php?module=Settings&action=DefModuleView&parenttab=Settings', 2, 0, 0),
(21, 4, 'INVENTORYTERMSANDCONDITIONS', 'terms.gif', 'LBL_INV_TANDC_DESCRIPTION', 'index.php?parent=Settings&module=Vtiger&view=TermsAndConditionsEdit', 3, 0, 0),
(22, 4, 'LBL_CUSTOMIZE_MODENT_NUMBER', 'settingsInvNumber.gif', 'LBL_CUSTOMIZE_MODENT_NUMBER_DESCRIPTION', 'index.php?module=Vtiger&parent=Settings&view=CustomRecordNumbering', 4, 0, 0),
(23, 4, 'LBL_MAIL_SCANNER', 'mailScanner.gif', 'LBL_MAIL_SCANNER_DESCRIPTION', 'index.php?parent=Settings&module=MailConverter&view=List', 5, 0, 0),
(24, 4, 'LBL_LIST_WORKFLOWS', 'settingsWorkflow.png', 'LBL_LIST_WORKFLOWS_DESCRIPTION', 'index.php?module=Workflows&parent=Settings&view=List', 6, 0, 1),
(25, 4, 'LBL_CONFIG_EDITOR', 'migrate.gif', 'LBL_CONFIG_EDITOR_DESCRIPTION', 'index.php?module=Vtiger&parent=Settings&view=ConfigEditorDetail', 7, 0, 0),
(26, 4, 'Scheduler', 'Cron.png', 'Allows you to Configure Cron Task', 'index.php?module=CronTasks&parent=Settings&view=List', 8, 0, 0),
(27, 4, 'LBL_WORKFLOW_LIST', 'settingsWorkflow.png', 'LBL_AVAILABLE_WORKLIST_LIST', 'index.php?module=com_vtiger_workflow&action=workflowlist', 8, 0, 0),
(28, 2, 'LBL_EDIT_FIELDS', '', 'LBL_LAYOUT_EDITOR_DESCRIPTION', 'index.php?module=LayoutEditor&parent=Settings&view=Index', NULL, 0, 0);

-- --------------------------------------------------------

--
-- Table structure for table `vtiger_settings_field_seq`
--

CREATE TABLE IF NOT EXISTS `vtiger_settings_field_seq` (
  `id` int(11) NOT NULL
) ENGINE=InnoDB DEFAULT CHARSET=utf8 COLLATE=utf8_unicode_ci;

--
-- Dumping data for table `vtiger_settings_field_seq`
--

INSERT INTO `vtiger_settings_field_seq` (`id`) VALUES
(28);

-- --------------------------------------------------------

--
-- Table structure for table `vtiger_sharedcalendar`
--

CREATE TABLE IF NOT EXISTS `vtiger_sharedcalendar` (
  `userid` int(19) NOT NULL,
  `sharedid` int(19) NOT NULL,
  PRIMARY KEY (`userid`,`sharedid`)
) ENGINE=InnoDB DEFAULT CHARSET=utf8 COLLATE=utf8_unicode_ci;

-- --------------------------------------------------------

--
-- Table structure for table `vtiger_shareduserinfo`
--

CREATE TABLE IF NOT EXISTS `vtiger_shareduserinfo` (
  `userid` int(19) NOT NULL DEFAULT '0',
  `shareduserid` int(19) NOT NULL DEFAULT '0',
  `color` varchar(50) COLLATE utf8_unicode_ci DEFAULT NULL,
  `visible` int(19) DEFAULT '1'
) ENGINE=InnoDB DEFAULT CHARSET=utf8 COLLATE=utf8_unicode_ci;

-- --------------------------------------------------------

--
-- Table structure for table `vtiger_shippingtaxinfo`
--

CREATE TABLE IF NOT EXISTS `vtiger_shippingtaxinfo` (
  `taxid` int(3) NOT NULL,
  `taxname` varchar(50) COLLATE utf8_unicode_ci DEFAULT NULL,
  `taxlabel` varchar(50) COLLATE utf8_unicode_ci DEFAULT NULL,
  `percentage` decimal(7,3) DEFAULT NULL,
  `deleted` int(1) DEFAULT NULL,
  PRIMARY KEY (`taxid`),
  KEY `shippingtaxinfo_taxname_idx` (`taxname`)
) ENGINE=InnoDB DEFAULT CHARSET=utf8 COLLATE=utf8_unicode_ci;

--
-- Dumping data for table `vtiger_shippingtaxinfo`
--

INSERT INTO `vtiger_shippingtaxinfo` (`taxid`, `taxname`, `taxlabel`, `percentage`, `deleted`) VALUES
(1, 'shtax1', 'VAT', 19.000, 0),
(2, 'shtax2', 'Sales', 0.000, 0),
(3, 'shtax3', 'Service', 0.000, 0);

-- --------------------------------------------------------

--
-- Table structure for table `vtiger_shippingtaxinfo_seq`
--

CREATE TABLE IF NOT EXISTS `vtiger_shippingtaxinfo_seq` (
  `id` int(11) NOT NULL
) ENGINE=InnoDB DEFAULT CHARSET=utf8 COLLATE=utf8_unicode_ci;

--
-- Dumping data for table `vtiger_shippingtaxinfo_seq`
--

INSERT INTO `vtiger_shippingtaxinfo_seq` (`id`) VALUES
(3);

-- --------------------------------------------------------

--
-- Table structure for table `vtiger_shorturls`
--

CREATE TABLE IF NOT EXISTS `vtiger_shorturls` (
  `id` int(11) NOT NULL AUTO_INCREMENT,
  `uid` varchar(50) DEFAULT NULL,
  `handler_path` varchar(400) DEFAULT NULL,
  `handler_class` varchar(100) DEFAULT NULL,
  `handler_function` varchar(100) DEFAULT NULL,
  `handler_data` varchar(255) DEFAULT NULL,
  `onetime` int(5) DEFAULT NULL,
  PRIMARY KEY (`id`),
  KEY `uid` (`uid`)
) ENGINE=InnoDB DEFAULT CHARSET=utf8 COLLATE=utf8_unicode_ci AUTO_INCREMENT=1 ;

-- --------------------------------------------------------

--
-- Table structure for table `vtiger_soapservice`
--

CREATE TABLE IF NOT EXISTS `vtiger_soapservice` (
  `id` int(19) DEFAULT NULL,
  `type` varchar(25) COLLATE utf8_unicode_ci DEFAULT NULL,
  `sessionid` varchar(100) COLLATE utf8_unicode_ci DEFAULT NULL
) ENGINE=InnoDB DEFAULT CHARSET=utf8 COLLATE=utf8_unicode_ci;

-- --------------------------------------------------------

--
-- Table structure for table `vtiger_sobillads`
--

CREATE TABLE IF NOT EXISTS `vtiger_sobillads` (
  `sobilladdressid` int(19) NOT NULL DEFAULT '0',
  `bill_city` varchar(30) COLLATE utf8_unicode_ci DEFAULT NULL,
  `bill_code` varchar(30) COLLATE utf8_unicode_ci DEFAULT NULL,
  `bill_country` varchar(30) COLLATE utf8_unicode_ci DEFAULT NULL,
  `bill_state` varchar(30) COLLATE utf8_unicode_ci DEFAULT NULL,
  `bill_street` varchar(250) COLLATE utf8_unicode_ci DEFAULT NULL,
  `bill_pobox` varchar(30) COLLATE utf8_unicode_ci DEFAULT NULL,
  PRIMARY KEY (`sobilladdressid`)
) ENGINE=InnoDB DEFAULT CHARSET=utf8 COLLATE=utf8_unicode_ci;

-- --------------------------------------------------------

--
-- Table structure for table `vtiger_soshipads`
--

CREATE TABLE IF NOT EXISTS `vtiger_soshipads` (
  `soshipaddressid` int(19) NOT NULL DEFAULT '0',
  `ship_city` varchar(30) COLLATE utf8_unicode_ci DEFAULT NULL,
  `ship_code` varchar(30) COLLATE utf8_unicode_ci DEFAULT NULL,
  `ship_country` varchar(30) COLLATE utf8_unicode_ci DEFAULT NULL,
  `ship_state` varchar(30) COLLATE utf8_unicode_ci DEFAULT NULL,
  `ship_street` varchar(250) COLLATE utf8_unicode_ci DEFAULT NULL,
  `ship_pobox` varchar(30) COLLATE utf8_unicode_ci DEFAULT NULL,
  PRIMARY KEY (`soshipaddressid`)
) ENGINE=InnoDB DEFAULT CHARSET=utf8 COLLATE=utf8_unicode_ci;

-- --------------------------------------------------------

--
-- Table structure for table `vtiger_sostatus`
--

CREATE TABLE IF NOT EXISTS `vtiger_sostatus` (
  `sostatusid` int(19) NOT NULL AUTO_INCREMENT,
  `sostatus` varchar(200) COLLATE utf8_unicode_ci NOT NULL,
  `presence` int(1) NOT NULL DEFAULT '1',
  `picklist_valueid` int(19) NOT NULL DEFAULT '0',
  `sortorderid` int(11) DEFAULT NULL,
  PRIMARY KEY (`sostatusid`),
  UNIQUE KEY `sostatus_sostatus_idx` (`sostatus`)
) ENGINE=InnoDB  DEFAULT CHARSET=utf8 COLLATE=utf8_unicode_ci AUTO_INCREMENT=5 ;

--
-- Dumping data for table `vtiger_sostatus`
--

INSERT INTO `vtiger_sostatus` (`sostatusid`, `sostatus`, `presence`, `picklist_valueid`, `sortorderid`) VALUES
(1, 'Created', 0, 166, 0),
(2, 'Approved', 0, 167, 1),
(3, 'Delivered', 0, 168, 2),
(4, 'Cancelled', 0, 169, 3);

-- --------------------------------------------------------

--
-- Table structure for table `vtiger_sostatushistory`
--

CREATE TABLE IF NOT EXISTS `vtiger_sostatushistory` (
  `historyid` int(19) NOT NULL AUTO_INCREMENT,
  `salesorderid` int(19) NOT NULL,
  `accountname` varchar(100) COLLATE utf8_unicode_ci DEFAULT NULL,
  `total` decimal(10,0) DEFAULT NULL,
  `sostatus` varchar(200) COLLATE utf8_unicode_ci DEFAULT NULL,
  `lastmodified` datetime DEFAULT NULL,
  PRIMARY KEY (`historyid`),
  KEY `sostatushistory_salesorderid_idx` (`salesorderid`)
) ENGINE=InnoDB DEFAULT CHARSET=utf8 COLLATE=utf8_unicode_ci AUTO_INCREMENT=1 ;

-- --------------------------------------------------------

--
-- Table structure for table `vtiger_sostatus_seq`
--

CREATE TABLE IF NOT EXISTS `vtiger_sostatus_seq` (
  `id` int(11) NOT NULL
) ENGINE=InnoDB DEFAULT CHARSET=utf8 COLLATE=utf8_unicode_ci;

--
-- Dumping data for table `vtiger_sostatus_seq`
--

INSERT INTO `vtiger_sostatus_seq` (`id`) VALUES
(4);

-- --------------------------------------------------------

--
-- Table structure for table `vtiger_sqltimelog`
--

CREATE TABLE IF NOT EXISTS `vtiger_sqltimelog` (
  `id` int(11) DEFAULT NULL,
  `type` varchar(10) COLLATE utf8_unicode_ci DEFAULT NULL,
  `data` text COLLATE utf8_unicode_ci,
  `started` decimal(20,6) DEFAULT NULL,
  `ended` decimal(20,6) DEFAULT NULL,
  `loggedon` datetime DEFAULT NULL
) ENGINE=InnoDB DEFAULT CHARSET=utf8 COLLATE=utf8_unicode_ci;

-- --------------------------------------------------------

--
-- Table structure for table `vtiger_start_hour`
--

CREATE TABLE IF NOT EXISTS `vtiger_start_hour` (
  `start_hourid` int(11) NOT NULL AUTO_INCREMENT,
  `start_hour` varchar(200) NOT NULL,
  `sortorderid` int(11) DEFAULT NULL,
  `presence` int(11) NOT NULL DEFAULT '1',
  PRIMARY KEY (`start_hourid`)
) ENGINE=InnoDB  DEFAULT CHARSET=utf8 COLLATE=utf8_unicode_ci AUTO_INCREMENT=25 ;

--
-- Dumping data for table `vtiger_start_hour`
--

INSERT INTO `vtiger_start_hour` (`start_hourid`, `start_hour`, `sortorderid`, `presence`) VALUES
(1, '00:00', 1, 1),
(2, '01:00', 2, 1),
(3, '02:00', 3, 1),
(4, '03:00', 4, 1),
(5, '04:00', 5, 1),
(6, '05:00', 6, 1),
(7, '06:00', 7, 1),
(8, '07:00', 8, 1),
(9, '08:00', 9, 1),
(10, '09:00', 10, 1),
(11, '10:00', 11, 1),
(12, '11:00', 12, 1),
(13, '12:00', 13, 1),
(14, '13:00', 14, 1),
(15, '14:00', 15, 1),
(16, '15:00', 16, 1),
(17, '16:00', 17, 1),
(18, '17:00', 18, 1),
(19, '18:00', 19, 1),
(20, '19:00', 20, 1),
(21, '20:00', 21, 1),
(22, '21:00', 22, 1),
(23, '22:00', 23, 1),
(24, '23:00', 24, 1);

-- --------------------------------------------------------

--
-- Table structure for table `vtiger_start_hour_seq`
--

CREATE TABLE IF NOT EXISTS `vtiger_start_hour_seq` (
  `id` int(11) NOT NULL
) ENGINE=InnoDB DEFAULT CHARSET=utf8 COLLATE=utf8_unicode_ci;

--
-- Dumping data for table `vtiger_start_hour_seq`
--

INSERT INTO `vtiger_start_hour_seq` (`id`) VALUES
(24);

-- --------------------------------------------------------

--
-- Table structure for table `vtiger_status`
--

CREATE TABLE IF NOT EXISTS `vtiger_status` (
  `statusid` int(19) NOT NULL AUTO_INCREMENT,
  `status` varchar(200) COLLATE utf8_unicode_ci NOT NULL,
  `presence` int(1) NOT NULL DEFAULT '1',
  `picklist_valueid` int(19) NOT NULL DEFAULT '0',
  PRIMARY KEY (`statusid`)
) ENGINE=InnoDB  DEFAULT CHARSET=utf8 COLLATE=utf8_unicode_ci AUTO_INCREMENT=3 ;

--
-- Dumping data for table `vtiger_status`
--

INSERT INTO `vtiger_status` (`statusid`, `status`, `presence`, `picklist_valueid`) VALUES
(1, 'Active', 0, 1),
(2, 'Inactive', 1, 1);

-- --------------------------------------------------------

--
-- Table structure for table `vtiger_status_seq`
--

CREATE TABLE IF NOT EXISTS `vtiger_status_seq` (
  `id` int(11) NOT NULL
) ENGINE=InnoDB DEFAULT CHARSET=utf8 COLLATE=utf8_unicode_ci;

--
-- Dumping data for table `vtiger_status_seq`
--

INSERT INTO `vtiger_status_seq` (`id`) VALUES
(2);

-- --------------------------------------------------------

--
-- Table structure for table `vtiger_systems`
--

CREATE TABLE IF NOT EXISTS `vtiger_systems` (
  `id` int(19) NOT NULL,
  `server` varchar(100) COLLATE utf8_unicode_ci DEFAULT NULL,
  `server_port` int(19) DEFAULT NULL,
  `server_username` varchar(100) COLLATE utf8_unicode_ci DEFAULT NULL,
  `server_password` varchar(100) COLLATE utf8_unicode_ci DEFAULT NULL,
  `server_type` varchar(20) COLLATE utf8_unicode_ci DEFAULT NULL,
  `smtp_auth` varchar(5) COLLATE utf8_unicode_ci DEFAULT NULL,
  `server_path` varchar(256) COLLATE utf8_unicode_ci DEFAULT NULL,
  `from_email_field` varchar(50) COLLATE utf8_unicode_ci DEFAULT NULL,
  PRIMARY KEY (`id`)
) ENGINE=InnoDB DEFAULT CHARSET=utf8 COLLATE=utf8_unicode_ci;

-- --------------------------------------------------------

--
-- Table structure for table `vtiger_tab`
--

CREATE TABLE IF NOT EXISTS `vtiger_tab` (
  `tabid` int(19) NOT NULL DEFAULT '0',
  `name` varchar(25) COLLATE utf8_unicode_ci NOT NULL,
  `presence` int(19) NOT NULL DEFAULT '1',
  `tabsequence` int(10) DEFAULT NULL,
  `tablabel` varchar(25) COLLATE utf8_unicode_ci NOT NULL,
  `modifiedby` int(19) DEFAULT NULL,
  `modifiedtime` int(19) DEFAULT NULL,
  `customized` int(19) DEFAULT NULL,
  `ownedby` int(19) DEFAULT NULL,
  `isentitytype` int(11) NOT NULL DEFAULT '1',
  `trial` int(1) NOT NULL DEFAULT '0',
  `version` varchar(10) COLLATE utf8_unicode_ci DEFAULT NULL,
  `parent` varchar(30) COLLATE utf8_unicode_ci DEFAULT NULL,
  PRIMARY KEY (`tabid`),
  UNIQUE KEY `tab_name_idx` (`name`),
  KEY `tab_modifiedby_idx` (`modifiedby`),
  KEY `tab_tabid_idx` (`tabid`)
) ENGINE=InnoDB DEFAULT CHARSET=utf8 COLLATE=utf8_unicode_ci;

--
-- Dumping data for table `vtiger_tab`
--

INSERT INTO `vtiger_tab` (`tabid`, `name`, `presence`, `tabsequence`, `tablabel`, `modifiedby`, `modifiedtime`, `customized`, `ownedby`, `isentitytype`, `trial`, `version`, `parent`) VALUES
(1, 'Dashboard', 0, 12, 'Dashboards', NULL, NULL, 0, 1, 0, 0, NULL, 'Analytics'),
(2, 'Potentials', 0, 7, 'Potentials', NULL, NULL, 0, 0, 1, 0, NULL, 'Sales'),
(3, 'Home', 0, 1, 'Home', NULL, NULL, 0, 1, 0, 0, NULL, NULL),
(4, 'Contacts', 0, 6, 'Contacts', NULL, NULL, 0, 0, 1, 0, NULL, 'Sales'),
(6, 'Accounts', 0, 5, 'Accounts', NULL, NULL, 0, 0, 1, 0, NULL, 'Sales'),
(7, 'Leads', 0, 4, 'Leads', NULL, NULL, 0, 0, 1, 0, NULL, 'Sales'),
(8, 'Documents', 0, 9, 'Documents', NULL, NULL, 0, 0, 1, 0, NULL, 'Tools'),
(9, 'Calendar', 0, 3, 'Calendar', NULL, NULL, 0, 0, 1, 0, NULL, 'Tools'),
(10, 'Emails', 0, 10, 'Emails', NULL, NULL, 0, 1, 1, 0, NULL, 'Tools'),
(13, 'HelpDesk', 0, 11, 'HelpDesk', NULL, NULL, 0, 0, 1, 0, NULL, 'Support'),
(14, 'Products', 0, 8, 'Products', NULL, NULL, 0, 0, 1, 0, NULL, 'Inventory'),
(15, 'Faq', 0, -1, 'Faq', NULL, NULL, 0, 1, 1, 0, NULL, 'Support'),
(16, 'Events', 2, -1, 'Events', NULL, NULL, 0, 0, 1, 0, NULL, NULL),
(18, 'Vendors', 0, -1, 'Vendors', NULL, NULL, 0, 0, 1, 0, NULL, 'Inventory'),
(19, 'PriceBooks', 0, -1, 'PriceBooks', NULL, NULL, 0, 1, 1, 0, NULL, 'Inventory'),
(20, 'Quotes', 0, -1, 'Quotes', NULL, NULL, 0, 0, 1, 0, NULL, 'Sales'),
(21, 'PurchaseOrder', 0, -1, 'PurchaseOrder', NULL, NULL, 0, 0, 1, 0, NULL, 'Inventory'),
(22, 'SalesOrder', 0, -1, 'SalesOrder', NULL, NULL, 0, 0, 1, 0, NULL, 'Sales'),
(23, 'Invoice', 0, -1, 'Invoice', NULL, NULL, 0, 0, 1, 0, NULL, 'Sales'),
(24, 'Rss', 0, -1, 'Rss', NULL, NULL, 0, 1, 0, 0, NULL, 'Tools'),
(25, 'Reports', 0, -1, 'Reports', NULL, NULL, 0, 1, 0, 0, NULL, 'Analytics'),
(26, 'Campaigns', 0, -1, 'Campaigns', NULL, NULL, 0, 0, 1, 0, NULL, 'Marketing'),
(27, 'Portal', 0, -1, 'Portal', NULL, NULL, 0, 1, 0, 0, NULL, 'Tools'),
(28, 'Webmails', 0, -1, 'Webmails', NULL, NULL, 0, 1, 1, 0, NULL, NULL),
(29, 'Users', 0, -1, 'Users', NULL, NULL, 0, 1, 0, 0, NULL, NULL);

-- --------------------------------------------------------

--
-- Table structure for table `vtiger_tab_info`
--

CREATE TABLE IF NOT EXISTS `vtiger_tab_info` (
  `tabid` int(19) DEFAULT NULL,
  `prefname` varchar(256) COLLATE utf8_unicode_ci DEFAULT NULL,
  `prefvalue` varchar(256) COLLATE utf8_unicode_ci DEFAULT NULL,
  KEY `tabid` (`tabid`)
) ENGINE=InnoDB DEFAULT CHARSET=utf8 COLLATE=utf8_unicode_ci;

-- --------------------------------------------------------

--
-- Table structure for table `vtiger_taskpriority`
--

CREATE TABLE IF NOT EXISTS `vtiger_taskpriority` (
  `taskpriorityid` int(19) NOT NULL AUTO_INCREMENT,
  `taskpriority` varchar(200) COLLATE utf8_unicode_ci DEFAULT NULL,
  `presence` int(1) NOT NULL DEFAULT '1',
  `picklist_valueid` int(19) NOT NULL DEFAULT '0',
  `sortorderid` int(11) DEFAULT NULL,
  PRIMARY KEY (`taskpriorityid`)
) ENGINE=InnoDB  DEFAULT CHARSET=utf8 COLLATE=utf8_unicode_ci AUTO_INCREMENT=4 ;

--
-- Dumping data for table `vtiger_taskpriority`
--

INSERT INTO `vtiger_taskpriority` (`taskpriorityid`, `taskpriority`, `presence`, `picklist_valueid`, `sortorderid`) VALUES
(1, 'High', 1, 170, 0),
(2, 'Medium', 1, 171, 1),
(3, 'Low', 1, 172, 2);

-- --------------------------------------------------------

--
-- Table structure for table `vtiger_taskpriority_seq`
--

CREATE TABLE IF NOT EXISTS `vtiger_taskpriority_seq` (
  `id` int(11) NOT NULL
) ENGINE=InnoDB DEFAULT CHARSET=utf8 COLLATE=utf8_unicode_ci;

--
-- Dumping data for table `vtiger_taskpriority_seq`
--

INSERT INTO `vtiger_taskpriority_seq` (`id`) VALUES
(3);

-- --------------------------------------------------------

--
-- Table structure for table `vtiger_taskstatus`
--

CREATE TABLE IF NOT EXISTS `vtiger_taskstatus` (
  `taskstatusid` int(19) NOT NULL AUTO_INCREMENT,
  `taskstatus` varchar(200) COLLATE utf8_unicode_ci DEFAULT NULL,
  `presence` int(1) NOT NULL DEFAULT '1',
  `picklist_valueid` int(19) NOT NULL DEFAULT '0',
  `sortorderid` int(11) DEFAULT NULL,
  PRIMARY KEY (`taskstatusid`)
) ENGINE=InnoDB  DEFAULT CHARSET=utf8 COLLATE=utf8_unicode_ci AUTO_INCREMENT=7 ;

--
-- Dumping data for table `vtiger_taskstatus`
--

INSERT INTO `vtiger_taskstatus` (`taskstatusid`, `taskstatus`, `presence`, `picklist_valueid`, `sortorderid`) VALUES
(1, 'Not Started', 0, 173, 0),
(2, 'In Progress', 0, 174, 1),
(3, 'Completed', 0, 175, 2),
(4, 'Pending Input', 0, 176, 3),
(5, 'Deferred', 0, 177, 4),
(6, 'Planned', 0, 178, 5);

-- --------------------------------------------------------

--
-- Table structure for table `vtiger_taskstatus_seq`
--

CREATE TABLE IF NOT EXISTS `vtiger_taskstatus_seq` (
  `id` int(11) NOT NULL
) ENGINE=InnoDB DEFAULT CHARSET=utf8 COLLATE=utf8_unicode_ci;

--
-- Dumping data for table `vtiger_taskstatus_seq`
--

INSERT INTO `vtiger_taskstatus_seq` (`id`) VALUES
(6);

-- --------------------------------------------------------

--
-- Table structure for table `vtiger_taxclass`
--

CREATE TABLE IF NOT EXISTS `vtiger_taxclass` (
  `taxclassid` int(19) NOT NULL AUTO_INCREMENT,
  `taxclass` varchar(200) COLLATE utf8_unicode_ci NOT NULL,
  `sortorderid` int(19) NOT NULL DEFAULT '0',
  `presence` int(1) NOT NULL DEFAULT '1',
  PRIMARY KEY (`taxclassid`),
  UNIQUE KEY `taxclass_carrier_idx` (`taxclass`)
) ENGINE=InnoDB  DEFAULT CHARSET=utf8 COLLATE=utf8_unicode_ci AUTO_INCREMENT=3 ;

--
-- Dumping data for table `vtiger_taxclass`
--

INSERT INTO `vtiger_taxclass` (`taxclassid`, `taxclass`, `sortorderid`, `presence`) VALUES
(1, 'SalesTax', 0, 1),
(2, 'Vat', 1, 1);

-- --------------------------------------------------------

--
-- Table structure for table `vtiger_taxclass_seq`
--

CREATE TABLE IF NOT EXISTS `vtiger_taxclass_seq` (
  `id` int(11) NOT NULL
) ENGINE=InnoDB DEFAULT CHARSET=utf8 COLLATE=utf8_unicode_ci;

--
-- Dumping data for table `vtiger_taxclass_seq`
--

INSERT INTO `vtiger_taxclass_seq` (`id`) VALUES
(2);

-- --------------------------------------------------------

--
-- Table structure for table `vtiger_ticketcategories`
--

CREATE TABLE IF NOT EXISTS `vtiger_ticketcategories` (
  `ticketcategories_id` int(19) NOT NULL AUTO_INCREMENT,
  `ticketcategories` varchar(200) COLLATE utf8_unicode_ci DEFAULT NULL,
  `presence` int(1) NOT NULL DEFAULT '0',
  `picklist_valueid` int(19) NOT NULL DEFAULT '0',
  `sortorderid` int(11) DEFAULT NULL,
  PRIMARY KEY (`ticketcategories_id`)
) ENGINE=InnoDB  DEFAULT CHARSET=utf8 COLLATE=utf8_unicode_ci AUTO_INCREMENT=4 ;

--
-- Dumping data for table `vtiger_ticketcategories`
--

INSERT INTO `vtiger_ticketcategories` (`ticketcategories_id`, `ticketcategories`, `presence`, `picklist_valueid`, `sortorderid`) VALUES
(1, 'Big Problem', 1, 179, 0),
(2, 'Small Problem', 1, 180, 1),
(3, 'Other Problem', 1, 181, 2);

-- --------------------------------------------------------

--
-- Table structure for table `vtiger_ticketcategories_seq`
--

CREATE TABLE IF NOT EXISTS `vtiger_ticketcategories_seq` (
  `id` int(11) NOT NULL
) ENGINE=InnoDB DEFAULT CHARSET=utf8 COLLATE=utf8_unicode_ci;

--
-- Dumping data for table `vtiger_ticketcategories_seq`
--

INSERT INTO `vtiger_ticketcategories_seq` (`id`) VALUES
(3);

-- --------------------------------------------------------

--
-- Table structure for table `vtiger_ticketcf`
--

CREATE TABLE IF NOT EXISTS `vtiger_ticketcf` (
  `ticketid` int(19) NOT NULL DEFAULT '0',
  `from_portal` varchar(3) COLLATE utf8_unicode_ci DEFAULT NULL,
  PRIMARY KEY (`ticketid`)
) ENGINE=InnoDB DEFAULT CHARSET=utf8 COLLATE=utf8_unicode_ci;

-- --------------------------------------------------------

--
-- Table structure for table `vtiger_ticketcomments`
--

CREATE TABLE IF NOT EXISTS `vtiger_ticketcomments` (
  `commentid` int(19) NOT NULL AUTO_INCREMENT,
  `ticketid` int(19) DEFAULT NULL,
  `comments` text COLLATE utf8_unicode_ci,
  `ownerid` int(19) NOT NULL DEFAULT '0',
  `ownertype` varchar(10) COLLATE utf8_unicode_ci DEFAULT NULL,
  `createdtime` datetime NOT NULL,
  PRIMARY KEY (`commentid`),
  KEY `ticketcomments_ticketid_idx` (`ticketid`)
) ENGINE=InnoDB DEFAULT CHARSET=utf8 COLLATE=utf8_unicode_ci AUTO_INCREMENT=1 ;

-- --------------------------------------------------------

--
-- Table structure for table `vtiger_ticketpriorities`
--

CREATE TABLE IF NOT EXISTS `vtiger_ticketpriorities` (
  `ticketpriorities_id` int(19) NOT NULL AUTO_INCREMENT,
  `ticketpriorities` varchar(200) COLLATE utf8_unicode_ci DEFAULT NULL,
  `presence` int(1) NOT NULL DEFAULT '0',
  `picklist_valueid` int(19) NOT NULL DEFAULT '0',
  `sortorderid` int(11) DEFAULT NULL,
  PRIMARY KEY (`ticketpriorities_id`)
) ENGINE=InnoDB  DEFAULT CHARSET=utf8 COLLATE=utf8_unicode_ci AUTO_INCREMENT=5 ;

--
-- Dumping data for table `vtiger_ticketpriorities`
--

INSERT INTO `vtiger_ticketpriorities` (`ticketpriorities_id`, `ticketpriorities`, `presence`, `picklist_valueid`, `sortorderid`) VALUES
(1, 'Low', 1, 182, 0),
(2, 'Normal', 1, 183, 1),
(3, 'High', 1, 184, 2),
(4, 'Urgent', 1, 185, 3);

-- --------------------------------------------------------

--
-- Table structure for table `vtiger_ticketpriorities_seq`
--

CREATE TABLE IF NOT EXISTS `vtiger_ticketpriorities_seq` (
  `id` int(11) NOT NULL
) ENGINE=InnoDB DEFAULT CHARSET=utf8 COLLATE=utf8_unicode_ci;

--
-- Dumping data for table `vtiger_ticketpriorities_seq`
--

INSERT INTO `vtiger_ticketpriorities_seq` (`id`) VALUES
(4);

-- --------------------------------------------------------

--
-- Table structure for table `vtiger_ticketseverities`
--

CREATE TABLE IF NOT EXISTS `vtiger_ticketseverities` (
  `ticketseverities_id` int(19) NOT NULL AUTO_INCREMENT,
  `ticketseverities` varchar(200) COLLATE utf8_unicode_ci DEFAULT NULL,
  `presence` int(1) NOT NULL DEFAULT '0',
  `picklist_valueid` int(19) NOT NULL DEFAULT '0',
  `sortorderid` int(11) DEFAULT NULL,
  PRIMARY KEY (`ticketseverities_id`)
) ENGINE=InnoDB  DEFAULT CHARSET=utf8 COLLATE=utf8_unicode_ci AUTO_INCREMENT=5 ;

--
-- Dumping data for table `vtiger_ticketseverities`
--

INSERT INTO `vtiger_ticketseverities` (`ticketseverities_id`, `ticketseverities`, `presence`, `picklist_valueid`, `sortorderid`) VALUES
(1, 'Minor', 1, 186, 0),
(2, 'Major', 1, 187, 1),
(3, 'Feature', 1, 188, 2),
(4, 'Critical', 1, 189, 3);

-- --------------------------------------------------------

--
-- Table structure for table `vtiger_ticketseverities_seq`
--

CREATE TABLE IF NOT EXISTS `vtiger_ticketseverities_seq` (
  `id` int(11) NOT NULL
) ENGINE=InnoDB DEFAULT CHARSET=utf8 COLLATE=utf8_unicode_ci;

--
-- Dumping data for table `vtiger_ticketseverities_seq`
--

INSERT INTO `vtiger_ticketseverities_seq` (`id`) VALUES
(4);

-- --------------------------------------------------------

--
-- Table structure for table `vtiger_ticketstatus`
--

CREATE TABLE IF NOT EXISTS `vtiger_ticketstatus` (
  `ticketstatus_id` int(19) NOT NULL AUTO_INCREMENT,
  `ticketstatus` varchar(200) COLLATE utf8_unicode_ci DEFAULT NULL,
  `presence` int(1) NOT NULL DEFAULT '0',
  `picklist_valueid` int(19) NOT NULL DEFAULT '0',
  `sortorderid` int(11) DEFAULT NULL,
  PRIMARY KEY (`ticketstatus_id`)
) ENGINE=InnoDB  DEFAULT CHARSET=utf8 COLLATE=utf8_unicode_ci AUTO_INCREMENT=5 ;

--
-- Dumping data for table `vtiger_ticketstatus`
--

INSERT INTO `vtiger_ticketstatus` (`ticketstatus_id`, `ticketstatus`, `presence`, `picklist_valueid`, `sortorderid`) VALUES
(1, 'Open', 0, 190, 0),
(2, 'In Progress', 0, 191, 1),
(3, 'Wait For Response', 0, 192, 2),
(4, 'Closed', 0, 193, 3);

-- --------------------------------------------------------

--
-- Table structure for table `vtiger_ticketstatus_seq`
--

CREATE TABLE IF NOT EXISTS `vtiger_ticketstatus_seq` (
  `id` int(11) NOT NULL
) ENGINE=InnoDB DEFAULT CHARSET=utf8 COLLATE=utf8_unicode_ci;

--
-- Dumping data for table `vtiger_ticketstatus_seq`
--

INSERT INTO `vtiger_ticketstatus_seq` (`id`) VALUES
(4);

-- --------------------------------------------------------

--
-- Table structure for table `vtiger_time_zone`
--

CREATE TABLE IF NOT EXISTS `vtiger_time_zone` (
  `time_zoneid` int(19) NOT NULL AUTO_INCREMENT,
  `time_zone` varchar(200) COLLATE utf8_unicode_ci NOT NULL,
  `sortorderid` int(19) NOT NULL DEFAULT '0',
  `presence` int(1) NOT NULL DEFAULT '1',
  PRIMARY KEY (`time_zoneid`)
) ENGINE=InnoDB  DEFAULT CHARSET=utf8 COLLATE=utf8_unicode_ci AUTO_INCREMENT=98 ;

--
-- Dumping data for table `vtiger_time_zone`
--

INSERT INTO `vtiger_time_zone` (`time_zoneid`, `time_zone`, `sortorderid`, `presence`) VALUES
(1, 'Pacific/Midway', 0, 1),
(2, 'Pacific/Samoa', 1, 1),
(3, 'Pacific/Honolulu', 2, 1),
(4, 'America/Anchorage', 3, 1),
(5, 'America/Los_Angeles', 4, 1),
(6, 'America/Tijuana', 5, 1),
(7, 'America/Denver', 6, 1),
(8, 'America/Chihuahua', 7, 1),
(9, 'America/Mazatlan', 8, 1),
(10, 'America/Phoenix', 9, 1),
(11, 'America/Regina', 10, 1),
(12, 'America/Tegucigalpa', 11, 1),
(13, 'America/Chicago', 12, 1),
(14, 'America/Mexico_City', 13, 1),
(15, 'America/Monterrey', 14, 1),
(16, 'America/New_York', 15, 1),
(17, 'America/Bogota', 16, 1),
(18, 'America/Lima', 17, 1),
(19, 'America/Rio_Branco', 18, 1),
(20, 'America/Indiana/Indianapolis', 19, 1),
(21, 'America/Caracas', 20, 1),
(22, 'America/Halifax', 21, 1),
(23, 'America/Manaus', 22, 1),
(24, 'America/Santiago', 23, 1),
(25, 'America/La_Paz', 24, 1),
(26, 'America/Cuiaba', 25, 1),
(27, 'America/Asuncion', 26, 1),
(28, 'America/St_Johns', 27, 1),
(29, 'America/Argentina/Buenos_Aires', 28, 1),
(30, 'America/Sao_Paulo', 29, 1),
(31, 'America/Godthab', 30, 1),
(32, 'America/Montevideo', 31, 1),
(33, 'Atlantic/South_Georgia', 32, 1),
(34, 'Atlantic/Azores', 33, 1),
(35, 'Atlantic/Cape_Verde', 34, 1),
(36, 'Europe/London', 35, 1),
(37, 'UTC', 36, 1),
(38, 'Africa/Monrovia', 37, 1),
(39, 'Africa/Casablanca', 38, 1),
(40, 'Europe/Belgrade', 39, 1),
(41, 'Europe/Sarajevo', 40, 1),
(42, 'Europe/Brussels', 41, 1),
(43, 'Africa/Algiers', 42, 1),
(44, 'Europe/Amsterdam', 43, 1),
(45, 'Europe/Minsk', 44, 1),
(46, 'Africa/Cairo', 45, 1),
(47, 'Europe/Helsinki', 46, 1),
(48, 'Europe/Athens', 47, 1),
(49, 'Europe/Istanbul', 48, 1),
(50, 'Asia/Jerusalem', 49, 1),
(51, 'Asia/Amman', 50, 1),
(52, 'Asia/Beirut', 51, 1),
(53, 'Africa/Windhoek', 52, 1),
(54, 'Africa/Harare', 53, 1),
(55, 'Asia/Kuwait', 54, 1),
(56, 'Asia/Baghdad', 55, 1),
(57, 'Africa/Nairobi', 56, 1),
(58, 'Asia/Tehran', 57, 1),
(59, 'Asia/Tbilisi', 58, 1),
(60, 'Europe/Moscow', 59, 1),
(61, 'Asia/Muscat', 60, 1),
(62, 'Asia/Baku', 61, 1),
(63, 'Asia/Yerevan', 62, 1),
(64, 'Asia/Karachi', 63, 1),
(65, 'Asia/Tashkent', 64, 1),
(66, 'Asia/Kolkata', 65, 1),
(67, 'Asia/Colombo', 66, 1),
(68, 'Asia/Katmandu', 67, 1),
(69, 'Asia/Dhaka', 68, 1),
(70, 'Asia/Almaty', 69, 1),
(71, 'Asia/Yekaterinburg', 70, 1),
(72, 'Asia/Rangoon', 71, 1),
(73, 'Asia/Novosibirsk', 72, 1),
(74, 'Asia/Bangkok', 73, 1),
(75, 'Asia/Brunei', 74, 1),
(76, 'Asia/Krasnoyarsk', 75, 1),
(77, 'Asia/Ulaanbaatar', 76, 1),
(78, 'Asia/Kuala_Lumpur', 77, 1),
(79, 'Asia/Taipei', 78, 1),
(80, 'Australia/Perth', 79, 1),
(81, 'Asia/Irkutsk', 80, 1),
(82, 'Asia/Seoul', 81, 1),
(83, 'Asia/Tokyo', 82, 1),
(84, 'Australia/Darwin', 83, 1),
(85, 'Australia/Adelaide', 84, 1),
(86, 'Australia/Canberra', 85, 1),
(87, 'Australia/Brisbane', 86, 1),
(88, 'Australia/Hobart', 87, 1),
(89, 'Asia/Vladivostok', 88, 1),
(90, 'Pacific/Guam', 89, 1),
(91, 'Asia/Yakutsk', 90, 1),
(92, 'Pacific/Fiji', 92, 1),
(93, 'Asia/Kamchatka', 93, 1),
(94, 'Pacific/Auckland', 94, 1),
(95, 'Asia/Magadan', 95, 1),
(96, 'Pacific/Tongatapu', 96, 1),
(97, 'Etc/GMT-11', 91, 1);

-- --------------------------------------------------------

--
-- Table structure for table `vtiger_time_zone_seq`
--

CREATE TABLE IF NOT EXISTS `vtiger_time_zone_seq` (
  `id` int(11) NOT NULL
) ENGINE=InnoDB DEFAULT CHARSET=utf8 COLLATE=utf8_unicode_ci;

--
-- Dumping data for table `vtiger_time_zone_seq`
--

INSERT INTO `vtiger_time_zone_seq` (`id`) VALUES
(96);

-- --------------------------------------------------------

--
-- Table structure for table `vtiger_tmp_read_group_rel_sharing_per`
--

CREATE TABLE IF NOT EXISTS `vtiger_tmp_read_group_rel_sharing_per` (
  `userid` int(11) NOT NULL,
  `tabid` int(11) NOT NULL,
  `relatedtabid` int(11) NOT NULL,
  `sharedgroupid` int(11) NOT NULL,
  PRIMARY KEY (`userid`,`tabid`,`relatedtabid`,`sharedgroupid`),
  KEY `tabid` (`tabid`),
  KEY `relatedtabid` (`relatedtabid`),
  KEY `sharedgroupid` (`sharedgroupid`),
  KEY `tmp_read_group_rel_sharing_per_userid_sharedgroupid_tabid` (`userid`,`sharedgroupid`,`tabid`)
) ENGINE=InnoDB DEFAULT CHARSET=utf8 COLLATE=utf8_unicode_ci;

-- --------------------------------------------------------

--
-- Table structure for table `vtiger_tmp_read_group_sharing_per`
--

CREATE TABLE IF NOT EXISTS `vtiger_tmp_read_group_sharing_per` (
  `userid` int(11) NOT NULL,
  `tabid` int(11) NOT NULL,
  `sharedgroupid` int(11) NOT NULL,
  PRIMARY KEY (`userid`,`tabid`,`sharedgroupid`),
  KEY `tabid` (`tabid`),
  KEY `sharedgroupid` (`sharedgroupid`),
  KEY `tmp_read_group_sharing_per_userid_sharedgroupid_idx` (`userid`,`sharedgroupid`)
) ENGINE=InnoDB DEFAULT CHARSET=utf8 COLLATE=utf8_unicode_ci;

-- --------------------------------------------------------

--
-- Table structure for table `vtiger_tmp_read_user_rel_sharing_per`
--

CREATE TABLE IF NOT EXISTS `vtiger_tmp_read_user_rel_sharing_per` (
  `userid` int(11) NOT NULL,
  `tabid` int(11) NOT NULL,
  `relatedtabid` int(11) NOT NULL,
  `shareduserid` int(11) NOT NULL,
  PRIMARY KEY (`userid`,`tabid`,`relatedtabid`,`shareduserid`),
  KEY `tabid` (`tabid`),
  KEY `relatedtabid` (`relatedtabid`),
  KEY `shareduserid` (`shareduserid`),
  KEY `tmp_read_user_rel_sharing_per_userid_shared_reltabid_idx` (`userid`,`shareduserid`,`relatedtabid`)
) ENGINE=InnoDB DEFAULT CHARSET=utf8 COLLATE=utf8_unicode_ci;

-- --------------------------------------------------------

--
-- Table structure for table `vtiger_tmp_read_user_sharing_per`
--

CREATE TABLE IF NOT EXISTS `vtiger_tmp_read_user_sharing_per` (
  `userid` int(11) NOT NULL,
  `tabid` int(11) NOT NULL,
  `shareduserid` int(11) NOT NULL,
  PRIMARY KEY (`userid`,`tabid`,`shareduserid`),
  KEY `tabid` (`tabid`),
  KEY `shareduserid` (`shareduserid`),
  KEY `tmp_read_user_sharing_per_userid_shareduserid_idx` (`userid`,`shareduserid`)
) ENGINE=InnoDB DEFAULT CHARSET=utf8 COLLATE=utf8_unicode_ci;

-- --------------------------------------------------------

--
-- Table structure for table `vtiger_tmp_write_group_rel_sharing_per`
--

CREATE TABLE IF NOT EXISTS `vtiger_tmp_write_group_rel_sharing_per` (
  `userid` int(11) NOT NULL,
  `tabid` int(11) NOT NULL,
  `relatedtabid` int(11) NOT NULL,
  `sharedgroupid` int(11) NOT NULL,
  PRIMARY KEY (`userid`,`tabid`,`relatedtabid`,`sharedgroupid`),
  KEY `tabid` (`tabid`),
  KEY `relatedtabid` (`relatedtabid`),
  KEY `sharedgroupid` (`sharedgroupid`),
  KEY `tmp_write_group_rel_sharing_per_userid_sharedgroupid_tabid_idx` (`userid`,`sharedgroupid`,`tabid`)
) ENGINE=InnoDB DEFAULT CHARSET=utf8 COLLATE=utf8_unicode_ci;

-- --------------------------------------------------------

--
-- Table structure for table `vtiger_tmp_write_group_sharing_per`
--

CREATE TABLE IF NOT EXISTS `vtiger_tmp_write_group_sharing_per` (
  `userid` int(11) NOT NULL,
  `tabid` int(11) NOT NULL,
  `sharedgroupid` int(11) NOT NULL,
  PRIMARY KEY (`userid`,`tabid`,`sharedgroupid`),
  KEY `tabid` (`tabid`),
  KEY `sharedgroupid` (`sharedgroupid`),
  KEY `tmp_write_group_sharing_per_UK1` (`userid`,`sharedgroupid`)
) ENGINE=InnoDB DEFAULT CHARSET=utf8 COLLATE=utf8_unicode_ci;

-- --------------------------------------------------------

--
-- Table structure for table `vtiger_tmp_write_user_rel_sharing_per`
--

CREATE TABLE IF NOT EXISTS `vtiger_tmp_write_user_rel_sharing_per` (
  `userid` int(11) NOT NULL,
  `tabid` int(11) NOT NULL,
  `relatedtabid` int(11) NOT NULL,
  `shareduserid` int(11) NOT NULL,
  PRIMARY KEY (`userid`,`tabid`,`relatedtabid`,`shareduserid`),
  KEY `tabid` (`tabid`),
  KEY `relatedtabid` (`relatedtabid`),
  KEY `shareduserid` (`shareduserid`),
  KEY `tmp_write_user_rel_sharing_per_userid_sharduserid_tabid_idx` (`userid`,`shareduserid`,`tabid`)
) ENGINE=InnoDB DEFAULT CHARSET=utf8 COLLATE=utf8_unicode_ci;

-- --------------------------------------------------------

--
-- Table structure for table `vtiger_tmp_write_user_sharing_per`
--

CREATE TABLE IF NOT EXISTS `vtiger_tmp_write_user_sharing_per` (
  `userid` int(11) NOT NULL,
  `tabid` int(11) NOT NULL,
  `shareduserid` int(11) NOT NULL,
  PRIMARY KEY (`userid`,`tabid`,`shareduserid`),
  KEY `tabid` (`tabid`),
  KEY `shareduserid` (`shareduserid`),
  KEY `tmp_write_user_sharing_per_userid_shareduserid_idx` (`userid`,`shareduserid`)
) ENGINE=InnoDB DEFAULT CHARSET=utf8 COLLATE=utf8_unicode_ci;

-- --------------------------------------------------------

--
-- Table structure for table `vtiger_tracker`
--

CREATE TABLE IF NOT EXISTS `vtiger_tracker` (
  `id` int(11) NOT NULL AUTO_INCREMENT,
  `user_id` varchar(36) COLLATE utf8_unicode_ci DEFAULT NULL,
  `module_name` varchar(25) COLLATE utf8_unicode_ci DEFAULT NULL,
  `item_id` varchar(36) COLLATE utf8_unicode_ci DEFAULT NULL,
  `item_summary` varchar(255) COLLATE utf8_unicode_ci DEFAULT NULL,
  PRIMARY KEY (`id`)
) ENGINE=InnoDB DEFAULT CHARSET=utf8 COLLATE=utf8_unicode_ci AUTO_INCREMENT=1 ;

-- --------------------------------------------------------

--
-- Table structure for table `vtiger_troubletickets`
--

CREATE TABLE IF NOT EXISTS `vtiger_troubletickets` (
  `ticketid` int(19) NOT NULL,
  `ticket_no` varchar(100) COLLATE utf8_unicode_ci NOT NULL,
  `groupname` varchar(100) COLLATE utf8_unicode_ci DEFAULT NULL,
  `parent_id` varchar(100) COLLATE utf8_unicode_ci DEFAULT NULL,
  `product_id` varchar(100) COLLATE utf8_unicode_ci DEFAULT NULL,
  `priority` varchar(200) COLLATE utf8_unicode_ci DEFAULT NULL,
  `severity` varchar(200) COLLATE utf8_unicode_ci DEFAULT NULL,
  `status` varchar(200) COLLATE utf8_unicode_ci DEFAULT NULL,
  `category` varchar(200) COLLATE utf8_unicode_ci DEFAULT NULL,
  `title` varchar(255) COLLATE utf8_unicode_ci NOT NULL,
  `solution` text COLLATE utf8_unicode_ci,
  `update_log` text COLLATE utf8_unicode_ci,
  `version_id` int(11) DEFAULT NULL,
  `hours` decimal(25,8) DEFAULT NULL,
  `days` decimal(25,8) DEFAULT NULL,
  `contact_id` int(19) DEFAULT NULL,
  PRIMARY KEY (`ticketid`),
  KEY `troubletickets_ticketid_idx` (`ticketid`),
  KEY `troubletickets_status_idx` (`status`)
) ENGINE=InnoDB DEFAULT CHARSET=utf8 COLLATE=utf8_unicode_ci;

-- --------------------------------------------------------

--
-- Table structure for table `vtiger_usageunit`
--

CREATE TABLE IF NOT EXISTS `vtiger_usageunit` (
  `usageunitid` int(19) NOT NULL AUTO_INCREMENT,
  `usageunit` varchar(200) COLLATE utf8_unicode_ci NOT NULL,
  `presence` int(1) NOT NULL DEFAULT '1',
  `picklist_valueid` int(19) NOT NULL DEFAULT '0',
  `sortorderid` int(11) DEFAULT NULL,
  PRIMARY KEY (`usageunitid`),
  UNIQUE KEY `usageunit_usageunit_idx` (`usageunit`)
) ENGINE=InnoDB  DEFAULT CHARSET=utf8 COLLATE=utf8_unicode_ci AUTO_INCREMENT=17 ;

--
-- Dumping data for table `vtiger_usageunit`
--

INSERT INTO `vtiger_usageunit` (`usageunitid`, `usageunit`, `presence`, `picklist_valueid`, `sortorderid`) VALUES
(1, 'Box', 1, 194, 0),
(2, 'Carton', 1, 195, 1),
(3, 'Dozen', 1, 196, 2),
(4, 'Each', 1, 197, 3),
(5, 'Hours', 1, 198, 4),
(6, 'Impressions', 1, 199, 5),
(7, 'Lb', 1, 200, 6),
(8, 'M', 1, 201, 7),
(9, 'Pack', 1, 202, 8),
(10, 'Pages', 1, 203, 9),
(11, 'Pieces', 1, 204, 10),
(12, 'Quantity', 1, 205, 11),
(13, 'Reams', 1, 206, 12),
(14, 'Sheet', 1, 207, 13),
(15, 'Spiral Binder', 1, 208, 14),
(16, 'Sq Ft', 1, 209, 15);

-- --------------------------------------------------------

--
-- Table structure for table `vtiger_usageunit_seq`
--

CREATE TABLE IF NOT EXISTS `vtiger_usageunit_seq` (
  `id` int(11) NOT NULL
) ENGINE=InnoDB DEFAULT CHARSET=utf8 COLLATE=utf8_unicode_ci;

--
-- Dumping data for table `vtiger_usageunit_seq`
--

INSERT INTO `vtiger_usageunit_seq` (`id`) VALUES
(16);

-- --------------------------------------------------------

--
-- Table structure for table `vtiger_user2mergefields`
--

CREATE TABLE IF NOT EXISTS `vtiger_user2mergefields` (
  `userid` int(11) DEFAULT NULL,
  `tabid` int(19) DEFAULT NULL,
  `fieldid` int(19) DEFAULT NULL,
  `visible` int(2) DEFAULT NULL,
  KEY `userid_tabid_idx` (`userid`,`tabid`)
) ENGINE=InnoDB DEFAULT CHARSET=utf8 COLLATE=utf8_unicode_ci;

-- --------------------------------------------------------

--
-- Table structure for table `vtiger_user2role`
--

CREATE TABLE IF NOT EXISTS `vtiger_user2role` (
  `userid` int(11) NOT NULL,
  `roleid` varchar(255) COLLATE utf8_unicode_ci NOT NULL,
  PRIMARY KEY (`userid`),
  KEY `user2role_roleid_idx` (`roleid`)
) ENGINE=InnoDB DEFAULT CHARSET=utf8 COLLATE=utf8_unicode_ci;

-- --------------------------------------------------------

--
-- Table structure for table `vtiger_users`
--

CREATE TABLE IF NOT EXISTS `vtiger_users` (
  `id` int(11) NOT NULL AUTO_INCREMENT,
  `user_name` varchar(255) COLLATE utf8_unicode_ci DEFAULT NULL,
  `user_password` varchar(200) COLLATE utf8_unicode_ci DEFAULT NULL,
  `user_hash` varchar(32) COLLATE utf8_unicode_ci DEFAULT NULL,
  `cal_color` varchar(25) COLLATE utf8_unicode_ci DEFAULT '#E6FAD8',
  `first_name` varchar(30) COLLATE utf8_unicode_ci DEFAULT NULL,
  `last_name` varchar(30) COLLATE utf8_unicode_ci DEFAULT NULL,
  `reports_to_id` varchar(36) COLLATE utf8_unicode_ci DEFAULT NULL,
  `is_admin` varchar(3) COLLATE utf8_unicode_ci DEFAULT '0',
  `currency_id` int(19) NOT NULL DEFAULT '1',
  `description` text COLLATE utf8_unicode_ci,
  `date_entered` timestamp NOT NULL DEFAULT CURRENT_TIMESTAMP ON UPDATE CURRENT_TIMESTAMP,
  `date_modified` datetime DEFAULT NULL,
  `modified_user_id` varchar(36) COLLATE utf8_unicode_ci DEFAULT NULL,
  `title` varchar(50) COLLATE utf8_unicode_ci DEFAULT NULL,
  `department` varchar(50) COLLATE utf8_unicode_ci DEFAULT NULL,
  `phone_home` varchar(50) COLLATE utf8_unicode_ci DEFAULT NULL,
  `phone_mobile` varchar(50) COLLATE utf8_unicode_ci DEFAULT NULL,
  `phone_work` varchar(50) COLLATE utf8_unicode_ci DEFAULT NULL,
  `phone_other` varchar(50) COLLATE utf8_unicode_ci DEFAULT NULL,
  `phone_fax` varchar(50) COLLATE utf8_unicode_ci DEFAULT NULL,
  `email1` varchar(100) COLLATE utf8_unicode_ci DEFAULT NULL,
  `email2` varchar(100) COLLATE utf8_unicode_ci DEFAULT NULL,
  `secondaryemail` varchar(100) COLLATE utf8_unicode_ci DEFAULT NULL,
  `status` varchar(25) COLLATE utf8_unicode_ci DEFAULT NULL,
  `signature` text COLLATE utf8_unicode_ci,
  `address_street` varchar(150) COLLATE utf8_unicode_ci DEFAULT NULL,
  `address_city` varchar(100) COLLATE utf8_unicode_ci DEFAULT NULL,
  `address_state` varchar(100) COLLATE utf8_unicode_ci DEFAULT NULL,
  `address_country` varchar(25) COLLATE utf8_unicode_ci DEFAULT NULL,
  `address_postalcode` varchar(9) COLLATE utf8_unicode_ci DEFAULT NULL,
  `user_preferences` text COLLATE utf8_unicode_ci,
  `tz` varchar(30) COLLATE utf8_unicode_ci DEFAULT NULL,
  `holidays` varchar(60) COLLATE utf8_unicode_ci DEFAULT NULL,
  `namedays` varchar(60) COLLATE utf8_unicode_ci DEFAULT NULL,
  `workdays` varchar(30) COLLATE utf8_unicode_ci DEFAULT NULL,
  `weekstart` int(11) DEFAULT NULL,
  `date_format` varchar(200) COLLATE utf8_unicode_ci DEFAULT NULL,
  `hour_format` varchar(30) COLLATE utf8_unicode_ci DEFAULT 'am/pm',
  `start_hour` varchar(30) COLLATE utf8_unicode_ci DEFAULT '10:00',
  `end_hour` varchar(30) COLLATE utf8_unicode_ci DEFAULT '23:00',
  `activity_view` varchar(200) COLLATE utf8_unicode_ci DEFAULT 'Today',
  `lead_view` varchar(200) COLLATE utf8_unicode_ci DEFAULT 'Today',
  `imagename` varchar(250) COLLATE utf8_unicode_ci DEFAULT NULL,
  `deleted` int(1) NOT NULL DEFAULT '0',
  `confirm_password` varchar(300) COLLATE utf8_unicode_ci DEFAULT NULL,
  `internal_mailer` varchar(3) COLLATE utf8_unicode_ci NOT NULL DEFAULT '1',
  `reminder_interval` varchar(100) COLLATE utf8_unicode_ci DEFAULT NULL,
  `reminder_next_time` varchar(100) COLLATE utf8_unicode_ci DEFAULT NULL,
  `crypt_type` varchar(20) COLLATE utf8_unicode_ci NOT NULL DEFAULT 'MD5',
  `accesskey` varchar(36) COLLATE utf8_unicode_ci DEFAULT NULL,
  `theme` varchar(100) COLLATE utf8_unicode_ci DEFAULT NULL,
  `language` varchar(36) COLLATE utf8_unicode_ci DEFAULT NULL,
  `time_zone` varchar(200) COLLATE utf8_unicode_ci DEFAULT NULL,
  `currency_grouping_pattern` varchar(100) COLLATE utf8_unicode_ci DEFAULT NULL,
  `currency_decimal_separator` varchar(2) COLLATE utf8_unicode_ci DEFAULT NULL,
  `currency_grouping_separator` varchar(2) COLLATE utf8_unicode_ci DEFAULT NULL,
  `currency_symbol_placement` varchar(20) COLLATE utf8_unicode_ci DEFAULT NULL,
  `no_of_currency_decimals` varchar(2) COLLATE utf8_unicode_ci DEFAULT NULL,
  `truncate_trailing_zeros` varchar(3) COLLATE utf8_unicode_ci DEFAULT NULL,
  `dayoftheweek` varchar(100) COLLATE utf8_unicode_ci DEFAULT NULL,
  `callduration` varchar(100) COLLATE utf8_unicode_ci DEFAULT NULL,
  `othereventduration` varchar(100) COLLATE utf8_unicode_ci DEFAULT NULL,
  `calendarsharedtype` varchar(100) COLLATE utf8_unicode_ci DEFAULT NULL,
  `default_record_view` varchar(10) COLLATE utf8_unicode_ci DEFAULT NULL,
  `leftpanelhide` varchar(3) COLLATE utf8_unicode_ci DEFAULT NULL,
  `rowheight` varchar(10) COLLATE utf8_unicode_ci DEFAULT NULL,
  `defaulteventstatus` varchar(50) COLLATE utf8_unicode_ci DEFAULT NULL,
  `defaultactivitytype` varchar(50) COLLATE utf8_unicode_ci DEFAULT NULL,
  `hidecompletedevents` int(11) DEFAULT NULL,
  `is_owner` varchar(5) COLLATE utf8_unicode_ci DEFAULT NULL,
  PRIMARY KEY (`id`),
  KEY `user_user_name_idx` (`user_name`),
  KEY `user_user_password_idx` (`user_password`)
) ENGINE=InnoDB  DEFAULT CHARSET=utf8 COLLATE=utf8_unicode_ci AUTO_INCREMENT=4 ;

-- --------------------------------------------------------

--
-- Table structure for table `vtiger_users2group`
--

CREATE TABLE IF NOT EXISTS `vtiger_users2group` (
  `groupid` int(19) NOT NULL,
  `userid` int(19) NOT NULL,
  PRIMARY KEY (`groupid`,`userid`),
  KEY `userid` (`userid`)
) ENGINE=InnoDB DEFAULT CHARSET=utf8 COLLATE=utf8_unicode_ci;

-- --------------------------------------------------------

--
-- Table structure for table `vtiger_users_last_import`
--

CREATE TABLE IF NOT EXISTS `vtiger_users_last_import` (
  `id` int(36) NOT NULL AUTO_INCREMENT,
  `assigned_user_id` varchar(36) COLLATE utf8_unicode_ci DEFAULT NULL,
  `bean_type` varchar(36) COLLATE utf8_unicode_ci DEFAULT NULL,
  `bean_id` varchar(36) COLLATE utf8_unicode_ci DEFAULT NULL,
  `deleted` int(1) NOT NULL DEFAULT '0',
  PRIMARY KEY (`id`),
  KEY `idx_user_id` (`assigned_user_id`)
) ENGINE=InnoDB DEFAULT CHARSET=utf8 COLLATE=utf8_unicode_ci AUTO_INCREMENT=1 ;

-- --------------------------------------------------------

--
-- Table structure for table `vtiger_users_seq`
--

CREATE TABLE IF NOT EXISTS `vtiger_users_seq` (
  `id` int(11) NOT NULL
) ENGINE=InnoDB DEFAULT CHARSET=utf8 COLLATE=utf8_unicode_ci;

--
-- Dumping data for table `vtiger_users_seq`
--

INSERT INTO `vtiger_users_seq` (`id`) VALUES
(3);

-- --------------------------------------------------------

--
-- Table structure for table `vtiger_user_module_preferences`
--

CREATE TABLE IF NOT EXISTS `vtiger_user_module_preferences` (
  `userid` int(19) NOT NULL,
  `tabid` int(19) NOT NULL,
  `default_cvid` int(19) NOT NULL,
  PRIMARY KEY (`userid`,`tabid`),
  KEY `tabid` (`tabid`)
) ENGINE=InnoDB DEFAULT CHARSET=utf8 COLLATE=utf8_unicode_ci;

-- --------------------------------------------------------

--
-- Table structure for table `vtiger_vendor`
--

CREATE TABLE IF NOT EXISTS `vtiger_vendor` (
  `vendorid` int(19) NOT NULL DEFAULT '0',
  `vendor_no` varchar(100) COLLATE utf8_unicode_ci NOT NULL,
  `vendorname` varchar(100) COLLATE utf8_unicode_ci DEFAULT NULL,
  `phone` varchar(100) COLLATE utf8_unicode_ci DEFAULT NULL,
  `email` varchar(100) COLLATE utf8_unicode_ci DEFAULT NULL,
  `website` varchar(100) COLLATE utf8_unicode_ci DEFAULT NULL,
  `glacct` varchar(200) COLLATE utf8_unicode_ci DEFAULT NULL,
  `category` varchar(50) COLLATE utf8_unicode_ci DEFAULT NULL,
  `street` text COLLATE utf8_unicode_ci,
  `city` varchar(30) COLLATE utf8_unicode_ci DEFAULT NULL,
  `state` varchar(30) COLLATE utf8_unicode_ci DEFAULT NULL,
  `pobox` varchar(30) COLLATE utf8_unicode_ci DEFAULT NULL,
  `postalcode` varchar(100) COLLATE utf8_unicode_ci DEFAULT NULL,
  `country` varchar(100) COLLATE utf8_unicode_ci DEFAULT NULL,
  `description` text COLLATE utf8_unicode_ci,
  PRIMARY KEY (`vendorid`)
) ENGINE=InnoDB DEFAULT CHARSET=utf8 COLLATE=utf8_unicode_ci;

-- --------------------------------------------------------

--
-- Table structure for table `vtiger_vendorcf`
--

CREATE TABLE IF NOT EXISTS `vtiger_vendorcf` (
  `vendorid` int(19) NOT NULL DEFAULT '0',
  PRIMARY KEY (`vendorid`)
) ENGINE=InnoDB DEFAULT CHARSET=utf8 COLLATE=utf8_unicode_ci;

-- --------------------------------------------------------

--
-- Table structure for table `vtiger_vendorcontactrel`
--

CREATE TABLE IF NOT EXISTS `vtiger_vendorcontactrel` (
  `vendorid` int(19) NOT NULL DEFAULT '0',
  `contactid` int(19) NOT NULL DEFAULT '0',
  PRIMARY KEY (`vendorid`,`contactid`),
  KEY `vendorcontactrel_vendorid_idx` (`vendorid`),
  KEY `vendorcontactrel_contact_idx` (`contactid`)
) ENGINE=InnoDB DEFAULT CHARSET=utf8 COLLATE=utf8_unicode_ci;

-- --------------------------------------------------------

--
-- Table structure for table `vtiger_version`
--

CREATE TABLE IF NOT EXISTS `vtiger_version` (
  `id` int(11) NOT NULL AUTO_INCREMENT,
  `old_version` varchar(30) COLLATE utf8_unicode_ci DEFAULT NULL,
  `current_version` varchar(30) COLLATE utf8_unicode_ci DEFAULT NULL,
  `tag_version` varchar(30) COLLATE utf8_unicode_ci DEFAULT '0',
  PRIMARY KEY (`id`)
) ENGINE=InnoDB  DEFAULT CHARSET=utf8 COLLATE=utf8_unicode_ci AUTO_INCREMENT=2 ;

--
-- Dumping data for table `vtiger_version`
--

INSERT INTO `vtiger_version` (`id`, `old_version`, `current_version`, `tag_version`) VALUES
(1, '6.5.0', '6.5.0', '');

-- --------------------------------------------------------

--
-- Table structure for table `vtiger_version_seq`
--

CREATE TABLE IF NOT EXISTS `vtiger_version_seq` (
  `id` int(11) NOT NULL
) ENGINE=InnoDB DEFAULT CHARSET=utf8 COLLATE=utf8_unicode_ci;

--
-- Dumping data for table `vtiger_version_seq`
--

INSERT INTO `vtiger_version_seq` (`id`) VALUES
(1);

-- --------------------------------------------------------

--
-- Table structure for table `vtiger_visibility`
--

CREATE TABLE IF NOT EXISTS `vtiger_visibility` (
  `visibilityid` int(19) NOT NULL AUTO_INCREMENT,
  `visibility` varchar(200) COLLATE utf8_unicode_ci NOT NULL,
  `sortorderid` int(19) NOT NULL DEFAULT '0',
  `presence` int(1) NOT NULL DEFAULT '1',
  PRIMARY KEY (`visibilityid`),
  UNIQUE KEY `visibility_visibility_idx` (`visibility`)
) ENGINE=InnoDB  DEFAULT CHARSET=utf8 COLLATE=utf8_unicode_ci AUTO_INCREMENT=3 ;

--
-- Dumping data for table `vtiger_visibility`
--

INSERT INTO `vtiger_visibility` (`visibilityid`, `visibility`, `sortorderid`, `presence`) VALUES
(1, 'Private', 0, 1),
(2, 'Public', 1, 1);

-- --------------------------------------------------------

--
-- Table structure for table `vtiger_visibility_seq`
--

CREATE TABLE IF NOT EXISTS `vtiger_visibility_seq` (
  `id` int(11) NOT NULL
) ENGINE=InnoDB DEFAULT CHARSET=utf8 COLLATE=utf8_unicode_ci;

--
-- Dumping data for table `vtiger_visibility_seq`
--

INSERT INTO `vtiger_visibility_seq` (`id`) VALUES
(2);

-- --------------------------------------------------------

--
-- Table structure for table `vtiger_wordtemplates`
--

CREATE TABLE IF NOT EXISTS `vtiger_wordtemplates` (
  `templateid` int(19) NOT NULL,
  `filename` varchar(100) COLLATE utf8_unicode_ci NOT NULL,
  `module` varchar(30) COLLATE utf8_unicode_ci NOT NULL,
  `date_entered` timestamp NOT NULL DEFAULT CURRENT_TIMESTAMP ON UPDATE CURRENT_TIMESTAMP,
  `parent_type` varchar(50) COLLATE utf8_unicode_ci NOT NULL,
  `data` longblob,
  `description` text COLLATE utf8_unicode_ci,
  `filesize` varchar(50) COLLATE utf8_unicode_ci NOT NULL,
  `filetype` varchar(20) COLLATE utf8_unicode_ci NOT NULL,
  `deleted` int(1) NOT NULL DEFAULT '0',
  PRIMARY KEY (`templateid`)
) ENGINE=InnoDB DEFAULT CHARSET=utf8 COLLATE=utf8_unicode_ci;

-- --------------------------------------------------------

--
-- Table structure for table `vtiger_ws_entity`
--

CREATE TABLE IF NOT EXISTS `vtiger_ws_entity` (
  `id` int(11) NOT NULL AUTO_INCREMENT,
  `name` varchar(25) COLLATE utf8_unicode_ci NOT NULL,
  `handler_path` varchar(255) COLLATE utf8_unicode_ci NOT NULL,
  `handler_class` varchar(64) COLLATE utf8_unicode_ci NOT NULL,
  `ismodule` int(3) NOT NULL,
  PRIMARY KEY (`id`)
) ENGINE=InnoDB  DEFAULT CHARSET=utf8 COLLATE=utf8_unicode_ci AUTO_INCREMENT=27 ;

--
-- Dumping data for table `vtiger_ws_entity`
--

INSERT INTO `vtiger_ws_entity` (`id`, `name`, `handler_path`, `handler_class`, `ismodule`) VALUES
(1, 'Campaigns', 'include/Webservices/VtigerModuleOperation.php', 'VtigerModuleOperation', 1),
(2, 'Vendors', 'include/Webservices/VtigerModuleOperation.php', 'VtigerModuleOperation', 1),
(3, 'Faq', 'include/Webservices/VtigerModuleOperation.php', 'VtigerModuleOperation', 1),
(4, 'Quotes', 'include/Webservices/LineItem/VtigerInventoryOperation.php', 'VtigerInventoryOperation', 1),
(5, 'PurchaseOrder', 'include/Webservices/LineItem/VtigerInventoryOperation.php', 'VtigerInventoryOperation', 1),
(6, 'SalesOrder', 'include/Webservices/LineItem/VtigerInventoryOperation.php', 'VtigerInventoryOperation', 1),
(7, 'Invoice', 'include/Webservices/LineItem/VtigerInventoryOperation.php', 'VtigerInventoryOperation', 1),
(8, 'PriceBooks', 'include/Webservices/VtigerModuleOperation.php', 'VtigerModuleOperation', 1),
(9, 'Calendar', 'include/Webservices/VtigerModuleOperation.php', 'VtigerModuleOperation', 1),
(10, 'Leads', 'include/Webservices/VtigerModuleOperation.php', 'VtigerModuleOperation', 1),
(11, 'Accounts', 'include/Webservices/VtigerModuleOperation.php', 'VtigerModuleOperation', 1),
(12, 'Contacts', 'include/Webservices/VtigerModuleOperation.php', 'VtigerModuleOperation', 1),
(13, 'Potentials', 'include/Webservices/VtigerModuleOperation.php', 'VtigerModuleOperation', 1),
(14, 'Products', 'include/Webservices/VtigerModuleOperation.php', 'VtigerModuleOperation', 1),
(15, 'Documents', 'include/Webservices/VtigerModuleOperation.php', 'VtigerModuleOperation', 1),
(16, 'Emails', 'include/Webservices/VtigerModuleOperation.php', 'VtigerModuleOperation', 1),
(17, 'HelpDesk', 'include/Webservices/VtigerModuleOperation.php', 'VtigerModuleOperation', 1),
(18, 'Events', 'include/Webservices/VtigerModuleOperation.php', 'VtigerModuleOperation', 1),
(19, 'Users', 'include/Webservices/VtigerModuleOperation.php', 'VtigerModuleOperation', 1),
(20, 'Groups', 'include/Webservices/VtigerActorOperation.php', 'VtigerActorOperation', 0),
(21, 'Currency', 'include/Webservices/VtigerActorOperation.php', 'VtigerActorOperation', 0),
(22, 'DocumentFolders', 'include/Webservices/VtigerActorOperation.php', 'VtigerActorOperation', 0),
(23, 'CompanyDetails', 'include/Webservices/VtigerCompanyDetails.php', 'VtigerCompanyDetails', 0),
(24, 'LineItem', 'include/Webservices/LineItem/VtigerLineItemOperation.php', 'VtigerLineItemOperation', 0),
(25, 'Tax', 'include/Webservices/LineItem/VtigerTaxOperation.php', 'VtigerTaxOperation', 0),
(26, 'ProductTaxes', 'include/Webservices/LineItem/VtigerProductTaxesOperation.php', 'VtigerProductTaxesOperation', 0);

-- --------------------------------------------------------

--
-- Table structure for table `vtiger_ws_entity_fieldtype`
--

CREATE TABLE IF NOT EXISTS `vtiger_ws_entity_fieldtype` (
  `fieldtypeid` int(19) NOT NULL AUTO_INCREMENT,
  `table_name` varchar(50) COLLATE utf8_unicode_ci NOT NULL,
  `field_name` varchar(50) COLLATE utf8_unicode_ci NOT NULL,
  `fieldtype` varchar(200) COLLATE utf8_unicode_ci NOT NULL,
  PRIMARY KEY (`fieldtypeid`),
  UNIQUE KEY `vtiger_idx_1_tablename_fieldname` (`table_name`,`field_name`)
) ENGINE=InnoDB  DEFAULT CHARSET=utf8 COLLATE=utf8_unicode_ci AUTO_INCREMENT=11 ;

--
-- Dumping data for table `vtiger_ws_entity_fieldtype`
--

INSERT INTO `vtiger_ws_entity_fieldtype` (`fieldtypeid`, `table_name`, `field_name`, `fieldtype`) VALUES
(1, 'vtiger_attachmentsfolder', 'createdby', 'reference'),
(2, 'vtiger_organizationdetails', 'logoname', 'file'),
(3, 'vtiger_organizationdetails', 'phone', 'phone'),
(4, 'vtiger_organizationdetails', 'fax', 'phone'),
(5, 'vtiger_organizationdetails', 'website', 'url'),
(6, 'vtiger_inventoryproductrel', 'productid', 'reference'),
(7, 'vtiger_inventoryproductrel', 'id', 'reference'),
(8, 'vtiger_inventoryproductrel', 'incrementondel', 'autogenerated'),
(9, 'vtiger_producttaxrel', 'productid', 'reference'),
(10, 'vtiger_producttaxrel', 'taxid', 'reference');

-- --------------------------------------------------------

--
-- Table structure for table `vtiger_ws_entity_fieldtype_seq`
--

CREATE TABLE IF NOT EXISTS `vtiger_ws_entity_fieldtype_seq` (
  `id` int(11) NOT NULL
) ENGINE=InnoDB DEFAULT CHARSET=utf8 COLLATE=utf8_unicode_ci;

--
-- Dumping data for table `vtiger_ws_entity_fieldtype_seq`
--

INSERT INTO `vtiger_ws_entity_fieldtype_seq` (`id`) VALUES
(10);

-- --------------------------------------------------------

--
-- Table structure for table `vtiger_ws_entity_name`
--

CREATE TABLE IF NOT EXISTS `vtiger_ws_entity_name` (
  `entity_id` int(11) NOT NULL,
  `name_fields` varchar(50) COLLATE utf8_unicode_ci NOT NULL,
  `index_field` varchar(50) COLLATE utf8_unicode_ci NOT NULL,
  `table_name` varchar(50) COLLATE utf8_unicode_ci NOT NULL,
  PRIMARY KEY (`entity_id`)
) ENGINE=InnoDB DEFAULT CHARSET=utf8 COLLATE=utf8_unicode_ci;

--
-- Dumping data for table `vtiger_ws_entity_name`
--

INSERT INTO `vtiger_ws_entity_name` (`entity_id`, `name_fields`, `index_field`, `table_name`) VALUES
(20, 'groupname', 'groupid', 'vtiger_groups'),
(21, 'currency_name', 'id', 'vtiger_currency_info'),
(22, 'foldername', 'folderid', 'vtiger_attachmentsfolder'),
(23, 'organizationname', 'groupid', 'vtiger_organizationdetails'),
(25, 'taxlabel', 'taxid', 'vtiger_inventorytaxinfo');

-- --------------------------------------------------------

--
-- Table structure for table `vtiger_ws_entity_referencetype`
--

CREATE TABLE IF NOT EXISTS `vtiger_ws_entity_referencetype` (
  `fieldtypeid` int(19) NOT NULL,
  `type` varchar(25) COLLATE utf8_unicode_ci NOT NULL,
  PRIMARY KEY (`fieldtypeid`,`type`)
) ENGINE=InnoDB DEFAULT CHARSET=utf8 COLLATE=utf8_unicode_ci;

--
-- Dumping data for table `vtiger_ws_entity_referencetype`
--

INSERT INTO `vtiger_ws_entity_referencetype` (`fieldtypeid`, `type`) VALUES
(5, 'Users'),
(6, 'Products'),
(7, 'Invoice'),
(7, 'PurchaseOrder'),
(7, 'Quotes'),
(7, 'SalesOrder'),
(9, 'Products'),
(10, 'Tax');

-- --------------------------------------------------------

--
-- Table structure for table `vtiger_ws_entity_seq`
--

CREATE TABLE IF NOT EXISTS `vtiger_ws_entity_seq` (
  `id` int(11) NOT NULL
) ENGINE=InnoDB DEFAULT CHARSET=utf8 COLLATE=utf8_unicode_ci;

--
-- Dumping data for table `vtiger_ws_entity_seq`
--

INSERT INTO `vtiger_ws_entity_seq` (`id`) VALUES
(26);

-- --------------------------------------------------------

--
-- Table structure for table `vtiger_ws_entity_tables`
--

CREATE TABLE IF NOT EXISTS `vtiger_ws_entity_tables` (
  `webservice_entity_id` int(11) NOT NULL,
  `table_name` varchar(50) COLLATE utf8_unicode_ci NOT NULL,
  PRIMARY KEY (`webservice_entity_id`,`table_name`)
) ENGINE=InnoDB DEFAULT CHARSET=utf8 COLLATE=utf8_unicode_ci;

--
-- Dumping data for table `vtiger_ws_entity_tables`
--

INSERT INTO `vtiger_ws_entity_tables` (`webservice_entity_id`, `table_name`) VALUES
(20, 'vtiger_groups'),
(21, 'vtiger_currency_info'),
(22, 'vtiger_attachmentsfolder'),
(23, 'vtiger_organizationdetails'),
(24, 'vtiger_inventoryproductrel'),
(25, 'vtiger_inventorytaxinfo'),
(26, 'vtiger_producttaxrel');

-- --------------------------------------------------------

--
-- Table structure for table `vtiger_ws_fieldinfo`
--

CREATE TABLE IF NOT EXISTS `vtiger_ws_fieldinfo` (
  `id` varchar(64) COLLATE utf8_unicode_ci NOT NULL,
  `property_name` varchar(32) COLLATE utf8_unicode_ci DEFAULT NULL,
  `property_value` varchar(64) COLLATE utf8_unicode_ci DEFAULT NULL,
  PRIMARY KEY (`id`)
) ENGINE=InnoDB DEFAULT CHARSET=utf8 COLLATE=utf8_unicode_ci;

--
-- Dumping data for table `vtiger_ws_fieldinfo`
--

INSERT INTO `vtiger_ws_fieldinfo` (`id`, `property_name`, `property_value`) VALUES
('vtiger_organizationdetails.organization_id', 'upload.path', '1');

-- --------------------------------------------------------

--
-- Table structure for table `vtiger_ws_fieldtype`
--

CREATE TABLE IF NOT EXISTS `vtiger_ws_fieldtype` (
  `fieldtypeid` int(19) NOT NULL AUTO_INCREMENT,
  `uitype` varchar(30) COLLATE utf8_unicode_ci NOT NULL,
  `fieldtype` varchar(200) COLLATE utf8_unicode_ci NOT NULL,
  PRIMARY KEY (`fieldtypeid`),
  UNIQUE KEY `uitype_idx` (`uitype`)
) ENGINE=InnoDB  DEFAULT CHARSET=utf8 COLLATE=utf8_unicode_ci AUTO_INCREMENT=40 ;

--
-- Dumping data for table `vtiger_ws_fieldtype`
--

INSERT INTO `vtiger_ws_fieldtype` (`fieldtypeid`, `uitype`, `fieldtype`) VALUES
(1, '15', 'picklist'),
(2, '16', 'picklist'),
(3, '19', 'text'),
(4, '20', 'text'),
(5, '21', 'text'),
(6, '24', 'text'),
(7, '3', 'autogenerated'),
(8, '11', 'phone'),
(9, '33', 'multipicklist'),
(10, '17', 'url'),
(11, '85', 'skype'),
(12, '56', 'boolean'),
(13, '156', 'boolean'),
(14, '53', 'owner'),
(15, '61', 'file'),
(16, '28', 'file'),
(17, '13', 'email'),
(18, '71', 'currency'),
(19, '72', 'currency'),
(20, '50', 'reference'),
(21, '51', 'reference'),
(22, '57', 'reference'),
(23, '58', 'reference'),
(24, '73', 'reference'),
(25, '75', 'reference'),
(26, '76', 'reference'),
(27, '78', 'reference'),
(28, '80', 'reference'),
(29, '81', 'reference'),
(30, '101', 'reference'),
(31, '52', 'reference'),
(32, '357', 'reference'),
(33, '59', 'reference'),
(34, '66', 'reference'),
(35, '77', 'reference'),
(36, '68', 'reference'),
(37, '117', 'reference'),
(38, '26', 'reference'),
(39, '10', 'reference'),
(40, 'cr16', 'autocompletedtext'),
(41, 'crs16', 'autocompletedsingleuse');

-- --------------------------------------------------------

--
-- Table structure for table `vtiger_ws_operation`
--

CREATE TABLE IF NOT EXISTS `vtiger_ws_operation` (
  `operationid` int(11) NOT NULL AUTO_INCREMENT,
  `name` varchar(128) COLLATE utf8_unicode_ci NOT NULL,
  `handler_path` varchar(255) COLLATE utf8_unicode_ci NOT NULL,
  `handler_method` varchar(64) COLLATE utf8_unicode_ci NOT NULL,
  `type` varchar(8) COLLATE utf8_unicode_ci NOT NULL,
  `prelogin` int(3) NOT NULL,
  PRIMARY KEY (`operationid`)
) ENGINE=InnoDB  DEFAULT CHARSET=utf8 COLLATE=utf8_unicode_ci AUTO_INCREMENT=20 ;

--
-- Dumping data for table `vtiger_ws_operation`
--

INSERT INTO `vtiger_ws_operation` (`operationid`, `name`, `handler_path`, `handler_method`, `type`, `prelogin`) VALUES
(1, 'login', 'include/Webservices/Login.php', 'vtws_login', 'POST', 1),
(2, 'retrieve', 'include/Webservices/Retrieve.php', 'vtws_retrieve', 'GET', 0),
(3, 'create', 'include/Webservices/Create.php', 'vtws_create', 'POST', 0),
(4, 'update', 'include/Webservices/Update.php', 'vtws_update', 'POST', 0),
(5, 'delete', 'include/Webservices/Delete.php', 'vtws_delete', 'POST', 0),
(6, 'sync', 'include/Webservices/GetUpdates.php', 'vtws_sync', 'GET', 0),
(7, 'query', 'include/Webservices/Query.php', 'vtws_query', 'GET', 0),
(8, 'logout', 'include/Webservices/Logout.php', 'vtws_logout', 'POST', 0),
(9, 'listtypes', 'include/Webservices/ModuleTypes.php', 'vtws_listtypes', 'GET', 0),
(10, 'getchallenge', 'include/Webservices/AuthToken.php', 'vtws_getchallenge', 'GET', 1),
(11, 'describe', 'include/Webservices/DescribeObject.php', 'vtws_describe', 'GET', 0),
(12, 'extendsession', 'include/Webservices/ExtendSession.php', 'vtws_extendSession', 'POST', 1),
(13, 'convertlead', 'include/Webservices/ConvertLead.php', 'vtws_convertlead', 'POST', 0),
(14, 'revise', 'include/Webservices/Revise.php', 'vtws_revise', 'POST', 0),
(15, 'changePassword', 'include/Webservices/Custom/ChangePassword.php', 'vtws_changePassword', 'POST', 0),
(16, 'deleteUser', 'include/Webservices/DeleteUser.php', 'vtws_deleteUser', 'POST', 0),
(17, 'retrievedocattachment', 'include/Webservices/RetrieveDocAttachment.php', 'berli_retrievedocattachment', 'GET', 0),
(18, 'retrieve_inventory', 'include/Webservices/LineItem/RetrieveInventory.php', 'vtws_retrieve_inventory', 'GET', 0),
(19, 'update_product_relations', 'include/Webservices/Custom/ProductRelation.php', 'vtws_update_product_relations', 'POST', 0),
(20, 'get_multi_relations', 'include/Webservices/Custom/getMultiRelations.php', 'berli_get_multi_relations', 'GET', 0);

-- --------------------------------------------------------

--
-- Table structure for table `vtiger_ws_operation_parameters`
--

CREATE TABLE IF NOT EXISTS `vtiger_ws_operation_parameters` (
  `operationid` int(11) NOT NULL AUTO_INCREMENT,
  `name` varchar(128) COLLATE utf8_unicode_ci NOT NULL,
  `type` varchar(64) COLLATE utf8_unicode_ci NOT NULL,
  `sequence` int(11) NOT NULL,
  PRIMARY KEY (`operationid`,`name`)
) ENGINE=InnoDB  DEFAULT CHARSET=utf8 COLLATE=utf8_unicode_ci AUTO_INCREMENT=20 ;

--
-- Dumping data for table `vtiger_ws_operation_parameters`
--

INSERT INTO `vtiger_ws_operation_parameters` (`operationid`, `name`, `type`, `sequence`) VALUES
(1, 'accessKey', 'String', 2),
(1, 'username', 'String', 1),
(2, 'id', 'String', 1),
(3, 'element', 'encoded', 2),
(3, 'elementType', 'String', 1),
(4, 'element', 'encoded', 1),
(5, 'id', 'String', 1),
(6, 'elementType', 'String', 2),
(6, 'modifiedTime', 'DateTime', 1),
(7, 'query', 'String', 1),
(8, 'sessionName', 'String', 1),
(9, 'fieldTypeList', 'encoded', 1),
(10, 'username', 'String', 1),
(11, 'elementType', 'String', 1),
(13, 'element', 'encoded', 1),
(14, 'element', 'Encoded', 1),
(15, 'confirmPassword', 'String', 4),
(15, 'id', 'String', 1),
(15, 'newPassword', 'String', 3),
(15, 'oldPassword', 'String', 2),
(16, 'id', 'String', 1),
(16, 'newOwnerId', 'String', 2),
(17, 'id', 'string', 1),
(17, 'returnfile', 'string', 2),
(18, 'id', 'String', 1),
(19, 'productid', 'String', 1),
(19, 'relids', 'String', 2),
(19, 'preserve', 'String', 3),
(20, 'id', 'String', 1);

-- --------------------------------------------------------

--
-- Table structure for table `vtiger_ws_operation_seq`
--

CREATE TABLE IF NOT EXISTS `vtiger_ws_operation_seq` (
  `id` int(11) NOT NULL
) ENGINE=InnoDB DEFAULT CHARSET=utf8 COLLATE=utf8_unicode_ci;

--
-- Dumping data for table `vtiger_ws_operation_seq`
--

INSERT INTO `vtiger_ws_operation_seq` (`id`) VALUES
(20);

-- --------------------------------------------------------

--
-- Table structure for table `vtiger_ws_referencetype`
--

CREATE TABLE IF NOT EXISTS `vtiger_ws_referencetype` (
  `fieldtypeid` int(19) NOT NULL,
  `type` varchar(25) COLLATE utf8_unicode_ci NOT NULL,
  PRIMARY KEY (`fieldtypeid`,`type`)
) ENGINE=InnoDB DEFAULT CHARSET=utf8 COLLATE=utf8_unicode_ci;

--
-- Dumping data for table `vtiger_ws_referencetype`
--

INSERT INTO `vtiger_ws_referencetype` (`fieldtypeid`, `type`) VALUES
(20, 'Accounts'),
(21, 'Accounts'),
(22, 'Contacts'),
(23, 'Campaigns'),
(24, 'Accounts'),
(25, 'Vendors'),
(26, 'Potentials'),
(27, 'Quotes'),
(28, 'SalesOrder'),
(29, 'Vendors'),
(30, 'Users'),
(31, 'Campaigns'),
(31, 'Users'),
(32, 'Accounts'),
(32, 'Contacts'),
(32, 'Leads'),
(32, 'Users'),
(32, 'Vendors'),
(33, 'Products'),
(34, 'Accounts'),
(34, 'Campaigns'),
(34, 'HelpDesk'),
(34, 'Leads'),
(34, 'Potentials'),
(35, 'Users'),
(36, 'Accounts'),
(36, 'Contacts'),
(37, 'Currency'),
(38, 'DocumentFolders');

-- --------------------------------------------------------

--
-- Table structure for table `vtiger_ws_userauthtoken`
--

CREATE TABLE IF NOT EXISTS `vtiger_ws_userauthtoken` (
  `userid` int(19) NOT NULL,
  `token` varchar(36) COLLATE utf8_unicode_ci NOT NULL,
  `expiretime` int(19) NOT NULL,
  PRIMARY KEY (`userid`,`expiretime`),
  UNIQUE KEY `userid_idx` (`userid`)
) ENGINE=InnoDB DEFAULT CHARSET=utf8 COLLATE=utf8_unicode_ci;

--
-- Table structure for table `berlicrm_recurringreferences`
--

CREATE TABLE IF NOT EXISTS `berlicrm_recurringreferences` (
  `id` int(11) NOT NULL AUTO_INCREMENT,
  `parentactivityid` int(11) NOT NULL,
  `activityid` int(11) NOT NULL,
  `startdate` date DEFAULT NULL,
  `enddate` date DEFAULT NULL,
  PRIMARY KEY (`id`)
) ENGINE=InnoDB DEFAULT CHARSET=utf8 COLLATE=utf8_unicode_ci;

--
-- Constraints for dumped tables
--

--
-- Constraints for table `berli_dynamic_blocks`
--
ALTER TABLE `berli_dynamic_blocks`
  ADD CONSTRAINT `berli_dynamic_blocks_ibfk_1` FOREIGN KEY (`picklistid`) REFERENCES `vtiger_picklist` (`picklistid`) ON DELETE CASCADE;

--
-- Constraints for table `vtiger_account`
--
ALTER TABLE `vtiger_account`
  ADD CONSTRAINT `vtiger_account_ibfk_1` FOREIGN KEY (`accountid`) REFERENCES `vtiger_crmentity` (`crmid`) ON DELETE CASCADE;

--
-- Constraints for table `vtiger_accountbillads`
--
ALTER TABLE `vtiger_accountbillads`
  ADD CONSTRAINT `vtiger_accountbillads_ibfk_1` FOREIGN KEY (`accountaddressid`) REFERENCES `vtiger_account` (`accountid`) ON DELETE CASCADE;

--
-- Constraints for table `vtiger_accountscf`
--
ALTER TABLE `vtiger_accountscf`
  ADD CONSTRAINT `vtiger_accountscf_ibfk_1` FOREIGN KEY (`accountid`) REFERENCES `vtiger_account` (`accountid`) ON DELETE CASCADE;

--
-- Constraints for table `vtiger_accountshipads`
--
ALTER TABLE `vtiger_accountshipads`
  ADD CONSTRAINT `vtiger_accountshipads_ibfk_1` FOREIGN KEY (`accountaddressid`) REFERENCES `vtiger_account` (`accountid`) ON DELETE CASCADE;

--
-- Constraints for table `vtiger_activity`
--
ALTER TABLE `vtiger_activity`
  ADD CONSTRAINT `vtiger_activity_ibfk_1` FOREIGN KEY (`activityid`) REFERENCES `vtiger_crmentity` (`crmid`) ON DELETE CASCADE;

--
-- Constraints for table `vtiger_activityproductrel`
--
ALTER TABLE `vtiger_activityproductrel`
  ADD CONSTRAINT `vtiger_activityproductrel_ibfk_1` FOREIGN KEY (`activityid`) REFERENCES `vtiger_activity` (`activityid`) ON DELETE CASCADE,
  ADD CONSTRAINT `vtiger_activityproductrel_ibfk_2` FOREIGN KEY (`productid`) REFERENCES `vtiger_products` (`productid`) ON DELETE CASCADE;

--
-- Constraints for table `vtiger_attachments`
--
ALTER TABLE `vtiger_attachments`
  ADD CONSTRAINT `vtiger_attachments_ibfk_1` FOREIGN KEY (`attachmentsid`) REFERENCES `vtiger_crmentity` (`crmid`) ON DELETE CASCADE;

--
-- Constraints for table `vtiger_blocks`
--
ALTER TABLE `vtiger_blocks`
  ADD CONSTRAINT `vtiger_blocks_ibfk_1` FOREIGN KEY (`tabid`) REFERENCES `vtiger_tab` (`tabid`) ON DELETE CASCADE;

--
-- Constraints for table `vtiger_campaignaccountrel`
--
ALTER TABLE `vtiger_campaignaccountrel`
  ADD CONSTRAINT `vtiger_campaignaccountrel_ibfk_1` FOREIGN KEY (`campaignid`) REFERENCES `vtiger_campaign` (`campaignid`) ON DELETE CASCADE,
  ADD CONSTRAINT `vtiger_campaignaccountrel_ibfk_2` FOREIGN KEY (`accountid`) REFERENCES `vtiger_account` (`accountid`) ON DELETE CASCADE;

--
-- Constraints for table `vtiger_campaigncontrel`
--
ALTER TABLE `vtiger_campaigncontrel`
  ADD CONSTRAINT `vtiger_campaigncontrel_ibfk_1` FOREIGN KEY (`campaignid`) REFERENCES `vtiger_campaign` (`campaignid`) ON DELETE CASCADE,
  ADD CONSTRAINT `vtiger_campaigncontrel_ibfk_2` FOREIGN KEY (`contactid`) REFERENCES `vtiger_contactdetails` (`contactid`) ON DELETE CASCADE;

--
-- Constraints for table `vtiger_campaignleadrel`
--
ALTER TABLE `vtiger_campaignleadrel`
  ADD CONSTRAINT `vtiger_campaignleadrel_ibfk_1` FOREIGN KEY (`campaignid`) REFERENCES `vtiger_campaign` (`campaignid`) ON DELETE CASCADE,
  ADD CONSTRAINT `vtiger_campaignleadrel_ibfk_2` FOREIGN KEY (`leadid`) REFERENCES `vtiger_leaddetails` (`leadid`) ON DELETE CASCADE;

--
-- Constraints for table `vtiger_campaignscf`
--
ALTER TABLE `vtiger_campaignscf`
  ADD CONSTRAINT `vtiger_campaignscf_ibfk_1` FOREIGN KEY (`campaignid`) REFERENCES `vtiger_campaign` (`campaignid`) ON DELETE CASCADE;

--
-- Constraints for table `vtiger_cntactivityrel`
--
ALTER TABLE `vtiger_cntactivityrel`
  ADD CONSTRAINT `vtiger_cntactivityrel_ibfk_1` FOREIGN KEY (`contactid`) REFERENCES `vtiger_contactdetails` (`contactid`) ON DELETE CASCADE,
  ADD CONSTRAINT `vtiger_cntactivityrel_ibfk_2` FOREIGN KEY (`activityid`) REFERENCES `vtiger_activity` (`activityid`) ON DELETE CASCADE;

--
-- Constraints for table `vtiger_contactaddress`
--
ALTER TABLE `vtiger_contactaddress`
  ADD CONSTRAINT `vtiger_contactaddress_ibfk_1` FOREIGN KEY (`contactaddressid`) REFERENCES `vtiger_contactdetails` (`contactid`) ON DELETE CASCADE;

--
-- Constraints for table `vtiger_contactdetails`
--
ALTER TABLE `vtiger_contactdetails`
  ADD CONSTRAINT `vtiger_contactdetails_ibfk_1` FOREIGN KEY (`contactid`) REFERENCES `vtiger_crmentity` (`crmid`) ON DELETE CASCADE;

--
-- Constraints for table `vtiger_contactscf`
--
ALTER TABLE `vtiger_contactscf`
  ADD CONSTRAINT `vtiger_contactscf_ibfk_1` FOREIGN KEY (`contactid`) REFERENCES `vtiger_contactdetails` (`contactid`) ON DELETE CASCADE;

--
-- Constraints for table `vtiger_contactsubdetails`
--
ALTER TABLE `vtiger_contactsubdetails`
  ADD CONSTRAINT `vtiger_contactsubdetails_ibfk_1` FOREIGN KEY (`contactsubscriptionid`) REFERENCES `vtiger_contactdetails` (`contactid`) ON DELETE CASCADE;

--
-- Constraints for table `vtiger_contpotentialrel`
--
ALTER TABLE `vtiger_crmentityrel`
  ADD CONSTRAINT `vtiger_crmentityrel_ibfk_1` FOREIGN KEY (`crmid`) REFERENCES `vtiger_crmentity` (`crmid`) ON DELETE CASCADE,
  ADD CONSTRAINT `vtiger_crmentityrel_ibfk_2` FOREIGN KEY (`relcrmid`) REFERENCES `vtiger_crmentity` (`crmid`) ON DELETE CASCADE;

--
-- Constraints for table `vtiger_contpotentialrel`
--
ALTER TABLE `vtiger_contpotentialrel`
  ADD CONSTRAINT `vtiger_contpotentialrel_ibfk_1` FOREIGN KEY (`contactid`) REFERENCES `vtiger_contactdetails` (`contactid`) ON DELETE CASCADE,
  ADD CONSTRAINT `vtiger_contpotentialrel_ibfk_2` FOREIGN KEY (`potentialid`) REFERENCES `vtiger_potential` (`potentialid`) ON DELETE CASCADE;

--
-- Constraints for table `vtiger_customaction`
--
ALTER TABLE `vtiger_customaction`
  ADD CONSTRAINT `vtiger_customaction_ibfk_1` FOREIGN KEY (`cvid`) REFERENCES `vtiger_customview` (`cvid`) ON DELETE CASCADE;

--
-- Constraints for table `vtiger_customerdetails`
--
ALTER TABLE `vtiger_customerdetails`
  ADD CONSTRAINT `vtiger_customerdetails_ibfk_1` FOREIGN KEY (`customerid`) REFERENCES `vtiger_contactdetails` (`contactid`) ON DELETE CASCADE;

--
-- Constraints for table `vtiger_customview`
--
ALTER TABLE `vtiger_customview`
  ADD CONSTRAINT `vtiger_customview_ibfk_1` FOREIGN KEY (`entitytype`) REFERENCES `vtiger_tab` (`name`) ON DELETE CASCADE;

--
-- Constraints for table `vtiger_cvadvfilter`
--
ALTER TABLE `vtiger_cvadvfilter`
  ADD CONSTRAINT `vtiger_cvadvfilter_ibfk_1` FOREIGN KEY (`cvid`) REFERENCES `vtiger_customview` (`cvid`) ON DELETE CASCADE;

--
-- Constraints for table `vtiger_cvadvfilter_grouping`
--
ALTER TABLE `vtiger_cvadvfilter_grouping`
  ADD CONSTRAINT `vtiger_cvadvfilter_grouping_ibfk_1` FOREIGN KEY (`cvid`) REFERENCES `vtiger_customview` (`cvid`) ON DELETE CASCADE;

--
-- Constraints for table `vtiger_cvcolumnlist`
--
ALTER TABLE `vtiger_cvcolumnlist`
  ADD CONSTRAINT `vtiger_cvcolumnlist_ibfk_1` FOREIGN KEY (`cvid`) REFERENCES `vtiger_customview` (`cvid`) ON DELETE CASCADE;

--
-- Constraints for table `vtiger_cvstdfilter`
--
ALTER TABLE `vtiger_cvstdfilter`
  ADD CONSTRAINT `vtiger_cvstdfilter_ibfk_1` FOREIGN KEY (`cvid`) REFERENCES `vtiger_customview` (`cvid`) ON DELETE CASCADE;

--
-- Constraints for table `vtiger_datashare_grp2grp`
--
ALTER TABLE `vtiger_datashare_grp2grp`
  ADD CONSTRAINT `vtiger_datashare_grp2grp_ibfk_1` FOREIGN KEY (`shareid`) REFERENCES `vtiger_datashare_module_rel` (`shareid`) ON DELETE CASCADE,
  ADD CONSTRAINT `vtiger_datashare_grp2grp_ibfk_2` FOREIGN KEY (`share_groupid`) REFERENCES `vtiger_groups` (`groupid`) ON DELETE CASCADE,
  ADD CONSTRAINT `vtiger_datashare_grp2grp_ibfk_3` FOREIGN KEY (`to_groupid`) REFERENCES `vtiger_groups` (`groupid`) ON DELETE CASCADE;

--
-- Constraints for table `vtiger_datashare_grp2role`
--
ALTER TABLE `vtiger_datashare_grp2role`
  ADD CONSTRAINT `vtiger_datashare_grp2role_ibfk_1` FOREIGN KEY (`shareid`) REFERENCES `vtiger_datashare_module_rel` (`shareid`) ON DELETE CASCADE,
  ADD CONSTRAINT `vtiger_datashare_grp2role_ibfk_2` FOREIGN KEY (`share_groupid`) REFERENCES `vtiger_groups` (`groupid`) ON DELETE CASCADE,
  ADD CONSTRAINT `vtiger_datashare_grp2role_ibfk_3` FOREIGN KEY (`to_roleid`) REFERENCES `vtiger_role` (`roleid`) ON DELETE CASCADE;

--
-- Constraints for table `vtiger_datashare_grp2rs`
--
ALTER TABLE `vtiger_datashare_grp2rs`
  ADD CONSTRAINT `vtiger_datashare_grp2rs_ibfk_1` FOREIGN KEY (`shareid`) REFERENCES `vtiger_datashare_module_rel` (`shareid`) ON DELETE CASCADE,
  ADD CONSTRAINT `vtiger_datashare_grp2rs_ibfk_2` FOREIGN KEY (`share_groupid`) REFERENCES `vtiger_groups` (`groupid`) ON DELETE CASCADE,
  ADD CONSTRAINT `vtiger_datashare_grp2rs_ibfk_3` FOREIGN KEY (`to_roleandsubid`) REFERENCES `vtiger_role` (`roleid`) ON DELETE CASCADE;

--
-- Constraints for table `vtiger_datashare_module_rel`
--
ALTER TABLE `vtiger_datashare_module_rel`
  ADD CONSTRAINT `vtiger_datashare_module_rel_ibfk_1` FOREIGN KEY (`tabid`) REFERENCES `vtiger_tab` (`tabid`) ON DELETE CASCADE;

--
-- Constraints for table `vtiger_datashare_relatedmodules`
--
ALTER TABLE `vtiger_datashare_relatedmodules`
  ADD CONSTRAINT `vtiger_datashare_relatedmodules_ibfk_1` FOREIGN KEY (`tabid`) REFERENCES `vtiger_tab` (`tabid`) ON DELETE CASCADE,
  ADD CONSTRAINT `vtiger_datashare_relatedmodules_ibfk_2` FOREIGN KEY (`relatedto_tabid`) REFERENCES `vtiger_tab` (`tabid`) ON DELETE CASCADE;

--
-- Constraints for table `vtiger_datashare_role2group`
--
ALTER TABLE `vtiger_datashare_role2group`
  ADD CONSTRAINT `vtiger_datashare_role2group_ibfk_1` FOREIGN KEY (`shareid`) REFERENCES `vtiger_datashare_module_rel` (`shareid`) ON DELETE CASCADE,
  ADD CONSTRAINT `vtiger_datashare_role2group_ibfk_2` FOREIGN KEY (`share_roleid`) REFERENCES `vtiger_role` (`roleid`) ON DELETE CASCADE,
  ADD CONSTRAINT `vtiger_datashare_role2group_ibfk_3` FOREIGN KEY (`to_groupid`) REFERENCES `vtiger_groups` (`groupid`) ON DELETE CASCADE;

--
-- Constraints for table `vtiger_datashare_role2role`
--
ALTER TABLE `vtiger_datashare_role2role`
  ADD CONSTRAINT `vtiger_datashare_role2role_ibfk_1` FOREIGN KEY (`shareid`) REFERENCES `vtiger_datashare_module_rel` (`shareid`) ON DELETE CASCADE,
  ADD CONSTRAINT `vtiger_datashare_role2role_ibfk_2` FOREIGN KEY (`share_roleid`) REFERENCES `vtiger_role` (`roleid`) ON DELETE CASCADE,
  ADD CONSTRAINT `vtiger_datashare_role2role_ibfk_3` FOREIGN KEY (`to_roleid`) REFERENCES `vtiger_role` (`roleid`) ON DELETE CASCADE;

--
-- Constraints for table `vtiger_datashare_role2rs`
--
ALTER TABLE `vtiger_datashare_role2rs`
  ADD CONSTRAINT `vtiger_datashare_role2rs_ibfk_1` FOREIGN KEY (`shareid`) REFERENCES `vtiger_datashare_module_rel` (`shareid`) ON DELETE CASCADE,
  ADD CONSTRAINT `vtiger_datashare_role2rs_ibfk_2` FOREIGN KEY (`share_roleid`) REFERENCES `vtiger_role` (`roleid`) ON DELETE CASCADE,
  ADD CONSTRAINT `vtiger_datashare_role2rs_ibfk_3` FOREIGN KEY (`to_roleandsubid`) REFERENCES `vtiger_role` (`roleid`) ON DELETE CASCADE;

--
-- Constraints for table `vtiger_datashare_rs2grp`
--
ALTER TABLE `vtiger_datashare_rs2grp`
  ADD CONSTRAINT `vtiger_datashare_rs2grp_ibfk_1` FOREIGN KEY (`shareid`) REFERENCES `vtiger_datashare_module_rel` (`shareid`) ON DELETE CASCADE,
  ADD CONSTRAINT `vtiger_datashare_rs2grp_ibfk_2` FOREIGN KEY (`share_roleandsubid`) REFERENCES `vtiger_role` (`roleid`) ON DELETE CASCADE,
  ADD CONSTRAINT `vtiger_datashare_rs2grp_ibfk_3` FOREIGN KEY (`to_groupid`) REFERENCES `vtiger_groups` (`groupid`) ON DELETE CASCADE;

--
-- Constraints for table `vtiger_datashare_rs2role`
--
ALTER TABLE `vtiger_datashare_rs2role`
  ADD CONSTRAINT `vtiger_datashare_rs2role_ibfk_1` FOREIGN KEY (`shareid`) REFERENCES `vtiger_datashare_module_rel` (`shareid`) ON DELETE CASCADE,
  ADD CONSTRAINT `vtiger_datashare_rs2role_ibfk_2` FOREIGN KEY (`share_roleandsubid`) REFERENCES `vtiger_role` (`roleid`) ON DELETE CASCADE,
  ADD CONSTRAINT `vtiger_datashare_rs2role_ibfk_3` FOREIGN KEY (`to_roleid`) REFERENCES `vtiger_role` (`roleid`) ON DELETE CASCADE;

--
-- Constraints for table `vtiger_datashare_rs2rs`
--
ALTER TABLE `vtiger_datashare_rs2rs`
  ADD CONSTRAINT `vtiger_datashare_rs2rs_ibfk_1` FOREIGN KEY (`shareid`) REFERENCES `vtiger_datashare_module_rel` (`shareid`) ON DELETE CASCADE,
  ADD CONSTRAINT `vtiger_datashare_rs2rs_ibfk_2` FOREIGN KEY (`share_roleandsubid`) REFERENCES `vtiger_role` (`roleid`) ON DELETE CASCADE,
  ADD CONSTRAINT `vtiger_datashare_rs2rs_ibfk_3` FOREIGN KEY (`to_roleandsubid`) REFERENCES `vtiger_role` (`roleid`) ON DELETE CASCADE;

--
-- Constraints for table `vtiger_defaultcv`
--
ALTER TABLE `vtiger_defaultcv`
  ADD CONSTRAINT `vtiger_defaultcv_ibfk_1` FOREIGN KEY (`tabid`) REFERENCES `vtiger_tab` (`tabid`) ON DELETE CASCADE;

--
-- Constraints for table `vtiger_def_org_share`
--
ALTER TABLE `vtiger_def_org_share`
  ADD CONSTRAINT `vtiger_def_org_share_ibfk_1` FOREIGN KEY (`permission`) REFERENCES `vtiger_org_share_action_mapping` (`share_action_id`) ON DELETE CASCADE;

--
-- Constraints for table `vtiger_entityname`
--
ALTER TABLE `vtiger_entityname`
  ADD CONSTRAINT `vtiger_entityname_ibfk_1` FOREIGN KEY (`tabid`) REFERENCES `vtiger_tab` (`tabid`) ON DELETE CASCADE;

--
-- Constraints for table `vtiger_faq`
--
ALTER TABLE `vtiger_faq`
  ADD CONSTRAINT `vtiger_faq_ibfk_1` FOREIGN KEY (`id`) REFERENCES `vtiger_crmentity` (`crmid`) ON DELETE CASCADE;

--
-- Constraints for table `vtiger_faqcf`
--
ALTER TABLE `vtiger_faqcf`
  ADD CONSTRAINT `vtiger_faqcf_ibfk_1` FOREIGN KEY (`faqid`) REFERENCES `vtiger_faq` (`id`) ON DELETE CASCADE;

--
-- Constraints for table `vtiger_faqcomments`
--
ALTER TABLE `vtiger_faqcomments`
  ADD CONSTRAINT `vtiger_faqcomments_ibfk_1` FOREIGN KEY (`faqid`) REFERENCES `vtiger_faq` (`id`) ON DELETE CASCADE;

--
-- Constraints for table `vtiger_field`
--
ALTER TABLE `vtiger_field`
  ADD CONSTRAINT `vtiger_field_ibfk_1` FOREIGN KEY (`tabid`) REFERENCES `vtiger_tab` (`tabid`) ON DELETE CASCADE;

--
-- Constraints for table `vtiger_group2grouprel`
--
ALTER TABLE `vtiger_group2grouprel`
  ADD CONSTRAINT `vtiger_group2grouprel_ibfk_1` FOREIGN KEY (`groupid`) REFERENCES `vtiger_groups` (`groupid`) ON DELETE CASCADE ON UPDATE CASCADE,
  ADD CONSTRAINT `vtiger_group2grouprel_ibfk_2` FOREIGN KEY (`containsgroupid`) REFERENCES `vtiger_groups` (`groupid`) ON DELETE CASCADE ON UPDATE CASCADE;

--
-- Constraints for table `vtiger_group2role`
--
ALTER TABLE `vtiger_group2role`
  ADD CONSTRAINT `vtiger_group2role_ibfk_1` FOREIGN KEY (`groupid`) REFERENCES `vtiger_groups` (`groupid`) ON DELETE CASCADE,
  ADD CONSTRAINT `vtiger_group2role_ibfk_2` FOREIGN KEY (`roleid`) REFERENCES `vtiger_role` (`roleid`) ON DELETE CASCADE;

--
-- Constraints for table `vtiger_group2rs`
--
ALTER TABLE `vtiger_group2rs`
  ADD CONSTRAINT `vtiger_group2rs_ibfk_1` FOREIGN KEY (`groupid`) REFERENCES `vtiger_groups` (`groupid`) ON DELETE CASCADE,
  ADD CONSTRAINT `vtiger_group2rs_ibfk_2` FOREIGN KEY (`roleandsubid`) REFERENCES `vtiger_role` (`roleid`) ON DELETE CASCADE;

--
-- Constraints for table `vtiger_homedashbd`
--
ALTER TABLE `vtiger_homedashbd`
  ADD CONSTRAINT `vtiger_homedashbd_ibfk_1` FOREIGN KEY (`stuffid`) REFERENCES `vtiger_homestuff` (`stuffid`) ON DELETE CASCADE;

--
-- Constraints for table `vtiger_homedefault`
--
ALTER TABLE `vtiger_homedefault`
  ADD CONSTRAINT `vtiger_homedefault_ibfk_1` FOREIGN KEY (`stuffid`) REFERENCES `vtiger_homestuff` (`stuffid`) ON DELETE CASCADE;

--
-- Constraints for table `vtiger_homemodule`
--
ALTER TABLE `vtiger_homemodule`
  ADD CONSTRAINT `vtiger_homemodule_ibfk_1` FOREIGN KEY (`stuffid`) REFERENCES `vtiger_homestuff` (`stuffid`) ON DELETE CASCADE;

--
-- Constraints for table `vtiger_homemoduleflds`
--
ALTER TABLE `vtiger_homemoduleflds`
  ADD CONSTRAINT `vtiger_homemoduleflds_ibfk_1` FOREIGN KEY (`stuffid`) REFERENCES `vtiger_homemodule` (`stuffid`) ON DELETE CASCADE;

--
-- Constraints for table `vtiger_homerss`
--
ALTER TABLE `vtiger_homerss`
  ADD CONSTRAINT `vtiger_homerss_ibfk_1` FOREIGN KEY (`stuffid`) REFERENCES `vtiger_homestuff` (`stuffid`) ON DELETE CASCADE;

--
-- Constraints for table `vtiger_homestuff`
--
ALTER TABLE `vtiger_homestuff`
  ADD CONSTRAINT `vtiger_homestuff_ibfk_1` FOREIGN KEY (`userid`) REFERENCES `vtiger_users` (`id`) ON DELETE CASCADE ON UPDATE CASCADE;

--
-- Constraints for table `vtiger_invoice`
--
ALTER TABLE `vtiger_invoice`
  ADD CONSTRAINT `vtiger_invoice_ibfk_1` FOREIGN KEY (`invoiceid`) REFERENCES `vtiger_crmentity` (`crmid`) ON DELETE CASCADE;

--
-- Constraints for table `vtiger_invoicebillads`
--
ALTER TABLE `vtiger_invoicebillads`
  ADD CONSTRAINT `vtiger_invoicebillads_ibfk_1` FOREIGN KEY (`invoicebilladdressid`) REFERENCES `vtiger_invoice` (`invoiceid`) ON DELETE CASCADE;

--
-- Constraints for table `vtiger_invoicecf`
--
ALTER TABLE `vtiger_invoicecf`
  ADD CONSTRAINT `vtiger_invoicecf_ibfk_1` FOREIGN KEY (`invoiceid`) REFERENCES `vtiger_invoice` (`invoiceid`) ON DELETE CASCADE;

--
-- Constraints for table `vtiger_invoiceshipads`
--
ALTER TABLE `vtiger_invoiceshipads`
  ADD CONSTRAINT `vtiger_invoiceshipads_ibfk_1` FOREIGN KEY (`invoiceshipaddressid`) REFERENCES `vtiger_invoice` (`invoiceid`) ON DELETE CASCADE;

--
-- Constraints for table `vtiger_invoicestatushistory`
--
ALTER TABLE `vtiger_invoicestatushistory`
  ADD CONSTRAINT `vtiger_invoicestatushistory_ibfk_1` FOREIGN KEY (`invoiceid`) REFERENCES `vtiger_invoice` (`invoiceid`) ON DELETE CASCADE;

--
-- Constraints for table `vtiger_leadaddress`
--
ALTER TABLE `vtiger_leadaddress`
  ADD CONSTRAINT `vtiger_leadaddress_ibfk_1` FOREIGN KEY (`leadaddressid`) REFERENCES `vtiger_leaddetails` (`leadid`) ON DELETE CASCADE;

--
-- Constraints for table `vtiger_leaddetails`
--
ALTER TABLE `vtiger_leaddetails`
  ADD CONSTRAINT `vtiger_leaddetails_ibfk_1` FOREIGN KEY (`leadid`) REFERENCES `vtiger_crmentity` (`crmid`) ON DELETE CASCADE;

--
-- Constraints for table `vtiger_leadscf`
--
ALTER TABLE `vtiger_leadscf`
  ADD CONSTRAINT `vtiger_leadscf_ibfk_1` FOREIGN KEY (`leadid`) REFERENCES `vtiger_leaddetails` (`leadid`) ON DELETE CASCADE;

--
-- Constraints for table `vtiger_leadsubdetails`
--
ALTER TABLE `vtiger_leadsubdetails`
  ADD CONSTRAINT `vtiger_leadsubdetails_ibfk_1` FOREIGN KEY (`leadsubscriptionid`) REFERENCES `vtiger_leaddetails` (`leadid`) ON DELETE CASCADE;

--
-- Constraints for table `vtiger_notes`
--
ALTER TABLE `vtiger_notes`
  ADD CONSTRAINT `vtiger_notes_ibfk_1` FOREIGN KEY (`notesid`) REFERENCES `vtiger_crmentity` (`crmid`) ON DELETE CASCADE;

--
-- Constraints for table `vtiger_org_share_action2tab`
--
ALTER TABLE `vtiger_org_share_action2tab`
  ADD CONSTRAINT `vtiger_org_share_action2tab_ibfk_1` FOREIGN KEY (`share_action_id`) REFERENCES `vtiger_org_share_action_mapping` (`share_action_id`) ON DELETE CASCADE,
  ADD CONSTRAINT `vtiger_org_share_action2tab_ibfk_2` FOREIGN KEY (`tabid`) REFERENCES `vtiger_tab` (`tabid`) ON DELETE CASCADE;

--
-- Constraints for table `vtiger_parenttabrel`
--
ALTER TABLE `vtiger_parenttabrel`
  ADD CONSTRAINT `vtiger_parenttabrel_ibfk_1` FOREIGN KEY (`parenttabid`) REFERENCES `vtiger_parenttab` (`parenttabid`) ON DELETE CASCADE,
  ADD CONSTRAINT `vtiger_parenttabrel_ibfk_2` FOREIGN KEY (`tabid`) REFERENCES `vtiger_tab` (`tabid`) ON DELETE CASCADE;

--
-- Constraints for table `vtiger_pobillads`
--
ALTER TABLE `vtiger_pobillads`
  ADD CONSTRAINT `vtiger_pobillads_ibfk_1` FOREIGN KEY (`pobilladdressid`) REFERENCES `vtiger_purchaseorder` (`purchaseorderid`) ON DELETE CASCADE;

--
-- Constraints for table `vtiger_portalinfo`
--
ALTER TABLE `vtiger_portalinfo`
  ADD CONSTRAINT `vtiger_portalinfo_ibfk_1` FOREIGN KEY (`id`) REFERENCES `vtiger_contactdetails` (`contactid`) ON DELETE CASCADE;

--
-- Constraints for table `vtiger_poshipads`
--
ALTER TABLE `vtiger_poshipads`
  ADD CONSTRAINT `vtiger_poshipads_ibfk_1` FOREIGN KEY (`poshipaddressid`) REFERENCES `vtiger_purchaseorder` (`purchaseorderid`) ON DELETE CASCADE;

--
-- Constraints for table `vtiger_postatushistory`
--
ALTER TABLE `vtiger_postatushistory`
  ADD CONSTRAINT `vtiger_postatushistory_ibfk_1` FOREIGN KEY (`purchaseorderid`) REFERENCES `vtiger_purchaseorder` (`purchaseorderid`) ON DELETE CASCADE;

--
-- Constraints for table `vtiger_potential`
--
ALTER TABLE `vtiger_potential`
  ADD CONSTRAINT `vtiger_potential_ibfk_1` FOREIGN KEY (`potentialid`) REFERENCES `vtiger_crmentity` (`crmid`) ON DELETE CASCADE;

--
-- Constraints for table `vtiger_potentialscf`
--
ALTER TABLE `vtiger_potentialscf`
  ADD CONSTRAINT `vtiger_potentialscf_ibfk_1` FOREIGN KEY (`potentialid`) REFERENCES `vtiger_potential` (`potentialid`) ON DELETE CASCADE;

--
-- Constraints for table `vtiger_potstagehistory`
--
ALTER TABLE `vtiger_potstagehistory`
  ADD CONSTRAINT `vtiger_potstagehistory_ibfk_1` FOREIGN KEY (`potentialid`) REFERENCES `vtiger_potential` (`potentialid`) ON DELETE CASCADE;

--
-- Constraints for table `vtiger_pricebook`
--
ALTER TABLE `vtiger_pricebook`
  ADD CONSTRAINT `vtiger_pricebook_ibfk_1` FOREIGN KEY (`pricebookid`) REFERENCES `vtiger_crmentity` (`crmid`) ON DELETE CASCADE;

--
-- Constraints for table `vtiger_pricebookcf`
--
ALTER TABLE `vtiger_pricebookcf`
  ADD CONSTRAINT `vtiger_pricebookcf_ibfk_1` FOREIGN KEY (`pricebookid`) REFERENCES `vtiger_pricebook` (`pricebookid`) ON DELETE CASCADE;

--
-- Constraints for table `vtiger_pricebookproductrel`
--
ALTER TABLE `vtiger_pricebookproductrel`
  ADD CONSTRAINT `vtiger_pricebookproductrel_ibfk_1` FOREIGN KEY (`pricebookid`) REFERENCES `vtiger_pricebook` (`pricebookid`) ON DELETE CASCADE;

--
-- Constraints for table `vtiger_productcf`
--
ALTER TABLE `vtiger_productcf`
  ADD CONSTRAINT `vtiger_productcf_ibfk_1` FOREIGN KEY (`productid`) REFERENCES `vtiger_products` (`productid`) ON DELETE CASCADE;

--
-- Constraints for table `vtiger_products`
--
ALTER TABLE `vtiger_products`
  ADD CONSTRAINT `vtiger_products_ibfk_1` FOREIGN KEY (`productid`) REFERENCES `vtiger_crmentity` (`crmid`) ON DELETE CASCADE;

--
-- Constraints for table `vtiger_profile2globalpermissions`
--
ALTER TABLE `vtiger_profile2globalpermissions`
  ADD CONSTRAINT `vtiger_profile2globalpermissions_ibfk_1` FOREIGN KEY (`profileid`) REFERENCES `vtiger_profile` (`profileid`) ON DELETE CASCADE;

--
-- Constraints for table `vtiger_purchaseorder`
--
ALTER TABLE `vtiger_purchaseorder`
  ADD CONSTRAINT `vtiger_purchaseorder_ibfk_1` FOREIGN KEY (`purchaseorderid`) REFERENCES `vtiger_crmentity` (`crmid`) ON DELETE CASCADE;

--
-- Constraints for table `vtiger_purchaseordercf`
--
ALTER TABLE `vtiger_purchaseordercf`
  ADD CONSTRAINT `vtiger_purchaseordercf_ibfk_1` FOREIGN KEY (`purchaseorderid`) REFERENCES `vtiger_purchaseorder` (`purchaseorderid`) ON DELETE CASCADE;

--
-- Constraints for table `vtiger_quotes`
--
ALTER TABLE `vtiger_quotes`
  ADD CONSTRAINT `vtiger_quotes_ibfk_1` FOREIGN KEY (`quoteid`) REFERENCES `vtiger_crmentity` (`crmid`) ON DELETE CASCADE;

--
-- Constraints for table `vtiger_quotesbillads`
--
ALTER TABLE `vtiger_quotesbillads`
  ADD CONSTRAINT `vtiger_quotesbillads_ibfk_1` FOREIGN KEY (`quotebilladdressid`) REFERENCES `vtiger_quotes` (`quoteid`) ON DELETE CASCADE;

--
-- Constraints for table `vtiger_quotescf`
--
ALTER TABLE `vtiger_quotescf`
  ADD CONSTRAINT `vtiger_quotescf_ibfk_1` FOREIGN KEY (`quoteid`) REFERENCES `vtiger_quotes` (`quoteid`) ON DELETE CASCADE;

--
-- Constraints for table `vtiger_quotesshipads`
--
ALTER TABLE `vtiger_quotesshipads`
  ADD CONSTRAINT `vtiger_quotesshipads_ibfk_1` FOREIGN KEY (`quoteshipaddressid`) REFERENCES `vtiger_quotes` (`quoteid`) ON DELETE CASCADE;

--
-- Constraints for table `vtiger_quotestagehistory`
--
ALTER TABLE `vtiger_quotestagehistory`
  ADD CONSTRAINT `vtiger_quotestagehistory_ibfk_1` FOREIGN KEY (`quoteid`) REFERENCES `vtiger_quotes` (`quoteid`) ON DELETE CASCADE;

--
-- Constraints for table `vtiger_recurringevents`
--
ALTER TABLE `vtiger_recurringevents`
  ADD CONSTRAINT `vtiger_recurringevents_ibfk_1` FOREIGN KEY (`activityid`) REFERENCES `vtiger_activity` (`activityid`) ON DELETE CASCADE;

--
-- Constraints for table `vtiger_relcriteria`
--
ALTER TABLE `vtiger_relcriteria`
  ADD CONSTRAINT `vtiger_relcriteria_ibfk_1` FOREIGN KEY (`queryid`) REFERENCES `vtiger_selectquery` (`queryid`) ON DELETE CASCADE;

--
-- Constraints for table `vtiger_report`
--
ALTER TABLE `vtiger_report`
  ADD CONSTRAINT `vtiger_report_ibfk_1` FOREIGN KEY (`folderid`) REFERENCES `vtiger_reportfolder` (`folderid`) ON DELETE CASCADE,
  ADD CONSTRAINT `vtiger_report_ibfk_2` FOREIGN KEY (`queryid`) REFERENCES `vtiger_selectquery` (`queryid`) ON DELETE CASCADE;

--
-- Constraints for table `vtiger_reportdatefilter`
--
ALTER TABLE `vtiger_reportdatefilter`
  ADD CONSTRAINT `vtiger_reportdatefilter_ibfk_1` FOREIGN KEY (`datefilterid`) REFERENCES `vtiger_report` (`reportid`) ON DELETE CASCADE;

--
-- Constraints for table `vtiger_reportgroupbycolumn`
--
ALTER TABLE `vtiger_reportgroupbycolumn`
  ADD CONSTRAINT `vtiger_reportgroupbycolumn_ibfk_1` FOREIGN KEY (`reportid`) REFERENCES `vtiger_report` (`reportid`) ON DELETE CASCADE;

--
-- Constraints for table `vtiger_reportmodules`
--
ALTER TABLE `vtiger_reportmodules`
  ADD CONSTRAINT `vtiger_reportmodules_ibfk_1` FOREIGN KEY (`reportmodulesid`) REFERENCES `vtiger_report` (`reportid`) ON DELETE CASCADE;

--
-- Constraints for table `vtiger_reportsortcol`
--
ALTER TABLE `vtiger_reportsortcol`
  ADD CONSTRAINT `vtiger_reportsortcol_ibfk_1` FOREIGN KEY (`reportid`) REFERENCES `vtiger_report` (`reportid`) ON DELETE CASCADE;

--
-- Constraints for table `vtiger_reportsummary`
--
ALTER TABLE `vtiger_reportsummary`
  ADD CONSTRAINT `vtiger_reportsummary_ibfk_1` FOREIGN KEY (`reportsummaryid`) REFERENCES `vtiger_report` (`reportid`) ON DELETE CASCADE;

--
-- Constraints for table `vtiger_reporttype`
--
ALTER TABLE `vtiger_reporttype`
  ADD CONSTRAINT `vtiger_reporttype_ibfk_1` FOREIGN KEY (`reportid`) REFERENCES `vtiger_report` (`reportid`) ON DELETE CASCADE;

--
-- Constraints for table `vtiger_role2picklist`
--
ALTER TABLE `vtiger_role2picklist`
  ADD CONSTRAINT `vtiger_role2picklist_ibfk_1` FOREIGN KEY (`roleid`) REFERENCES `vtiger_role` (`roleid`) ON DELETE CASCADE,
  ADD CONSTRAINT `vtiger_role2picklist_ibfk_2` FOREIGN KEY (`picklistid`) REFERENCES `vtiger_picklist` (`picklistid`) ON DELETE CASCADE;

--
-- Constraints for table `vtiger_salesmanactivityrel`
--
ALTER TABLE `vtiger_salesmanactivityrel`
  ADD CONSTRAINT `vtiger_salesmanactivityrel_ibfk_1` FOREIGN KEY (`smid`) REFERENCES `vtiger_users` (`id`) ON DELETE CASCADE ON UPDATE CASCADE,
  ADD CONSTRAINT `vtiger_salesmanactivityrel_ibfk_2` FOREIGN KEY (`activityid`) REFERENCES `vtiger_activity` (`activityid`) ON DELETE CASCADE;

--
-- Constraints for table `vtiger_salesmanattachmentsrel`
--
ALTER TABLE `vtiger_salesmanattachmentsrel`
  ADD CONSTRAINT `vtiger_salesmanattachmentsrel_ibfk_1` FOREIGN KEY (`smid`) REFERENCES `vtiger_users` (`id`) ON DELETE CASCADE ON UPDATE CASCADE,
  ADD CONSTRAINT `vtiger_salesmanattachmentsrel_ibfk_2` FOREIGN KEY (`attachmentsid`) REFERENCES `vtiger_attachments` (`attachmentsid`) ON DELETE CASCADE;

--
-- Constraints for table `vtiger_salesmanticketrel`
--
ALTER TABLE `vtiger_salesmanticketrel`
  ADD CONSTRAINT `vtiger_salesmanticketrel_ibfk_1` FOREIGN KEY (`smid`) REFERENCES `vtiger_users` (`id`) ON DELETE CASCADE ON UPDATE CASCADE,
  ADD CONSTRAINT `vtiger_salesmanticketrel_ibfk_2` FOREIGN KEY (`id`) REFERENCES `vtiger_troubletickets` (`ticketid`) ON DELETE CASCADE;

--
-- Constraints for table `vtiger_salesorder`
--
ALTER TABLE `vtiger_salesorder`
  ADD CONSTRAINT `vtiger_salesorder_ibfk_1` FOREIGN KEY (`salesorderid`) REFERENCES `vtiger_crmentity` (`crmid`) ON DELETE CASCADE;

--
-- Constraints for table `vtiger_salesordercf`
--
ALTER TABLE `vtiger_salesordercf`
  ADD CONSTRAINT `vtiger_salesordercf_ibfk_1` FOREIGN KEY (`salesorderid`) REFERENCES `vtiger_salesorder` (`salesorderid`) ON DELETE CASCADE;

--
-- Constraints for table `vtiger_seactivityrel`
--
ALTER TABLE `vtiger_seactivityrel`
  ADD CONSTRAINT `vtiger_seactivityrel_ibfk_1` FOREIGN KEY (`crmid`) REFERENCES `vtiger_crmentity` (`crmid`) ON DELETE CASCADE,
  ADD CONSTRAINT `vtiger_seactivityrel_ibfk_2` FOREIGN KEY (`activityid`) REFERENCES `vtiger_activity` (`activityid`) ON DELETE CASCADE;

--
-- Constraints for table `vtiger_seattachmentsrel`
--
ALTER TABLE `vtiger_seattachmentsrel`
  ADD CONSTRAINT `vtiger_seattachmentsrel_ibfk_1` FOREIGN KEY (`crmid`) REFERENCES `vtiger_crmentity` (`crmid`) ON DELETE CASCADE,
  ADD CONSTRAINT `vtiger_seattachmentsrel_ibfk_2` FOREIGN KEY (`attachmentsid`) REFERENCES `vtiger_attachments` (`attachmentsid`) ON DELETE CASCADE;

--
-- Constraints for table `vtiger_selectcolumn`
--
ALTER TABLE `vtiger_selectcolumn`
  ADD CONSTRAINT `vtiger_selectcolumn_ibfk_1` FOREIGN KEY (`queryid`) REFERENCES `vtiger_selectquery` (`queryid`) ON DELETE CASCADE;

--
-- Constraints for table `vtiger_senotesrel`
--
ALTER TABLE `vtiger_senotesrel`
  ADD CONSTRAINT `fk1_crmid` FOREIGN KEY (`crmid`) REFERENCES `vtiger_crmentity` (`crmid`) ON DELETE CASCADE,
  ADD CONSTRAINT `vtiger_senotesrel_ibfk_2` FOREIGN KEY (`notesid`) REFERENCES `vtiger_notes` (`notesid`) ON DELETE CASCADE;
  
--
-- Constraints for table `vtiger_seproductsrel`
--
ALTER TABLE `vtiger_seproductsrel`
  ADD CONSTRAINT `vtiger_seproductsrel_ibfk_1` FOREIGN KEY (`crmid`) REFERENCES `vtiger_crmentity` (`crmid`) ON DELETE CASCADE,
  ADD CONSTRAINT `vtiger_seproductsrel_ibfk_2` FOREIGN KEY (`productid`) REFERENCES `vtiger_products` (`productid`) ON DELETE CASCADE;

--
-- Constraints for table `vtiger_seticketsrel`
--
ALTER TABLE `vtiger_seticketsrel`
  ADD CONSTRAINT `vtiger_seticketsrel_ibfk_1` FOREIGN KEY (`crmid`) REFERENCES `vtiger_crmentity` (`crmid`) ON DELETE CASCADE,
  ADD CONSTRAINT `vtiger_seticketsrel_ibfk_2` FOREIGN KEY (`ticketid`) REFERENCES `vtiger_troubletickets` (`ticketid`) ON DELETE CASCADE;

--
-- Constraints for table `vtiger_settings_field`
--
ALTER TABLE `vtiger_settings_field`
  ADD CONSTRAINT `vtiger_settings_field_ibfk_1` FOREIGN KEY (`blockid`) REFERENCES `vtiger_settings_blocks` (`blockid`) ON DELETE CASCADE;

--
-- Constraints for table `vtiger_sobillads`
--
ALTER TABLE `vtiger_sobillads`
  ADD CONSTRAINT `vtiger_sobillads_ibfk_1` FOREIGN KEY (`sobilladdressid`) REFERENCES `vtiger_salesorder` (`salesorderid`) ON DELETE CASCADE;

--
-- Constraints for table `vtiger_soshipads`
--
ALTER TABLE `vtiger_soshipads`
  ADD CONSTRAINT `vtiger_soshipads_ibfk_1` FOREIGN KEY (`soshipaddressid`) REFERENCES `vtiger_salesorder` (`salesorderid`) ON DELETE CASCADE;

--
-- Constraints for table `vtiger_sostatushistory`
--
ALTER TABLE `vtiger_sostatushistory`
  ADD CONSTRAINT `vtiger_sostatushistory_ibfk_1` FOREIGN KEY (`salesorderid`) REFERENCES `vtiger_salesorder` (`salesorderid`) ON DELETE CASCADE;

--
-- Constraints for table `vtiger_tab_info`
--
ALTER TABLE `vtiger_tab_info`
  ADD CONSTRAINT `vtiger_tab_info_ibfk_1` FOREIGN KEY (`tabid`) REFERENCES `vtiger_tab` (`tabid`) ON DELETE CASCADE ON UPDATE CASCADE;

--
-- Constraints for table `vtiger_ticketcf`
--
ALTER TABLE `vtiger_ticketcf`
  ADD CONSTRAINT `vtiger_ticketcf_ibfk_1` FOREIGN KEY (`ticketid`) REFERENCES `vtiger_troubletickets` (`ticketid`) ON DELETE CASCADE;

--
-- Constraints for table `vtiger_ticketcomments`
--
ALTER TABLE `vtiger_ticketcomments`
  ADD CONSTRAINT `vtiger_ticketcomments_ibfk_1` FOREIGN KEY (`ticketid`) REFERENCES `vtiger_troubletickets` (`ticketid`) ON DELETE CASCADE;

--
-- Constraints for table `vtiger_tmp_read_group_rel_sharing_per`
--
ALTER TABLE `vtiger_tmp_read_group_rel_sharing_per`
  ADD CONSTRAINT `vtiger_tmp_read_group_rel_sharing_per_ibfk_1` FOREIGN KEY (`userid`) REFERENCES `vtiger_users` (`id`) ON DELETE CASCADE ON UPDATE CASCADE,
  ADD CONSTRAINT `vtiger_tmp_read_group_rel_sharing_per_ibfk_2` FOREIGN KEY (`tabid`) REFERENCES `vtiger_tab` (`tabid`) ON DELETE CASCADE,
  ADD CONSTRAINT `vtiger_tmp_read_group_rel_sharing_per_ibfk_3` FOREIGN KEY (`relatedtabid`) REFERENCES `vtiger_tab` (`tabid`) ON DELETE CASCADE,
  ADD CONSTRAINT `vtiger_tmp_read_group_rel_sharing_per_ibfk_4` FOREIGN KEY (`sharedgroupid`) REFERENCES `vtiger_groups` (`groupid`) ON DELETE CASCADE;

--
-- Constraints for table `vtiger_tmp_read_group_sharing_per`
--
ALTER TABLE `vtiger_tmp_read_group_sharing_per`
  ADD CONSTRAINT `vtiger_tmp_read_group_sharing_per_ibfk_1` FOREIGN KEY (`userid`) REFERENCES `vtiger_users` (`id`) ON DELETE CASCADE ON UPDATE CASCADE,
  ADD CONSTRAINT `vtiger_tmp_read_group_sharing_per_ibfk_2` FOREIGN KEY (`tabid`) REFERENCES `vtiger_tab` (`tabid`) ON DELETE CASCADE,
  ADD CONSTRAINT `vtiger_tmp_read_group_sharing_per_ibfk_3` FOREIGN KEY (`sharedgroupid`) REFERENCES `vtiger_groups` (`groupid`) ON DELETE CASCADE;

--
-- Constraints for table `vtiger_tmp_read_user_rel_sharing_per`
--
ALTER TABLE `vtiger_tmp_read_user_rel_sharing_per`
  ADD CONSTRAINT `vtiger_tmp_read_user_rel_sharing_per_ibfk_1` FOREIGN KEY (`userid`) REFERENCES `vtiger_users` (`id`) ON DELETE CASCADE ON UPDATE CASCADE,
  ADD CONSTRAINT `vtiger_tmp_read_user_rel_sharing_per_ibfk_2` FOREIGN KEY (`tabid`) REFERENCES `vtiger_tab` (`tabid`) ON DELETE CASCADE,
  ADD CONSTRAINT `vtiger_tmp_read_user_rel_sharing_per_ibfk_3` FOREIGN KEY (`relatedtabid`) REFERENCES `vtiger_tab` (`tabid`) ON DELETE CASCADE,
  ADD CONSTRAINT `vtiger_tmp_read_user_rel_sharing_per_ibfk_4` FOREIGN KEY (`shareduserid`) REFERENCES `vtiger_users` (`id`) ON DELETE CASCADE ON UPDATE CASCADE;

--
-- Constraints for table `vtiger_tmp_read_user_sharing_per`
--
ALTER TABLE `vtiger_tmp_read_user_sharing_per`
  ADD CONSTRAINT `vtiger_tmp_read_user_sharing_per_ibfk_1` FOREIGN KEY (`userid`) REFERENCES `vtiger_users` (`id`) ON DELETE CASCADE ON UPDATE CASCADE,
  ADD CONSTRAINT `vtiger_tmp_read_user_sharing_per_ibfk_2` FOREIGN KEY (`tabid`) REFERENCES `vtiger_tab` (`tabid`) ON DELETE CASCADE,
  ADD CONSTRAINT `vtiger_tmp_read_user_sharing_per_ibfk_3` FOREIGN KEY (`shareduserid`) REFERENCES `vtiger_users` (`id`) ON DELETE CASCADE ON UPDATE CASCADE;

--
-- Constraints for table `vtiger_tmp_write_group_rel_sharing_per`
--
ALTER TABLE `vtiger_tmp_write_group_rel_sharing_per`
  ADD CONSTRAINT `vtiger_tmp_write_group_rel_sharing_per_ibfk_1` FOREIGN KEY (`userid`) REFERENCES `vtiger_users` (`id`) ON DELETE CASCADE ON UPDATE CASCADE,
  ADD CONSTRAINT `vtiger_tmp_write_group_rel_sharing_per_ibfk_2` FOREIGN KEY (`tabid`) REFERENCES `vtiger_tab` (`tabid`) ON DELETE CASCADE,
  ADD CONSTRAINT `vtiger_tmp_write_group_rel_sharing_per_ibfk_3` FOREIGN KEY (`relatedtabid`) REFERENCES `vtiger_tab` (`tabid`) ON DELETE CASCADE,
  ADD CONSTRAINT `vtiger_tmp_write_group_rel_sharing_per_ibfk_4` FOREIGN KEY (`sharedgroupid`) REFERENCES `vtiger_groups` (`groupid`) ON DELETE CASCADE;

--
-- Constraints for table `vtiger_tmp_write_group_sharing_per`
--
ALTER TABLE `vtiger_tmp_write_group_sharing_per`
  ADD CONSTRAINT `vtiger_tmp_write_group_sharing_per_ibfk_1` FOREIGN KEY (`userid`) REFERENCES `vtiger_users` (`id`) ON DELETE CASCADE ON UPDATE CASCADE,
  ADD CONSTRAINT `vtiger_tmp_write_group_sharing_per_ibfk_2` FOREIGN KEY (`tabid`) REFERENCES `vtiger_tab` (`tabid`) ON DELETE CASCADE,
  ADD CONSTRAINT `vtiger_tmp_write_group_sharing_per_ibfk_3` FOREIGN KEY (`sharedgroupid`) REFERENCES `vtiger_groups` (`groupid`) ON DELETE CASCADE;

--
-- Constraints for table `vtiger_tmp_write_user_rel_sharing_per`
--
ALTER TABLE `vtiger_tmp_write_user_rel_sharing_per`
  ADD CONSTRAINT `vtiger_tmp_write_user_rel_sharing_per_ibfk_1` FOREIGN KEY (`userid`) REFERENCES `vtiger_users` (`id`) ON DELETE CASCADE ON UPDATE CASCADE,
  ADD CONSTRAINT `vtiger_tmp_write_user_rel_sharing_per_ibfk_2` FOREIGN KEY (`tabid`) REFERENCES `vtiger_tab` (`tabid`) ON DELETE CASCADE,
  ADD CONSTRAINT `vtiger_tmp_write_user_rel_sharing_per_ibfk_3` FOREIGN KEY (`relatedtabid`) REFERENCES `vtiger_tab` (`tabid`) ON DELETE CASCADE,
  ADD CONSTRAINT `vtiger_tmp_write_user_rel_sharing_per_ibfk_4` FOREIGN KEY (`shareduserid`) REFERENCES `vtiger_users` (`id`) ON DELETE CASCADE ON UPDATE CASCADE;

--
-- Constraints for table `vtiger_tmp_write_user_sharing_per`
--
ALTER TABLE `vtiger_tmp_write_user_sharing_per`
  ADD CONSTRAINT `vtiger_tmp_write_user_sharing_per_ibfk_1` FOREIGN KEY (`userid`) REFERENCES `vtiger_users` (`id`) ON DELETE CASCADE ON UPDATE CASCADE,
  ADD CONSTRAINT `vtiger_tmp_write_user_sharing_per_ibfk_2` FOREIGN KEY (`tabid`) REFERENCES `vtiger_tab` (`tabid`) ON DELETE CASCADE,
  ADD CONSTRAINT `vtiger_tmp_write_user_sharing_per_ibfk_3` FOREIGN KEY (`shareduserid`) REFERENCES `vtiger_users` (`id`) ON DELETE CASCADE ON UPDATE CASCADE;

--
-- Constraints for table `vtiger_troubletickets`
--
ALTER TABLE `vtiger_troubletickets`
  ADD CONSTRAINT `vtiger_troubletickets_ibfk_1` FOREIGN KEY (`ticketid`) REFERENCES `vtiger_crmentity` (`crmid`) ON DELETE CASCADE;

--
-- Constraints for table `vtiger_user2role`
--
ALTER TABLE `vtiger_user2role`
  ADD CONSTRAINT `vtiger_user2role_ibfk_1` FOREIGN KEY (`userid`) REFERENCES `vtiger_users` (`id`) ON DELETE CASCADE ON UPDATE CASCADE,
  ADD CONSTRAINT `vtiger_user2role_ibfk_2` FOREIGN KEY (`roleid`) REFERENCES `vtiger_role` (`roleid`) ON DELETE CASCADE;

--
-- Constraints for table `vtiger_users2group`
--
ALTER TABLE `vtiger_users2group`
  ADD CONSTRAINT `vtiger_users2group_ibfk_1` FOREIGN KEY (`groupid`) REFERENCES `vtiger_groups` (`groupid`) ON DELETE CASCADE ON UPDATE CASCADE,
  ADD CONSTRAINT `vtiger_users2group_ibfk_2` FOREIGN KEY (`userid`) REFERENCES `vtiger_users` (`id`) ON DELETE CASCADE ON UPDATE CASCADE;

--
-- Constraints for table `vtiger_user_module_preferences`
--
ALTER TABLE `vtiger_user_module_preferences`
  ADD CONSTRAINT `vtiger_user_module_preferences_ibfk_1` FOREIGN KEY (`userid`) REFERENCES `vtiger_users` (`id`) ON DELETE CASCADE ON UPDATE CASCADE,
  ADD CONSTRAINT `vtiger_user_module_preferences_ibfk_2` FOREIGN KEY (`tabid`) REFERENCES `vtiger_tab` (`tabid`) ON DELETE CASCADE ON UPDATE CASCADE;

--
-- Constraints for table `vtiger_vendor`
--
ALTER TABLE `vtiger_vendor`
  ADD CONSTRAINT `vtiger_vendor_ibfk_1` FOREIGN KEY (`vendorid`) REFERENCES `vtiger_crmentity` (`crmid`) ON DELETE CASCADE;

--
-- Constraints for table `vtiger_vendorcf`
--
ALTER TABLE `vtiger_vendorcf`
  ADD CONSTRAINT `vtiger_vendorcf_ibfk_1` FOREIGN KEY (`vendorid`) REFERENCES `vtiger_vendor` (`vendorid`) ON DELETE CASCADE;

--
-- Constraints for table `vtiger_vendorcontactrel`
--
ALTER TABLE `vtiger_vendorcontactrel`
  ADD CONSTRAINT `vtiger_vendorcontactrel_ibfk_1` FOREIGN KEY (`vendorid`) REFERENCES `vtiger_vendor` (`vendorid`) ON DELETE CASCADE,
  ADD CONSTRAINT `vtiger_vendorcontactrel_ibfk_2` FOREIGN KEY (`contactid`) REFERENCES `vtiger_contactdetails` (`contactid`) ON DELETE CASCADE;

--
-- Constraints for table `vtiger_ws_entity_referencetype`
--
ALTER TABLE `vtiger_ws_entity_referencetype`
  ADD CONSTRAINT `vtiger_ws_entity_referencetype_ibfk_1` FOREIGN KEY (`fieldtypeid`) REFERENCES `vtiger_ws_entity_fieldtype` (`fieldtypeid`) ON DELETE CASCADE;

--
-- Constraints for table `vtiger_ws_entity_tables`
--
ALTER TABLE `vtiger_ws_entity_tables`
  ADD CONSTRAINT `vtiger_ws_entity_tables_ibfk_1` FOREIGN KEY (`webservice_entity_id`) REFERENCES `vtiger_ws_entity` (`id`) ON DELETE CASCADE;

--
-- Constraints for table `vtiger_ws_referencetype`
--
ALTER TABLE `vtiger_ws_referencetype`
  ADD CONSTRAINT `vtiger_ws_referencetype_ibfk_1` FOREIGN KEY (`fieldtypeid`) REFERENCES `vtiger_ws_fieldtype` (`fieldtypeid`) ON DELETE CASCADE;

/*!40101 SET CHARACTER_SET_CLIENT=@OLD_CHARACTER_SET_CLIENT */;
/*!40101 SET CHARACTER_SET_RESULTS=@OLD_CHARACTER_SET_RESULTS */;
/*!40101 SET COLLATION_CONNECTION=@OLD_COLLATION_CONNECTION */;
