<?xml version='1.0'?>
<module>
<exporttime>2015-30-10 13:44:28</exporttime>
<name>CWC</name>
<label>CRM Word Connector</label>
<parent></parent>
<type>extension</type>
<version>3.0.1</version>
<dependencies>
<vtiger_version>6.0.0</vtiger_version>
<vtiger_max_version>6.*</vtiger_max_version>
</dependencies>
<license>
<inline><![CDATA[/*+**********************************************************************************
 * The content of this CRM Word Connector file is subject to the crm-now Commercial License
 * You may not use this file except in compliance with the License
 * The Original Code is from the crm - now GmbH
 * Portions created by vtiger are Copyright (C) vtiger.
 * All Rights Reserved.
 ************************************************************************************/]]></inline></license>
<tables>
</tables>
</module>
